campo_partenza,procedura,riga,campo_arrivo,id_ingresso,esito,trigger_origine,mappe_partenza_candidate,mappe_arrivo_candidate
F001_001_00,GOTO_GINZASEN,187,F001_005_00,1,field-and-entrance-resolved,1,RMAP_001_1_0,RMAP_001_5_0
F001_001_00,AC_GOTO_CENTER_HACHI,383,F001_003_00,0,field-and-entrance-resolved,8,RMAP_001_1_0,RMAP_001_3_0
F001_001_00,AC_GOTO_CENTER_YAMA,401,F001_003_00,0,field-and-entrance-resolved,9,RMAP_001_1_0,RMAP_001_3_0
F001_001_00,AC_GOTO_UNDER_TOKYU,419,F001_002_00,4,field-and-entrance-resolved,10,RMAP_001_1_0,RMAP_001_2_0
F001_001_00,AC_GOTO_UNDER_YAMA,439,F001_002_00,10,field-and-entrance-resolved,11,RMAP_001_1_0,RMAP_001_2_0
F001_001_00,AC_UNDER_CENTER,458,F001_002_00,5,field-and-entrance-resolved,12,RMAP_001_1_0,RMAP_001_2_0
F001_001_00,SUB_KFEVT_HIROBA_LMAP,1577,F153_001_00,0,field-and-entrance-resolved,"8,9",RMAP_001_1_0,RMAP_153_1_0
F001_002_00,AC_SIBUYA_HIROBA_BUTTON,46,F001_001_00,0,field-and-entrance-resolved,0,RMAP_001_2_0,RMAP_001_1_0
F001_002_00,AC_YAMANOTE_BUTTON,66,F001_001_00,1,field-and-entrance-resolved,1,RMAP_001_2_0,RMAP_001_1_0
F001_002_00,AC_SIBUTIKA_06_BUTTON,202,F001_004_00,1,field-and-entrance-resolved,5,RMAP_001_2_0,RMAP_001_4_0
F001_002_00,AC_SIBUTIKA_07_BUTTON,221,F001_004_00,2,field-and-entrance-resolved,6,RMAP_001_2_0,RMAP_001_4_0
F001_002_00,AC_SIBUTIKA_08_BUTTON,242,F001_004_00,3,field-and-entrance-resolved,7,RMAP_001_2_0,RMAP_001_4_0
F001_002_00,AC_CENTER_106_BUTTON,274,F001_003_00,3,field-and-entrance-resolved,8,RMAP_001_2_0,RMAP_001_3_0
F001_002_00,AC_GOTO_HIROBA_TOKYU,626,F001_001_00,6,field-and-entrance-resolved,21,RMAP_001_2_0,RMAP_001_1_0
F001_002_00,AC_GOTO_INOKASIRA,727,F005_001_00,0,field-and-entrance-resolved,22,RMAP_001_2_0,RMAP_005_1_0
F001_002_00,MAIN_GOTO_PLATFORM_HIKA,950,F001_002_01,1,field-and-entrance-resolved,27,RMAP_001_2_0,RMAP_001_12_0
F001_002_00,MAIN_GOTO_PLATFORM_INO,969,F001_002_01,2,field-and-entrance-resolved,28,RMAP_001_2_0,RMAP_001_12_0
F001_002_01,ACCESS_DENENTOSI_01,360,F011_006_00,2,field-and-entrance-resolved,0,RMAP_001_12_0,RMAP_011_6_0
F001_002_01,ACCESS_DENENTOSI_02,389,F011_006_00,2,field-and-entrance-resolved,1,RMAP_001_12_0,RMAP_011_6_0
F001_002_01,ACCESS_DENENTOSI_01_CALL,502,F011_006_00,2,field-and-entrance-resolved,2,RMAP_001_12_0,RMAP_011_6_0
F001_002_01,ACCESS_DENENTOSI_02_CALL,579,F011_006_00,2,field-and-entrance-resolved,3,RMAP_001_12_0,RMAP_011_6_0
F001_002_01,MAIN_GOTO_STATION_HIKA,602,F001_002_00,24,field-and-entrance-resolved,4,RMAP_001_12_0,RMAP_001_2_0
F001_002_01,MAIN_GOTO_STATION_INO,625,F001_002_00,25,field-and-entrance-resolved,5,RMAP_001_12_0,RMAP_001_2_0
F001_002_01,MAIN_TrainDoor_East02,653,F011_006_00,2,field-and-entrance-resolved,6,RMAP_001_12_0,RMAP_011_6_0
F001_003_00,AC_GOTO_STATION,52,F001_001_00,5,field-and-entrance-resolved,0,RMAP_001_3_0,RMAP_001_1_0
F001_003_00,CHK_MILITARY,231,F010_002_00,0,field-and-entrance-resolved,2,RMAP_001_3_0,RMAP_001_3_0
F001_003_00,CHK_CONVENIENCE,850,F003_010_00,1,field-and-entrance-resolved,8,RMAP_001_3_0,
F001_003_00,CHK_GALAXY,1135,F010_019_00,0,field-and-entrance-resolved,11,RMAP_001_3_0,
F001_003_00,AC_GOTO_UNDER_CROSS,1154,F001_002_00,14,field-and-entrance-resolved,12,RMAP_001_3_0,RMAP_001_2_0
F001_003_00,CHK_GAME_CENTER,1245,F010_018_00,1,field-and-entrance-resolved,14,RMAP_001_3_0,RMAP_001_3_0
F001_003_00,CHK_VELVET_DOOR,1451,F010_003_00,0,field-and-entrance-resolved,18,RMAP_001_3_0,RMAP_001_1_0
F001_003_00,MAIN_TRAINING_GIM,1583,F010_005_00,0,field-and-entrance-resolved,21,RMAP_001_3_0,
F001_003_00,MAIN_TRAINING_GIM,1675,F001_003_00,0,field-and-entrance-resolved,21,RMAP_001_3_0,RMAP_001_3_0
F001_003_00,CHK_CallOfVelvetRoom,1912,F010_003_00,0,field-and-entrance-resolved,25,RMAP_001_3_0,RMAP_001_1_0
F001_003_00,SUB_MGK_CALL_CALENDAR,2144,F001_003_00,0,field-and-entrance-resolved,"4,5,10,29",RMAP_001_3_0,RMAP_001_3_0
F001_003_00,D_VELVET_ROOM,3723,F010_003_00,0,field-and-entrance-resolved,,RMAP_001_3_0,RMAP_001_1_0
F001_004_00,AC_SIBUTIKA_06_BUTTON,46,F001_002_00,11,field-and-entrance-resolved,0,RMAP_001_4_0,RMAP_001_2_0
F001_004_00,AC_SIBUTIKA_07_BUTTON,65,F001_002_00,12,field-and-entrance-resolved,1,RMAP_001_4_0,RMAP_001_2_0
F001_004_00,AC_SIBUTIKA_08_BUTTON,84,F001_002_00,13,field-and-entrance-resolved,2,RMAP_001_4_0,RMAP_001_2_0
F001_004_00,CHK_FLOWERSHOP,1013,F001_004_00,0,field-and-entrance-resolved,15,RMAP_001_4_0,RMAP_001_4_0
F001_004_00,SUB_MGK_CALL_CALENDAR,1423,F001_004_00,0,field-and-entrance-resolved,,RMAP_001_4_0,RMAP_001_4_0
F001_005_00,AC_GOTO_AOYAMA,353,F011_004_00,0,field-and-entrance-resolved,0,RMAP_001_5_0,RMAP_011_4_0
F001_005_00,GOTO_SIBUYA_EKIMAE,372,F001_001_00,2,field-and-entrance-resolved,1,RMAP_001_5_0,RMAP_001_1_0
F001_005_00,AC_GOTO_BASE_PASS,450,F001_006_00,10,field-and-entrance-resolved,2,RMAP_001_5_0,RMAP_001_5_0
F001_005_00,ACCESS_GINZA_AUTO,893,F011_004_00,0,field-and-entrance-resolved,8,RMAP_001_5_0,RMAP_011_4_0
F001_005_00,CHK_TRAIN_DOOR02,1243,F011_004_00,0,field-and-entrance-resolved,16,RMAP_001_5_0,RMAP_011_4_0
F001_006_00,AC_GOTO_GINZALINE_PASS,21,F001_005_00,2,field-and-entrance-resolved,0,RMAP_001_5_0,RMAP_001_5_0
F002_001_00,AC_GOTO_SCHOOL,138,F002_005_00,10,field-and-entrance-resolved,"0,4,6",RMAP_002_1_0,RMAP_002_5_0
F002_001_00,AC_GOTO_SCHOOL,184,F002_005_00,0,field-and-entrance-resolved,"0,4,6",RMAP_002_1_0,RMAP_002_5_0
F002_001_00,AC_GOTO_SCHOOL,220,F002_005_00,0,field-and-entrance-resolved,"0,4,6",RMAP_002_1_0,RMAP_002_5_0
F002_001_00,AC_GOTO_SCHOOL,256,F002_002_00,0,field-and-entrance-resolved,"0,4,6",RMAP_002_1_0,RMAP_002_0_0;RMAP_002_0_1;RMAP_002_0_2;RMAP_002_5_0
F002_001_00,AC_GOTO_AOYAMA,282,F011_004_00,1,field-and-entrance-resolved,1,RMAP_002_1_0,RMAP_011_4_0
F002_001_00,AC_GOTO_AOYAMA02,450,F011_004_00,1,field-and-entrance-resolved,5,RMAP_002_1_0,RMAP_011_4_0
F002_002_00,AC_GOTO_SCHOOL_GATE,38,F002_001_00,1,field-and-entrance-resolved,0,RMAP_002_0_0;RMAP_002_0_1;RMAP_002_0_2;RMAP_002_5_0,RMAP_002_1_0
F002_002_00,AC_GOTO_EAST_1F,68,F002_003_00,0,field-and-entrance-resolved,1,RMAP_002_0_0;RMAP_002_0_1;RMAP_002_0_2;RMAP_002_5_0,RMAP_002_0_0;RMAP_002_0_1;RMAP_002_0_2;RMAP_002_5_0
F002_002_00,AC_GOTO_COURT,90,F002_004_00,0,field-and-entrance-resolved,2,RMAP_002_0_0;RMAP_002_0_1;RMAP_002_0_2;RMAP_002_5_0,RMAP_002_0_0;RMAP_002_0_1;RMAP_002_0_2;RMAP_002_5_0
F002_002_00,AC_GOTO_2F_S_AUTO,678,F002_002_01,1,field-and-entrance-resolved,15,RMAP_002_0_0;RMAP_002_0_1;RMAP_002_0_2;RMAP_002_5_0,RMAP_002_0_0;RMAP_002_0_1;RMAP_002_0_2;RMAP_002_5_0
F002_002_00,AC_GOTO_2F_N_AUTO,699,F002_002_01,2,field-and-entrance-resolved,16,RMAP_002_0_0;RMAP_002_0_1;RMAP_002_0_2;RMAP_002_5_0,RMAP_002_0_0;RMAP_002_0_1;RMAP_002_0_2;RMAP_002_5_0
F002_002_00,SUB_KFEVT_SchoolEnt,983,F151_001_00,1,field-and-entrance-resolved,0,RMAP_002_0_0;RMAP_002_0_1;RMAP_002_0_2;RMAP_002_5_0,RMAP_151_1_0;RMAP_151_1_1
F002_002_01,AC_GOTO_EAST_2F,47,F002_003_01,0,field-and-entrance-resolved,0,RMAP_002_0_0;RMAP_002_0_1;RMAP_002_0_2;RMAP_002_5_0,RMAP_002_0_0;RMAP_002_0_1;RMAP_002_0_2;RMAP_002_5_0
F002_002_01,AC_GOTO_CLASS_SOUTH,176,F002_006_00,0,field-and-entrance-resolved,4,RMAP_002_0_0;RMAP_002_0_1;RMAP_002_0_2;RMAP_002_5_0,RMAP_002_0_0;RMAP_002_0_1;RMAP_002_0_2;RMAP_002_5_0
F002_002_01,AC_GOTO_CLASS_NORTH,199,F002_006_00,1,field-and-entrance-resolved,5,RMAP_002_0_0;RMAP_002_0_1;RMAP_002_0_2;RMAP_002_5_0,RMAP_002_0_0;RMAP_002_0_1;RMAP_002_0_2;RMAP_002_5_0
F002_002_01,AC_GOTO_1F_S_AUTO,379,F002_002_00,3,field-and-entrance-resolved,10,RMAP_002_0_0;RMAP_002_0_1;RMAP_002_0_2;RMAP_002_5_0,RMAP_002_0_0;RMAP_002_0_1;RMAP_002_0_2;RMAP_002_5_0
F002_002_01,AC_GOTO_1F_N_AUTO,399,F002_002_00,4,field-and-entrance-resolved,11,RMAP_002_0_0;RMAP_002_0_1;RMAP_002_0_2;RMAP_002_5_0,RMAP_002_0_0;RMAP_002_0_1;RMAP_002_0_2;RMAP_002_5_0
F002_002_01,AC_GOTO_3F_S_AUTO,425,F002_002_02,3,field-and-entrance-resolved,12,RMAP_002_0_0;RMAP_002_0_1;RMAP_002_0_2;RMAP_002_5_0,RMAP_002_0_0;RMAP_002_0_1;RMAP_002_0_2;RMAP_002_5_0
F002_002_01,AC_GOTO_3F_N_AUTO,445,F002_002_02,1,field-and-entrance-resolved,13,RMAP_002_0_0;RMAP_002_0_1;RMAP_002_0_2;RMAP_002_5_0,RMAP_002_0_0;RMAP_002_0_1;RMAP_002_0_2;RMAP_002_5_0
F002_002_02,AC_GOTO_EAST_3F,49,F002_003_02,0,field-and-entrance-resolved,0,RMAP_002_0_0;RMAP_002_0_1;RMAP_002_0_2;RMAP_002_5_0,RMAP_002_0_0;RMAP_002_0_1;RMAP_002_0_2;RMAP_002_5_0
F002_002_02,AC_GOTO_ROOF,84,F002_005_00,0,field-and-entrance-resolved,1,RMAP_002_0_0;RMAP_002_0_1;RMAP_002_0_2;RMAP_002_5_0,RMAP_002_5_0
F002_002_02,AC_GOTO_ROOF,96,F002_005_00,0,field-and-entrance-resolved,1,RMAP_002_0_0;RMAP_002_0_1;RMAP_002_0_2;RMAP_002_5_0,RMAP_002_5_0
F002_002_02,MAIN_CHK_LIBRARY_WEST,129,F002_008_00,1,field-and-entrance-resolved,2,RMAP_002_0_0;RMAP_002_0_1;RMAP_002_0_2;RMAP_002_5_0,RMAP_002_0_0;RMAP_002_0_1;RMAP_002_0_2;RMAP_002_5_0
F002_002_02,MAIN_CHK_IBRARY_EAST,160,F002_008_00,2,field-and-entrance-resolved,3,RMAP_002_0_0;RMAP_002_0_1;RMAP_002_0_2;RMAP_002_5_0,RMAP_002_0_0;RMAP_002_0_1;RMAP_002_0_2;RMAP_002_5_0
F002_002_02,AC_GOTO_2F_S_AUTO,361,F002_002_01,4,field-and-entrance-resolved,9,RMAP_002_0_0;RMAP_002_0_1;RMAP_002_0_2;RMAP_002_5_0,RMAP_002_0_0;RMAP_002_0_1;RMAP_002_0_2;RMAP_002_5_0
F002_002_02,AC_GOTO_2F_N_AUTO,380,F002_002_01,3,field-and-entrance-resolved,10,RMAP_002_0_0;RMAP_002_0_1;RMAP_002_0_2;RMAP_002_5_0,RMAP_002_0_0;RMAP_002_0_1;RMAP_002_0_2;RMAP_002_5_0
F002_002_02,AC_GOTO_3F_AUTO,402,F002_002_02,4,field-and-entrance-resolved,11,RMAP_002_0_0;RMAP_002_0_1;RMAP_002_0_2;RMAP_002_5_0,RMAP_002_0_0;RMAP_002_0_1;RMAP_002_0_2;RMAP_002_5_0
F002_002_02,AC_GOTO_4F_AUTO,424,F002_002_02,5,field-and-entrance-resolved,12,RMAP_002_0_0;RMAP_002_0_1;RMAP_002_0_2;RMAP_002_5_0,RMAP_002_0_0;RMAP_002_0_1;RMAP_002_0_2;RMAP_002_5_0
F002_002_02,SUB_MGK_CALL_CALENDAR,576,F002_002_02,3,field-and-entrance-resolved,,RMAP_002_0_0;RMAP_002_0_1;RMAP_002_0_2;RMAP_002_5_0,RMAP_002_0_0;RMAP_002_0_1;RMAP_002_0_2;RMAP_002_5_0
F002_003_00,AC_GOTO_WEST_1F,43,F002_001_00,1,field-and-entrance-resolved,0,RMAP_002_0_0;RMAP_002_0_1;RMAP_002_0_2;RMAP_002_5_0,RMAP_002_1_0
F002_003_00,AC_GOTO_WEST_1F,51,F002_002_00,1,field-and-entrance-resolved,0,RMAP_002_0_0;RMAP_002_0_1;RMAP_002_0_2;RMAP_002_5_0,RMAP_002_0_0;RMAP_002_0_1;RMAP_002_0_2;RMAP_002_5_0
F002_003_00,AC_GOTO_COURT,80,F002_004_00,1,field-and-entrance-resolved,1,RMAP_002_0_0;RMAP_002_0_1;RMAP_002_0_2;RMAP_002_5_0,RMAP_002_0_0;RMAP_002_0_1;RMAP_002_0_2;RMAP_002_5_0
F002_003_00,AC_GOTO_2F_S_AUTO,351,F002_003_01,1,field-and-entrance-resolved,12,RMAP_002_0_0;RMAP_002_0_1;RMAP_002_0_2;RMAP_002_5_0,RMAP_002_0_0;RMAP_002_0_1;RMAP_002_0_2;RMAP_002_5_0
F002_003_00,AC_GOTO_2F_N_AUTO,381,F002_003_01,3,field-and-entrance-resolved,13,RMAP_002_0_0;RMAP_002_0_1;RMAP_002_0_2;RMAP_002_5_0,RMAP_002_0_0;RMAP_002_0_1;RMAP_002_0_2;RMAP_002_5_0
F002_003_01,AC_GOTO_WEST_2F,40,F002_002_01,0,field-and-entrance-resolved,0,RMAP_002_0_0;RMAP_002_0_1;RMAP_002_0_2;RMAP_002_5_0,RMAP_002_0_0;RMAP_002_0_1;RMAP_002_0_2;RMAP_002_5_0
F002_003_01,AC_GOTO_1F_S_AUTO,449,F002_003_00,2,field-and-entrance-resolved,15,RMAP_002_0_0;RMAP_002_0_1;RMAP_002_0_2;RMAP_002_5_0,RMAP_002_0_0;RMAP_002_0_1;RMAP_002_0_2;RMAP_002_5_0
F002_003_01,AC_GOTO_1F_N_AUTO,469,F002_003_00,3,field-and-entrance-resolved,16,RMAP_002_0_0;RMAP_002_0_1;RMAP_002_0_2;RMAP_002_5_0,RMAP_002_0_0;RMAP_002_0_1;RMAP_002_0_2;RMAP_002_5_0
F002_003_01,AC_GOTO_3F_S_AUTO,489,F002_003_02,1,field-and-entrance-resolved,17,RMAP_002_0_0;RMAP_002_0_1;RMAP_002_0_2;RMAP_002_5_0,RMAP_002_0_0;RMAP_002_0_1;RMAP_002_0_2;RMAP_002_5_0
F002_003_01,AC_GOTO_3F_N_AUTO,509,F002_003_02,2,field-and-entrance-resolved,18,RMAP_002_0_0;RMAP_002_0_1;RMAP_002_0_2;RMAP_002_5_0,RMAP_002_0_0;RMAP_002_0_1;RMAP_002_0_2;RMAP_002_5_0
F002_003_02,AC_GOTO_WEST_3F,34,F002_002_02,0,field-and-entrance-resolved,0,RMAP_002_0_0;RMAP_002_0_1;RMAP_002_0_2;RMAP_002_5_0,RMAP_002_0_0;RMAP_002_0_1;RMAP_002_0_2;RMAP_002_5_0
F002_003_02,AC_GOTO_2F_S_AUTO,401,F002_003_01,2,field-and-entrance-resolved,14,RMAP_002_0_0;RMAP_002_0_1;RMAP_002_0_2;RMAP_002_5_0,RMAP_002_0_0;RMAP_002_0_1;RMAP_002_0_2;RMAP_002_5_0
F002_003_02,AC_GOTO_2F_N_AUTO,420,F002_003_01,4,field-and-entrance-resolved,15,RMAP_002_0_0;RMAP_002_0_1;RMAP_002_0_2;RMAP_002_5_0,RMAP_002_0_0;RMAP_002_0_1;RMAP_002_0_2;RMAP_002_5_0
F002_003_02,AC_GOTO_3F_AUTO,431,F002_003_02,3,field-and-entrance-resolved,,RMAP_002_0_0;RMAP_002_0_1;RMAP_002_0_2;RMAP_002_5_0,RMAP_002_0_0;RMAP_002_0_1;RMAP_002_0_2;RMAP_002_5_0
F002_003_02,AC_GOTO_4F_AUTO,440,F002_003_02,4,field-and-entrance-resolved,,RMAP_002_0_0;RMAP_002_0_1;RMAP_002_0_2;RMAP_002_5_0,RMAP_002_0_0;RMAP_002_0_1;RMAP_002_0_2;RMAP_002_5_0
F002_004_00,AC_GOTO_WEST_1F,31,F002_002_00,2,field-and-entrance-resolved,0,RMAP_002_0_0;RMAP_002_0_1;RMAP_002_0_2;RMAP_002_5_0,RMAP_002_0_0;RMAP_002_0_1;RMAP_002_0_2;RMAP_002_5_0
F002_004_00,AC_GOTO_EAST_1F,58,F002_003_00,1,field-and-entrance-resolved,1,RMAP_002_0_0;RMAP_002_0_1;RMAP_002_0_2;RMAP_002_5_0,RMAP_002_0_0;RMAP_002_0_1;RMAP_002_0_2;RMAP_002_5_0
F002_004_00,SUB_KFEVT_Yard_BldgA1F,309,F002_002_00,2,field-and-entrance-resolved,0,RMAP_002_0_0;RMAP_002_0_1;RMAP_002_0_2;RMAP_002_5_0,RMAP_002_0_0;RMAP_002_0_1;RMAP_002_0_2;RMAP_002_5_0
F002_004_00,SUB_KFEVT_Yard_BldgB1F,515,F002_003_00,1,field-and-entrance-resolved,1,RMAP_002_0_0;RMAP_002_0_1;RMAP_002_0_2;RMAP_002_5_0,RMAP_002_0_0;RMAP_002_0_1;RMAP_002_0_2;RMAP_002_5_0
F002_005_00,AC_GOTO_SCHOOL,38,F002_001_02,1,target-field-absent,0,RMAP_002_5_0,
F002_005_00,AC_GOTO_SCHOOL,42,F002_001_00,1,field-and-entrance-resolved,0,RMAP_002_5_0,RMAP_002_1_0
F002_005_00,AC_GOTO_SCHOOL,49,F002_002_02,2,field-and-entrance-resolved,0,RMAP_002_5_0,RMAP_002_0_0;RMAP_002_0_1;RMAP_002_0_2;RMAP_002_5_0
F002_005_00,AZITO_HIT,212,F002_005_00,10,field-and-entrance-resolved,2,RMAP_002_5_0,RMAP_002_5_0
F002_006_00,CHK_DOOR_BACK,33,F002_002_01,5,field-and-entrance-resolved,0,RMAP_002_0_0;RMAP_002_0_1;RMAP_002_0_2;RMAP_002_5_0,RMAP_002_0_0;RMAP_002_0_1;RMAP_002_0_2;RMAP_002_5_0
F002_006_00,CHK_DOOR_FRONT,56,F002_002_01,6,field-and-entrance-resolved,1,RMAP_002_0_0;RMAP_002_0_1;RMAP_002_0_2;RMAP_002_5_0,RMAP_002_0_0;RMAP_002_0_1;RMAP_002_0_2;RMAP_002_5_0
F002_008_00,MAIN_GOTO_PASSAGE_LEFT,31,F002_002_02,8,field-and-entrance-resolved,0,RMAP_002_0_0;RMAP_002_0_1;RMAP_002_0_2;RMAP_002_5_0,RMAP_002_0_0;RMAP_002_0_1;RMAP_002_0_2;RMAP_002_5_0
F002_008_00,MAIN_GOTO_PASSAGE_RIGHT,52,F002_002_02,7,field-and-entrance-resolved,1,RMAP_002_0_0;RMAP_002_0_1;RMAP_002_0_2;RMAP_002_5_0,RMAP_002_0_0;RMAP_002_0_1;RMAP_002_0_2;RMAP_002_5_0
F002_008_00,SUB_MGK_CALL_CALENDAR,623,F002_008_00,0,field-and-entrance-resolved,"3,5,6,18",RMAP_002_0_0;RMAP_002_0_1;RMAP_002_0_2;RMAP_002_5_0,RMAP_002_0_0;RMAP_002_0_1;RMAP_002_0_2;RMAP_002_5_0
F002_012_00,MAIN_DOOR_SOUTH,33,F002_002_00,5,field-and-entrance-resolved,0,RMAP_002_0_0;RMAP_002_0_1;RMAP_002_0_2;RMAP_002_5_0,RMAP_002_0_0;RMAP_002_0_1;RMAP_002_0_2;RMAP_002_5_0
F002_012_00,MAIN_DOOR_NORTH,56,F002_002_00,6,field-and-entrance-resolved,1,RMAP_002_0_0;RMAP_002_0_1;RMAP_002_0_2;RMAP_002_5_0,RMAP_002_0_0;RMAP_002_0_1;RMAP_002_0_2;RMAP_002_5_0
F003_002_00,MAIN_GOTO_EXIT,109,F009_002_00,1,field-and-entrance-resolved,0,RMAP_009_2_0,RMAP_009_2_0
F003_002_00,MAIN_GOTO_EXIT,145,F009_002_00,1,field-and-entrance-resolved,0,RMAP_009_2_0,RMAP_009_2_0
F003_002_00,MAIN_GOTO_EXIT,164,F009_002_00,1,field-and-entrance-resolved,0,RMAP_009_2_0,RMAP_009_2_0
F003_002_00,MAIN_Goto2F,200,F003_002_01,3,field-and-entrance-resolved,1,RMAP_009_2_0,RMAP_009_2_0
F003_002_00,MAIN_CAFE_Freezer,536,F003_002_00,12,field-and-entrance-resolved,2,RMAP_009_2_0,RMAP_009_2_0
F003_002_00,MAIN_CAFE_Kitchen,850,F003_002_00,12,field-and-entrance-resolved,"3,17",RMAP_009_2_0,RMAP_009_2_0
F003_002_00,MAIN_CAFE_Counter,1242,F003_002_00,12,field-and-entrance-resolved,"5,16",RMAP_009_2_0,RMAP_009_2_0
F003_002_00,MAIN_CAFE_Table,1687,F003_002_00,12,field-and-entrance-resolved,"6,7,8",RMAP_009_2_0,RMAP_009_2_0
F003_002_00,CHECK_Toilet,2182,F003_002_00,12,field-and-entrance-resolved,10,RMAP_009_2_0,RMAP_009_2_0
F003_002_00,SUB_CHK_TABLE_BACK,3316,F003_002_00,12,field-and-entrance-resolved,8,RMAP_009_2_0,RMAP_009_2_0
F003_002_00,MY_ROOM_CALL_CALENDAR,4016,F003_002_01,20,field-and-entrance-resolved,"4,13,15",RMAP_009_2_0,RMAP_009_2_0
F003_002_00,MY_ROOM_CALL_CALENDAR,4021,F003_002_01,0,field-and-entrance-resolved,"4,13,15",RMAP_009_2_0,RMAP_009_2_0
F003_002_00,MY_ROOM_CALL_CALENDAR,4028,F003_002_01,0,field-and-entrance-resolved,"4,13,15",RMAP_009_2_0,RMAP_009_2_0
F003_002_00,SUB_KFEVT_Cafe1F_Alley,4358,F009_002_00,1,field-and-entrance-resolved,0,RMAP_009_2_0,RMAP_009_2_0
F003_002_00,SUB_KFEVT_Cafe1F_Alley,4420,F009_002_00,1,field-and-entrance-resolved,0,RMAP_009_2_0,RMAP_009_2_0
F003_002_00,SUB_KFEVT_Goto1F_2F,4550,F003_002_01,3,field-and-entrance-resolved,1,RMAP_009_2_0,RMAP_009_2_0
F003_002_00,SUB_KFEVT_Goto1F_2F,4607,F003_002_01,3,field-and-entrance-resolved,1,RMAP_009_2_0,RMAP_009_2_0
F003_002_00,SUB_KFEVT_Goto1F_2F,4636,F003_002_01,3,field-and-entrance-resolved,1,RMAP_009_2_0,RMAP_009_2_0
F003_002_00,SUB_KFEVT_Goto1F_2F,4676,F003_002_01,3,field-and-entrance-resolved,1,RMAP_009_2_0,RMAP_009_2_0
F003_002_00,SUB_KFEVT_Goto1F_2F,4698,F003_002_01,3,field-and-entrance-resolved,1,RMAP_009_2_0,RMAP_009_2_0
F003_002_00,SUB_KFEVT_Goto1F_2F,4720,F003_002_01,3,field-and-entrance-resolved,1,RMAP_009_2_0,RMAP_009_2_0
F003_002_00,SUB_KFEVT_Goto1F_2F,4785,F003_002_01,3,field-and-entrance-resolved,1,RMAP_009_2_0,RMAP_009_2_0
F003_002_00,SUB_KFEVT_Goto1F_2F,4791,F003_002_01,3,field-and-entrance-resolved,1,RMAP_009_2_0,RMAP_009_2_0
F003_002_00,SUB_TALK_END,5970,F003_002_00,214,field-and-entrance-resolved,"4,13,15",RMAP_009_2_0,RMAP_009_2_0
F003_002_00,SUB_TALK_END,5980,F003_002_00,214,field-and-entrance-resolved,"4,13,15",RMAP_009_2_0,RMAP_009_2_0
F003_002_00,SUB_TALK_END,5984,F003_002_01,200,field-and-entrance-resolved,"4,13,15",RMAP_009_2_0,RMAP_009_2_0
F003_002_01,MAIN_Goto1F_auto,213,F003_002_00,11,field-and-entrance-resolved,0,RMAP_009_2_0,RMAP_009_2_0
F003_002_01,MAIN_Goto1F_auto,358,F003_002_00,11,field-and-entrance-resolved,0,RMAP_009_2_0,RMAP_009_2_0
F003_002_01,MAIN_Goto1F,405,F003_002_00,11,field-and-entrance-resolved,1,RMAP_009_2_0,RMAP_009_2_0
F003_002_01,MAIN_MY_Bed,516,F003_002_01,0,field-and-entrance-resolved,"2,14",RMAP_009_2_0,RMAP_009_2_0
F003_002_01,MAIN_MY_Desk,955,F003_002_01,0,field-and-entrance-resolved,"5,19",RMAP_009_2_0,RMAP_009_2_0
F003_002_01,MAIN_MY_Table,1325,F003_002_01,0,field-and-entrance-resolved,"6,16,21",RMAP_009_2_0,RMAP_009_2_0
F003_002_01,Main_Training_Chair,2258,F003_002_01,0,field-and-entrance-resolved,13,RMAP_009_2_0,RMAP_009_2_0
F003_002_01,EX_Goto2F_1F,2720,F003_002_00,11,field-and-entrance-resolved,"0,1",RMAP_009_2_0,RMAP_009_2_0
F003_002_01,MY_ROOM_CALL_CALENDAR,2894,F003_002_01,20,field-and-entrance-resolved,"5,19",RMAP_009_2_0,RMAP_009_2_0
F003_002_01,MY_ROOM_CALL_CALENDAR,2900,F003_002_01,0,field-and-entrance-resolved,"5,19",RMAP_009_2_0,RMAP_009_2_0
F003_002_01,MY_ROOM_CALL_CALENDAR,2908,F003_002_01,0,field-and-entrance-resolved,"5,19",RMAP_009_2_0,RMAP_009_2_0
F003_002_01,SUB_KFEVT_Goto2F_1F,3520,F003_002_00,11,field-and-entrance-resolved,"0,1",RMAP_009_2_0,RMAP_009_2_0
F003_002_01,MORNING_COMMON,6257,F003_002_01,0,field-and-entrance-resolved,,RMAP_009_2_0,RMAP_009_2_0
F003_002_01,fev_MY_ROOM_CALL_CALENDAR,6567,F003_002_01,20,field-and-entrance-resolved,,RMAP_009_2_0,RMAP_009_2_0
F003_002_01,fev_MY_ROOM_CALL_CALENDAR,6572,F003_002_01,0,field-and-entrance-resolved,,RMAP_009_2_0,RMAP_009_2_0
F003_002_01,fev_MY_ROOM_CALL_CALENDAR,6579,F003_002_01,0,field-and-entrance-resolved,,RMAP_009_2_0,RMAP_009_2_0
F005_001_00,Main_DartsAndBilliard,631,F005_002_00,0,field-and-entrance-resolved,3,RMAP_005_1_0,
F005_001_00,Main_JazzClub,846,F005_003_00,0,field-and-entrance-resolved,4,RMAP_005_1_0,
F005_001_00,CHK_VELVET_DOOR,2190,F010_003_00,0,field-and-entrance-resolved,14,RMAP_005_1_0,RMAP_001_1_0
F005_001_00,D_VELVET_ROOM,7392,F010_003_00,0,field-and-entrance-resolved,,RMAP_005_1_0,RMAP_001_1_0
F006_001_00,MAIN_BAR,73,F010_012_00,1,field-and-entrance-resolved,1,RMAP_006_1_0,RMAP_006_1_0
F006_001_00,MAIN_BAR,99,F010_012_00,1,field-and-entrance-resolved,1,RMAP_006_1_0,RMAP_006_1_0
F006_001_00,CHK_VELVET_DOOR,1329,F010_003_00,0,field-and-entrance-resolved,29,RMAP_006_1_0,RMAP_001_1_0
F006_001_00,SUB_MGK_CALL_CALENDAR,1490,F006_001_00,0,field-and-entrance-resolved,2,RMAP_006_1_0,RMAP_006_1_0
F006_001_00,SUB_KFEVT_GotoShibuyaJR,1573,F003_002_01,0,field-and-entrance-resolved,0,RMAP_006_1_0,RMAP_009_2_0
F006_001_00,D_VELVET_ROOM,3479,F010_003_00,0,field-and-entrance-resolved,,RMAP_006_1_0,RMAP_001_1_0
F007_001_00,CHK_MAIDCAFE,237,F007_001_00,0,field-and-entrance-resolved,1,RMAP_007_1_0,RMAP_007_1_0
F007_001_00,CHK_GAMECENTER,294,F010_011_00,1,field-and-entrance-resolved,2,RMAP_007_1_0,RMAP_007_1_0
F007_001_00,CHK_VELVET_DOOR,1808,F010_003_00,0,field-and-entrance-resolved,27,RMAP_007_1_0,RMAP_001_1_0
F007_001_00,D_VELVET_ROOM,2308,F010_003_00,0,field-and-entrance-resolved,,RMAP_007_1_0,RMAP_001_1_0
F008_001_00,ACCESS_METRO_TRAIN,46,F004_001_00,3,target-field-absent,0,,
F008_001_00,ACCESS_METRO_TRAIN,51,F009_001_00,5,field-and-entrance-resolved,0,,
F008_001_00,ACCESS_METRO_TRAIN,58,F004_001_00,3,target-field-absent,0,,
F008_001_00,GOTO_SCHOOL_GATE,71,F002_001_00,0,field-and-entrance-resolved,1,,RMAP_002_1_0
F008_001_00,SUB_KFEVT_School_Ginza,132,F005_002_01,3,target-field-absent,0,,
F009_001_00,MAIN_GotoShibuyaUG,42,F011_006_00,1,field-and-entrance-resolved,0,,RMAP_011_6_0
F009_001_00,MAIN_GotoRojiuraOmote,61,F009_002_00,0,field-and-entrance-resolved,1,,RMAP_009_2_0
F009_001_00,MAIN_GotoRojiuraUra,80,F009_002_00,3,field-and-entrance-resolved,2,,RMAP_009_2_0
F009_001_00,SUB_FIELD_SPOT_TUTORIAL,751,F005_001_00,0,field-and-entrance-resolved,0,,RMAP_005_1_0
F009_001_00,SUB_FIELD_SPOT_TUTORIAL,786,F005_001_00,0,field-and-entrance-resolved,0,,RMAP_005_1_0
F009_002_00,GOTO_ARCADE,66,F011_006_00,1,field-and-entrance-resolved,0,RMAP_009_2_0,RMAP_011_6_0
F009_002_00,GOTO_ARCADE,70,F011_006_00,1,field-and-entrance-resolved,0,RMAP_009_2_0,RMAP_011_6_0
F009_002_00,GOTO_RUBURAN,383,F003_002_00,10,field-and-entrance-resolved,1,RMAP_009_2_0,RMAP_009_2_0
F009_002_00,AC_GOTO_STATION_OKU,1172,F011_006_00,1,field-and-entrance-resolved,3,RMAP_009_2_0,RMAP_011_6_0
F009_002_00,AC_GOTO_STATION_OKU,1176,F011_006_00,1,field-and-entrance-resolved,3,RMAP_009_2_0,RMAP_011_6_0
F009_002_00,CHK_BATTING_CENTER,1472,F009_003_00,0,field-and-entrance-resolved,6,RMAP_009_2_0,
F009_002_00,AC_GOTO_CLINIC,2020,F010_001_00,0,field-and-entrance-resolved,12,RMAP_009_2_0,RMAP_009_2_0
F009_002_00,Sub_Go_To_AJITO,3773,F003_002_01,50,field-and-entrance-resolved,1,RMAP_009_2_0,RMAP_009_2_0
F009_002_00,Sub_Go_To_AJITO,3777,F003_002_00,51,field-and-entrance-resolved,1,RMAP_009_2_0,RMAP_009_2_0
F009_002_00,SUB_MGK_CALL_CALENDAR,3791,F009_002_00,2,field-and-entrance-resolved,"2,7,10",RMAP_009_2_0,RMAP_009_2_0
F009_002_00,SUB_KFEVT_0103_0108_CHK_METRO,5735,F001_002_01,8,field-and-entrance-resolved,"0,3",RMAP_009_2_0,RMAP_001_12_0
F009_002_00,SUB_KFEVT_0103_0108_CHK_METRO,5739,F011_006_00,1,field-and-entrance-resolved,"0,3",RMAP_009_2_0,RMAP_011_6_0
F010_001_00,AC_GOTO_YONCHA_ROJI,54,F009_002_00,4,field-and-entrance-resolved,0,RMAP_009_2_0,RMAP_009_2_0
F010_001_00,Main_LastDungeonShop,313,F190_001_00,15,field-and-entrance-resolved,2,RMAP_009_2_0,RMAP_190_1_0
F010_002_00,AC_GOTO_CENTER_ST,31,F001_003_00,102,field-and-entrance-resolved,0,RMAP_001_3_0,RMAP_001_3_0
F010_002_00,Main_LastDungeonShop,572,F190_001_00,15,field-and-entrance-resolved,3,RMAP_001_3_0,RMAP_190_1_0
F010_003_00,CHK_FOOD_DESK,367,F010_003_00,0,field-and-entrance-resolved,"0,3,6",RMAP_001_1_0,RMAP_001_1_0
F010_003_00,CHK_FOOD_DESK,430,F010_003_00,0,field-and-entrance-resolved,"0,3,6",RMAP_001_1_0,RMAP_001_1_0
F010_003_00,SUB_Velvet_FieldOut,657,,,dynamic-arguments,"0,4,6",RMAP_001_1_0,
F010_003_00,Main_CombineTuto_AutoStart,679,F010_003_00,0,field-and-entrance-resolved,5,RMAP_001_1_0,RMAP_001_1_0
F010_004_00,SUB_ConfessRoom_Start,274,F010_004_00,0,field-and-entrance-resolved,1,RMAP_010_4_0,RMAP_010_4_0
F010_011_00,AC_GOTO_STREET,28,F007_001_00,2,field-and-entrance-resolved,0,RMAP_007_1_0,RMAP_007_1_0
F010_012_00,AC_GOTO_SINJUKU,58,F006_001_00,2,field-and-entrance-resolved,0,RMAP_006_1_0,RMAP_006_1_0
F010_018_00,AC_GOTO_CENTER_ST,36,F001_003_00,4,field-and-entrance-resolved,0,RMAP_001_3_0,RMAP_001_3_0
F011_004_00,AC_GOTO_SHIBUYA,415,F001_005_00,5,field-and-entrance-resolved,0,RMAP_011_4_0,RMAP_001_5_0
F011_004_00,AC_GOTO_AOYAMA,434,F002_001_00,0,field-and-entrance-resolved,1,RMAP_011_4_0,RMAP_002_1_0
F011_004_00,MAIN_TRAIN_INTO_AUTO,563,F001_005_00,5,field-and-entrance-resolved,2,RMAP_011_4_0,RMAP_001_5_0
F011_004_00,MAIN_TRAIN_DOOR02,592,F001_005_00,5,field-and-entrance-resolved,3,RMAP_011_4_0,RMAP_001_5_0
F011_004_00,MAIN_TRAIN_DOOR03,622,F001_005_00,5,field-and-entrance-resolved,4,RMAP_011_4_0,RMAP_001_5_0
F011_004_00,MAIN_TRAIN_DOOR04,652,F001_005_00,5,field-and-entrance-resolved,5,RMAP_011_4_0,RMAP_001_5_0
F011_004_00,MAIN_TRAIN_DOOR05,719,F001_005_00,5,field-and-entrance-resolved,7,RMAP_011_4_0,RMAP_001_5_0
F011_006_00,CHK_TRAIN_DOOR_01,365,F001_002_01,8,field-and-entrance-resolved,0,RMAP_011_6_0,RMAP_001_12_0
F011_006_00,AC_GOTO_YONCHA_STAIRS,386,F009_002_00,9,field-and-entrance-resolved,1,RMAP_011_6_0,RMAP_009_2_0
F011_006_00,TRAIN_START,474,F001_002_01,8,field-and-entrance-resolved,2,RMAP_011_6_0,RMAP_001_12_0
F011_006_00,CHK_TRAIN_DOOR_02,503,F001_002_01,8,field-and-entrance-resolved,3,RMAP_011_6_0,RMAP_001_12_0
F011_006_00,CHK_TRAIN_DOOR_03,533,F001_002_01,8,field-and-entrance-resolved,4,RMAP_011_6_0,RMAP_001_12_0
F011_006_00,CHK_TRAIN_DOOR_04,563,F001_002_01,8,field-and-entrance-resolved,5,RMAP_011_6_0,RMAP_001_12_0
F011_006_00,AC_GOTO_YONCHA_ES,596,F009_002_00,9,field-and-entrance-resolved,6,RMAP_011_6_0,RMAP_009_2_0
F011_006_00,AC_GOTO_YONCHA_OKU,618,F009_002_00,9,field-and-entrance-resolved,7,RMAP_011_6_0,RMAP_009_2_0
F120_001_00,TestChangeArea_01,22,F020_001_00,1,entrance-id-missing,0,,
F120_001_00,TestChangeArea_02,31,F020_001_00,2,entrance-id-missing,1,,
F150_002_00,GOTO_150_01_00,40,F150_003_00,0,field-and-entrance-resolved,0,,RMAP_150_3_0;RMAP_150_3_1
F151_001_00,GOTO_151_02_09,193,F151_002_00,5,field-and-entrance-resolved,2,RMAP_151_1_0;RMAP_151_1_1,RMAP_151_2_0;RMAP_151_2_1;RMAP_151_2_2
F151_001_00,GOTO_151_02_09,205,F151_002_00,5,field-and-entrance-resolved,2,RMAP_151_1_0;RMAP_151_1_1,RMAP_151_2_0;RMAP_151_2_1;RMAP_151_2_2
F151_001_00,GOTO_151_02_01,222,F151_002_00,1,field-and-entrance-resolved,3,RMAP_151_1_0;RMAP_151_1_1,RMAP_151_2_0;RMAP_151_2_1;RMAP_151_2_2
F151_001_00,D_VELVET_ROOM,2966,F010_003_00,0,field-and-entrance-resolved,1,RMAP_151_1_0;RMAP_151_1_1,RMAP_001_1_0
F151_001_00,DUNGEON_EXIT_DEBUG,3320,F002_005_00,10,field-and-entrance-resolved,0,RMAP_151_1_0;RMAP_151_1_1,RMAP_002_5_0
F151_001_00,DUNGEON_EXIT_DEBUG_EX,3327,F151_001_00,2,field-and-entrance-resolved,0,RMAP_151_1_0;RMAP_151_1_1,RMAP_151_1_0;RMAP_151_1_1
F151_002_00,WINDOW_DOOR_1F,59,F151_001_00,1,field-and-entrance-resolved,0,RMAP_151_2_0;RMAP_151_2_1;RMAP_151_2_2,RMAP_151_1_0;RMAP_151_1_1
F151_002_00,WINDOW_DOOR_2F,67,F151_001_00,5,field-and-entrance-resolved,1,RMAP_151_2_0;RMAP_151_2_1;RMAP_151_2_2,RMAP_151_1_0;RMAP_151_1_1
F151_007_00,EV_UP_151_007_to_151_013,124,F151_013_00,2,field-and-entrance-resolved,0,RMAP_151_7_0,RMAP_151_13_0
F151_012_00,D01_04_e164_121_START,73,F151_012_00,5,field-and-entrance-resolved,0,RMAP_151_11_0;RMAP_151_11_1,RMAP_151_11_0;RMAP_151_11_1
F151_013_00,GOTO_151_02_06,33,F151_002_00,6,field-and-entrance-resolved,0,RMAP_151_13_0,RMAP_151_2_0;RMAP_151_2_1;RMAP_151_2_2
F151_013_00,EV_UP_GOTO_151_07_01,61,F151_007_00,1,field-and-entrance-resolved,2,RMAP_151_13_0,RMAP_151_7_0
F151_013_00,EV_DOWN_GOTO_152_05_02,139,F152_005_00,0,field-and-entrance-resolved,1,RMAP_151_13_0,RMAP_152_5_0
F151_014_00,D01_03_e161_032_START,168,F151_051_00,11,entrance-id-missing,2,RMAP_151_2_0;RMAP_151_2_1;RMAP_151_2_2,RMAP_151_1_0;RMAP_151_2_0;RMAP_151_3_0;RMAP_151_5_0;RMAP_151_7_0;RMAP_151_11_0;RMAP_152_1_0;RMAP_152_1_1
F151_016_00,GOTO_152_01_01,21,F152_001_00,1,field-and-entrance-resolved,,RMAP_151_16_0,RMAP_152_1_0;RMAP_152_1_1
F151_016_00,D01_02_e129_101_START,37,F152_001_00,1,field-and-entrance-resolved,4,RMAP_151_16_0,RMAP_152_1_0;RMAP_152_1_1
F151_051_00,D01_03_e156_001_START,160,F151_051_00,11,entrance-id-missing,,RMAP_151_1_0;RMAP_151_2_0;RMAP_151_3_0;RMAP_151_5_0;RMAP_151_7_0;RMAP_151_11_0;RMAP_152_1_0;RMAP_152_1_1,RMAP_151_1_0;RMAP_151_2_0;RMAP_151_3_0;RMAP_151_5_0;RMAP_151_7_0;RMAP_151_11_0;RMAP_152_1_0;RMAP_152_1_1
F151_051_00,GOTO_ENTRANCE_ACTION,4345,F151_001_00,2,field-and-entrance-resolved,"1,2",RMAP_151_1_0;RMAP_151_2_0;RMAP_151_3_0;RMAP_151_5_0;RMAP_151_7_0;RMAP_151_11_0;RMAP_152_1_0;RMAP_152_1_1,RMAP_151_1_0;RMAP_151_1_1
F151_051_00,GOTO_ENTRANCE_ACTION,4349,F153_001_00,2,field-and-entrance-resolved,"1,2",RMAP_151_1_0;RMAP_151_2_0;RMAP_151_3_0;RMAP_151_5_0;RMAP_151_7_0;RMAP_151_11_0;RMAP_152_1_0;RMAP_152_1_1,RMAP_153_1_0
F151_051_00,GOTO_ENTRANCE_ACTION,4353,F154_001_00,2,field-and-entrance-resolved,"1,2",RMAP_151_1_0;RMAP_151_2_0;RMAP_151_3_0;RMAP_151_5_0;RMAP_151_7_0;RMAP_151_11_0;RMAP_152_1_0;RMAP_152_1_1,RMAP_154_1_0
F151_051_00,GOTO_ENTRANCE_ACTION,4357,F155_001_00,5,field-and-entrance-resolved,"1,2",RMAP_151_1_0;RMAP_151_2_0;RMAP_151_3_0;RMAP_151_5_0;RMAP_151_7_0;RMAP_151_11_0;RMAP_152_1_0;RMAP_152_1_1,RMAP_155_1_0
F151_051_00,GOTO_ENTRANCE_ACTION,4361,F156_001_00,2,field-and-entrance-resolved,"1,2",RMAP_151_1_0;RMAP_151_2_0;RMAP_151_3_0;RMAP_151_5_0;RMAP_151_7_0;RMAP_151_11_0;RMAP_152_1_0;RMAP_152_1_1,RMAP_156_1_0
F151_051_00,GOTO_ENTRANCE_ACTION,4365,F157_001_00,2,field-and-entrance-resolved,"1,2",RMAP_151_1_0;RMAP_151_2_0;RMAP_151_3_0;RMAP_151_5_0;RMAP_151_7_0;RMAP_151_11_0;RMAP_152_1_0;RMAP_152_1_1,RMAP_157_1_0;RMAP_157_1_1
F151_051_00,GOTO_ENTRANCE_ACTION,4369,F159_001_00,2,field-and-entrance-resolved,"1,2",RMAP_151_1_0;RMAP_151_2_0;RMAP_151_3_0;RMAP_151_5_0;RMAP_151_7_0;RMAP_151_11_0;RMAP_152_1_0;RMAP_152_1_1,RMAP_159_1_0
F151_051_00,GOTO_ENTRANCE_ACTION,4373,F161_001_00,0,field-and-entrance-resolved,"1,2",RMAP_151_1_0;RMAP_151_2_0;RMAP_151_3_0;RMAP_151_5_0;RMAP_151_7_0;RMAP_151_11_0;RMAP_152_1_0;RMAP_152_1_1,RMAP_161_1_0
F151_051_00,GOTO_ENTRANCE_ACTION,4377,F162_001_00,20,field-and-entrance-resolved,"1,2",RMAP_151_1_0;RMAP_151_2_0;RMAP_151_3_0;RMAP_151_5_0;RMAP_151_7_0;RMAP_151_11_0;RMAP_152_1_0;RMAP_152_1_1,RMAP_162_1_0
F151_051_00,GOTO_M_ENTRANCE_ACTION,4394,F190_001_00,1,field-and-entrance-resolved,"1,2",RMAP_151_1_0;RMAP_151_2_0;RMAP_151_3_0;RMAP_151_5_0;RMAP_151_7_0;RMAP_151_11_0;RMAP_152_1_0;RMAP_152_1_1,RMAP_190_1_0
F151_051_00,DEBUG_GOTO_FIELD,4760,F002_005_00,10,field-and-entrance-resolved,,RMAP_151_1_0;RMAP_151_2_0;RMAP_151_3_0;RMAP_151_5_0;RMAP_151_7_0;RMAP_151_11_0;RMAP_152_1_0;RMAP_152_1_1,RMAP_002_5_0
F151_051_00,DEBUG_GOTO_FIELD,4764,F001_006_00,10,field-and-entrance-resolved,,RMAP_151_1_0;RMAP_151_2_0;RMAP_151_3_0;RMAP_151_5_0;RMAP_151_7_0;RMAP_151_11_0;RMAP_152_1_0;RMAP_152_1_1,RMAP_001_5_0
F151_051_00,DEBUG_GOTO_FIELD,4768,F001_006_00,10,field-and-entrance-resolved,,RMAP_151_1_0;RMAP_151_2_0;RMAP_151_3_0;RMAP_151_5_0;RMAP_151_7_0;RMAP_151_11_0;RMAP_152_1_0;RMAP_152_1_1,RMAP_001_5_0
F151_051_00,DEBUG_GOTO_FIELD,4772,F003_002_01,50,field-and-entrance-resolved,,RMAP_151_1_0;RMAP_151_2_0;RMAP_151_3_0;RMAP_151_5_0;RMAP_151_7_0;RMAP_151_11_0;RMAP_152_1_0;RMAP_152_1_1,RMAP_009_2_0
F151_051_00,DEBUG_GOTO_FIELD,4776,F003_002_01,50,field-and-entrance-resolved,,RMAP_151_1_0;RMAP_151_2_0;RMAP_151_3_0;RMAP_151_5_0;RMAP_151_7_0;RMAP_151_11_0;RMAP_152_1_0;RMAP_152_1_1,RMAP_009_2_0
F151_051_00,DEBUG_GOTO_FIELD,4780,F003_002_01,50,field-and-entrance-resolved,,RMAP_151_1_0;RMAP_151_2_0;RMAP_151_3_0;RMAP_151_5_0;RMAP_151_7_0;RMAP_151_11_0;RMAP_152_1_0;RMAP_152_1_1,RMAP_009_2_0
F151_051_00,DEBUG_GOTO_FIELD,4784,F003_002_00,51,field-and-entrance-resolved,,RMAP_151_1_0;RMAP_151_2_0;RMAP_151_3_0;RMAP_151_5_0;RMAP_151_7_0;RMAP_151_11_0;RMAP_152_1_0;RMAP_152_1_1,RMAP_009_2_0
F151_051_00,DEBUG_GOTO_FIELD,4788,F003_002_00,51,field-and-entrance-resolved,,RMAP_151_1_0;RMAP_151_2_0;RMAP_151_3_0;RMAP_151_5_0;RMAP_151_7_0;RMAP_151_11_0;RMAP_152_1_0;RMAP_152_1_1,RMAP_009_2_0
F151_051_00,DEBUG_GOTO_FIELD,4792,F003_002_00,51,field-and-entrance-resolved,,RMAP_151_1_0;RMAP_151_2_0;RMAP_151_3_0;RMAP_151_5_0;RMAP_151_7_0;RMAP_151_11_0;RMAP_152_1_0;RMAP_152_1_1,RMAP_009_2_0
F151_051_00,DEBUG_GOTO_FIELD,4796,F003_002_00,51,field-and-entrance-resolved,,RMAP_151_1_0;RMAP_151_2_0;RMAP_151_3_0;RMAP_151_5_0;RMAP_151_7_0;RMAP_151_11_0;RMAP_152_1_0;RMAP_152_1_1,RMAP_009_2_0
F151_051_00,D01_SAFETY_GOTO,6149,F151_001_00,2,field-and-entrance-resolved,"0,3,4",RMAP_151_1_0;RMAP_151_2_0;RMAP_151_3_0;RMAP_151_5_0;RMAP_151_7_0;RMAP_151_11_0;RMAP_152_1_0;RMAP_152_1_1,RMAP_151_1_0;RMAP_151_1_1
F151_051_00,D01_SAFETY_GOTO,6156,F152_001_00,20,field-and-entrance-resolved,"0,3,4",RMAP_151_1_0;RMAP_151_2_0;RMAP_151_3_0;RMAP_151_5_0;RMAP_151_7_0;RMAP_151_11_0;RMAP_152_1_0;RMAP_152_1_1,RMAP_152_1_0;RMAP_152_1_1
F151_051_00,D01_SAFETY_GOTO,6160,F152_051_00,21,entrance-id-missing,"0,3,4",RMAP_151_1_0;RMAP_151_2_0;RMAP_151_3_0;RMAP_151_5_0;RMAP_151_7_0;RMAP_151_11_0;RMAP_152_1_0;RMAP_152_1_1,RMAP_151_1_0;RMAP_151_2_0;RMAP_151_3_0;RMAP_151_5_0;RMAP_151_7_0;RMAP_151_11_0;RMAP_152_1_0;RMAP_152_1_1
F151_051_00,D01_SAFETY_GOTO,6169,F151_014_00,20,field-and-entrance-resolved,"0,3,4",RMAP_151_1_0;RMAP_151_2_0;RMAP_151_3_0;RMAP_151_5_0;RMAP_151_7_0;RMAP_151_11_0;RMAP_152_1_0;RMAP_152_1_1,RMAP_151_2_0;RMAP_151_2_1;RMAP_151_2_2
F151_051_00,D01_SAFETY_GOTO,6173,F151_051_00,11,entrance-id-missing,"0,3,4",RMAP_151_1_0;RMAP_151_2_0;RMAP_151_3_0;RMAP_151_5_0;RMAP_151_7_0;RMAP_151_11_0;RMAP_152_1_0;RMAP_152_1_1,RMAP_151_1_0;RMAP_151_2_0;RMAP_151_3_0;RMAP_151_5_0;RMAP_151_7_0;RMAP_151_11_0;RMAP_152_1_0;RMAP_152_1_1
F151_051_00,D01_SAFETY_GOTO,6182,F151_002_00,20,field-and-entrance-resolved,"0,3,4",RMAP_151_1_0;RMAP_151_2_0;RMAP_151_3_0;RMAP_151_5_0;RMAP_151_7_0;RMAP_151_11_0;RMAP_152_1_0;RMAP_152_1_1,RMAP_151_2_0;RMAP_151_2_1;RMAP_151_2_2
F151_051_00,D01_SAFETY_GOTO,6186,F151_051_00,12,entrance-id-missing,"0,3,4",RMAP_151_1_0;RMAP_151_2_0;RMAP_151_3_0;RMAP_151_5_0;RMAP_151_7_0;RMAP_151_11_0;RMAP_152_1_0;RMAP_152_1_1,RMAP_151_1_0;RMAP_151_2_0;RMAP_151_3_0;RMAP_151_5_0;RMAP_151_7_0;RMAP_151_11_0;RMAP_152_1_0;RMAP_152_1_1
F151_051_00,D01_SAFETY_GOTO,6195,F151_004_00,20,field-and-entrance-resolved,"0,3,4",RMAP_151_1_0;RMAP_151_2_0;RMAP_151_3_0;RMAP_151_5_0;RMAP_151_7_0;RMAP_151_11_0;RMAP_152_1_0;RMAP_152_1_1,RMAP_151_4_0;RMAP_151_4_1;RMAP_151_4_2
F151_051_00,D01_SAFETY_GOTO,6199,F151_051_00,13,entrance-id-missing,"0,3,4",RMAP_151_1_0;RMAP_151_2_0;RMAP_151_3_0;RMAP_151_5_0;RMAP_151_7_0;RMAP_151_11_0;RMAP_152_1_0;RMAP_152_1_1,RMAP_151_1_0;RMAP_151_2_0;RMAP_151_3_0;RMAP_151_5_0;RMAP_151_7_0;RMAP_151_11_0;RMAP_152_1_0;RMAP_152_1_1
F151_051_00,D01_SAFETY_GOTO,6208,F151_005_00,20,field-and-entrance-resolved,"0,3,4",RMAP_151_1_0;RMAP_151_2_0;RMAP_151_3_0;RMAP_151_5_0;RMAP_151_7_0;RMAP_151_11_0;RMAP_152_1_0;RMAP_152_1_1,RMAP_151_5_0;RMAP_151_5_1;RMAP_151_5_2
F151_051_00,D01_SAFETY_GOTO,6212,F151_051_00,14,entrance-id-missing,"0,3,4",RMAP_151_1_0;RMAP_151_2_0;RMAP_151_3_0;RMAP_151_5_0;RMAP_151_7_0;RMAP_151_11_0;RMAP_152_1_0;RMAP_152_1_1,RMAP_151_1_0;RMAP_151_2_0;RMAP_151_3_0;RMAP_151_5_0;RMAP_151_7_0;RMAP_151_11_0;RMAP_152_1_0;RMAP_152_1_1
F151_051_00,D01_SAFETY_GOTO,6221,F151_007_00,20,field-and-entrance-resolved,"0,3,4",RMAP_151_1_0;RMAP_151_2_0;RMAP_151_3_0;RMAP_151_5_0;RMAP_151_7_0;RMAP_151_11_0;RMAP_152_1_0;RMAP_152_1_1,RMAP_151_7_0
F151_051_00,D01_SAFETY_GOTO,6225,F151_051_00,31,entrance-id-missing,"0,3,4",RMAP_151_1_0;RMAP_151_2_0;RMAP_151_3_0;RMAP_151_5_0;RMAP_151_7_0;RMAP_151_11_0;RMAP_152_1_0;RMAP_152_1_1,RMAP_151_1_0;RMAP_151_2_0;RMAP_151_3_0;RMAP_151_5_0;RMAP_151_7_0;RMAP_151_11_0;RMAP_152_1_0;RMAP_152_1_1
F151_051_00,D01_SAFETY_GOTO,6234,F151_011_00,1,field-and-entrance-resolved,"0,3,4",RMAP_151_1_0;RMAP_151_2_0;RMAP_151_3_0;RMAP_151_5_0;RMAP_151_7_0;RMAP_151_11_0;RMAP_152_1_0;RMAP_152_1_1,RMAP_151_11_0;RMAP_151_11_1
F151_051_00,D01_SAFETY_GOTO,6238,,,dynamic-arguments,"0,3,4",RMAP_151_1_0;RMAP_151_2_0;RMAP_151_3_0;RMAP_151_5_0;RMAP_151_7_0;RMAP_151_11_0;RMAP_152_1_0;RMAP_152_1_1,
F151_051_00,D02_SAFETY_GOTO,6268,F153_001_00,2,field-and-entrance-resolved,,RMAP_151_1_0;RMAP_151_2_0;RMAP_151_3_0;RMAP_151_5_0;RMAP_151_7_0;RMAP_151_11_0;RMAP_152_1_0;RMAP_152_1_1,RMAP_153_1_0
F151_051_00,D02_SAFETY_GOTO,6275,F153_012_00,2,field-and-entrance-resolved,,RMAP_151_1_0;RMAP_151_2_0;RMAP_151_3_0;RMAP_151_5_0;RMAP_151_7_0;RMAP_151_11_0;RMAP_152_1_0;RMAP_152_1_1,RMAP_153_2_0;RMAP_153_2_1
F151_051_00,D02_SAFETY_GOTO,6279,F153_051_00,12,entrance-id-missing,,RMAP_151_1_0;RMAP_151_2_0;RMAP_151_3_0;RMAP_151_5_0;RMAP_151_7_0;RMAP_151_11_0;RMAP_152_1_0;RMAP_152_1_1,RMAP_153_1_0;RMAP_153_2_0;RMAP_153_3_0;RMAP_153_4_0;RMAP_153_5_0;RMAP_153_6_0;RMAP_153_6_1;RMAP_153_7_0;RMAP_153_7_1;RMAP_153_9_0;RMAP_153_9_1;RMAP_153_9_2
F151_051_00,D02_SAFETY_GOTO,6288,F153_003_00,4,field-and-entrance-resolved,,RMAP_151_1_0;RMAP_151_2_0;RMAP_151_3_0;RMAP_151_5_0;RMAP_151_7_0;RMAP_151_11_0;RMAP_152_1_0;RMAP_152_1_1,RMAP_153_3_0;RMAP_153_3_1;RMAP_153_3_2;RMAP_153_3_3
F151_051_00,D02_SAFETY_GOTO,6292,F153_051_00,13,entrance-id-missing,,RMAP_151_1_0;RMAP_151_2_0;RMAP_151_3_0;RMAP_151_5_0;RMAP_151_7_0;RMAP_151_11_0;RMAP_152_1_0;RMAP_152_1_1,RMAP_153_1_0;RMAP_153_2_0;RMAP_153_3_0;RMAP_153_4_0;RMAP_153_5_0;RMAP_153_6_0;RMAP_153_6_1;RMAP_153_7_0;RMAP_153_7_1;RMAP_153_9_0;RMAP_153_9_1;RMAP_153_9_2
F151_051_00,D02_SAFETY_GOTO,6301,F153_005_00,4,field-and-entrance-resolved,,RMAP_151_1_0;RMAP_151_2_0;RMAP_151_3_0;RMAP_151_5_0;RMAP_151_7_0;RMAP_151_11_0;RMAP_152_1_0;RMAP_152_1_1,RMAP_153_5_0
F151_051_00,D02_SAFETY_GOTO,6305,F153_051_00,15,entrance-id-missing,,RMAP_151_1_0;RMAP_151_2_0;RMAP_151_3_0;RMAP_151_5_0;RMAP_151_7_0;RMAP_151_11_0;RMAP_152_1_0;RMAP_152_1_1,RMAP_153_1_0;RMAP_153_2_0;RMAP_153_3_0;RMAP_153_4_0;RMAP_153_5_0;RMAP_153_6_0;RMAP_153_6_1;RMAP_153_7_0;RMAP_153_7_1;RMAP_153_9_0;RMAP_153_9_1;RMAP_153_9_2
F151_051_00,D02_SAFETY_GOTO,6314,F153_006_00,20,field-and-entrance-resolved,,RMAP_151_1_0;RMAP_151_2_0;RMAP_151_3_0;RMAP_151_5_0;RMAP_151_7_0;RMAP_151_11_0;RMAP_152_1_0;RMAP_152_1_1,RMAP_153_6_0;RMAP_153_6_1
F151_051_00,D02_SAFETY_GOTO,6318,,,dynamic-arguments,,RMAP_151_1_0;RMAP_151_2_0;RMAP_151_3_0;RMAP_151_5_0;RMAP_151_7_0;RMAP_151_11_0;RMAP_152_1_0;RMAP_152_1_1,
F151_051_00,D02_SAFETY_GOTO,6327,F153_007_00,20,entrance-id-missing,,RMAP_151_1_0;RMAP_151_2_0;RMAP_151_3_0;RMAP_151_5_0;RMAP_151_7_0;RMAP_151_11_0;RMAP_152_1_0;RMAP_152_1_1,RMAP_153_7_0;RMAP_153_7_1;RMAP_153_7_2
F151_051_00,D02_SAFETY_GOTO,6331,F153_051_00,17,entrance-id-missing,,RMAP_151_1_0;RMAP_151_2_0;RMAP_151_3_0;RMAP_151_5_0;RMAP_151_7_0;RMAP_151_11_0;RMAP_152_1_0;RMAP_152_1_1,RMAP_153_1_0;RMAP_153_2_0;RMAP_153_3_0;RMAP_153_4_0;RMAP_153_5_0;RMAP_153_6_0;RMAP_153_6_1;RMAP_153_7_0;RMAP_153_7_1;RMAP_153_9_0;RMAP_153_9_1;RMAP_153_9_2
F151_051_00,D02_SAFETY_GOTO,6340,F153_009_00,20,field-and-entrance-resolved,,RMAP_151_1_0;RMAP_151_2_0;RMAP_151_3_0;RMAP_151_5_0;RMAP_151_7_0;RMAP_151_11_0;RMAP_152_1_0;RMAP_152_1_1,RMAP_153_9_0;RMAP_153_9_1;RMAP_153_9_2
F151_051_00,D02_SAFETY_GOTO,6344,F153_051_00,18,entrance-id-missing,,RMAP_151_1_0;RMAP_151_2_0;RMAP_151_3_0;RMAP_151_5_0;RMAP_151_7_0;RMAP_151_11_0;RMAP_152_1_0;RMAP_152_1_1,RMAP_153_1_0;RMAP_153_2_0;RMAP_153_3_0;RMAP_153_4_0;RMAP_153_5_0;RMAP_153_6_0;RMAP_153_6_1;RMAP_153_7_0;RMAP_153_7_1;RMAP_153_9_0;RMAP_153_9_1;RMAP_153_9_2
F151_051_00,D02_SAFETY_GOTO,6353,F153_009_00,21,field-and-entrance-resolved,,RMAP_151_1_0;RMAP_151_2_0;RMAP_151_3_0;RMAP_151_5_0;RMAP_151_7_0;RMAP_151_11_0;RMAP_152_1_0;RMAP_152_1_1,RMAP_153_9_0;RMAP_153_9_1;RMAP_153_9_2
F151_051_00,D02_SAFETY_GOTO,6357,F153_051_00,19,entrance-id-missing,,RMAP_151_1_0;RMAP_151_2_0;RMAP_151_3_0;RMAP_151_5_0;RMAP_151_7_0;RMAP_151_11_0;RMAP_152_1_0;RMAP_152_1_1,RMAP_153_1_0;RMAP_153_2_0;RMAP_153_3_0;RMAP_153_4_0;RMAP_153_5_0;RMAP_153_6_0;RMAP_153_6_1;RMAP_153_7_0;RMAP_153_7_1;RMAP_153_9_0;RMAP_153_9_1;RMAP_153_9_2
F151_051_00,D03_SAFETY_GOTO,6387,F154_001_00,2,field-and-entrance-resolved,,RMAP_151_1_0;RMAP_151_2_0;RMAP_151_3_0;RMAP_151_5_0;RMAP_151_7_0;RMAP_151_11_0;RMAP_152_1_0;RMAP_152_1_1,RMAP_154_1_0
F151_051_00,D03_SAFETY_GOTO,6394,F154_002_00,10,field-and-entrance-resolved,,RMAP_151_1_0;RMAP_151_2_0;RMAP_151_3_0;RMAP_151_5_0;RMAP_151_7_0;RMAP_151_11_0;RMAP_152_1_0;RMAP_152_1_1,RMAP_154_2_0;RMAP_154_2_1
F151_051_00,D03_SAFETY_GOTO,6398,F154_051_00,11,entrance-id-missing,,RMAP_151_1_0;RMAP_151_2_0;RMAP_151_3_0;RMAP_151_5_0;RMAP_151_7_0;RMAP_151_11_0;RMAP_152_1_0;RMAP_152_1_1,RMAP_154_1_0;RMAP_154_3_0;RMAP_154_3_1;RMAP_154_3_2;RMAP_154_5_0;RMAP_154_14_0;RMAP_154_14_1
F151_051_00,D03_SAFETY_GOTO,6407,F154_002_00,11,field-and-entrance-resolved,,RMAP_151_1_0;RMAP_151_2_0;RMAP_151_3_0;RMAP_151_5_0;RMAP_151_7_0;RMAP_151_11_0;RMAP_152_1_0;RMAP_152_1_1,RMAP_154_2_0;RMAP_154_2_1
F151_051_00,D03_SAFETY_GOTO,6411,F154_051_00,12,entrance-id-missing,,RMAP_151_1_0;RMAP_151_2_0;RMAP_151_3_0;RMAP_151_5_0;RMAP_151_7_0;RMAP_151_11_0;RMAP_152_1_0;RMAP_152_1_1,RMAP_154_1_0;RMAP_154_3_0;RMAP_154_3_1;RMAP_154_3_2;RMAP_154_5_0;RMAP_154_14_0;RMAP_154_14_1
F151_051_00,D03_SAFETY_GOTO,6420,F154_003_00,10,field-and-entrance-resolved,,RMAP_151_1_0;RMAP_151_2_0;RMAP_151_3_0;RMAP_151_5_0;RMAP_151_7_0;RMAP_151_11_0;RMAP_152_1_0;RMAP_152_1_1,RMAP_154_3_0;RMAP_154_3_1;RMAP_154_3_2
F151_051_00,D03_SAFETY_GOTO,6424,F154_051_00,13,entrance-id-missing,,RMAP_151_1_0;RMAP_151_2_0;RMAP_151_3_0;RMAP_151_5_0;RMAP_151_7_0;RMAP_151_11_0;RMAP_152_1_0;RMAP_152_1_1,RMAP_154_1_0;RMAP_154_3_0;RMAP_154_3_1;RMAP_154_3_2;RMAP_154_5_0;RMAP_154_14_0;RMAP_154_14_1
F151_051_00,D03_SAFETY_GOTO,6433,F154_003_00,11,field-and-entrance-resolved,,RMAP_151_1_0;RMAP_151_2_0;RMAP_151_3_0;RMAP_151_5_0;RMAP_151_7_0;RMAP_151_11_0;RMAP_152_1_0;RMAP_152_1_1,RMAP_154_3_0;RMAP_154_3_1;RMAP_154_3_2
F151_051_00,D03_SAFETY_GOTO,6437,F154_051_00,14,entrance-id-missing,,RMAP_151_1_0;RMAP_151_2_0;RMAP_151_3_0;RMAP_151_5_0;RMAP_151_7_0;RMAP_151_11_0;RMAP_152_1_0;RMAP_152_1_1,RMAP_154_1_0;RMAP_154_3_0;RMAP_154_3_1;RMAP_154_3_2;RMAP_154_5_0;RMAP_154_14_0;RMAP_154_14_1
F151_051_00,D03_SAFETY_GOTO,6446,F154_012_00,10,target-fbn-missing,,RMAP_151_1_0;RMAP_151_2_0;RMAP_151_3_0;RMAP_151_5_0;RMAP_151_7_0;RMAP_151_11_0;RMAP_152_1_0;RMAP_152_1_1,RMAP_154_12_0;RMAP_154_12_1;RMAP_154_12_2
F151_051_00,D03_SAFETY_GOTO,6450,F154_051_00,15,entrance-id-missing,,RMAP_151_1_0;RMAP_151_2_0;RMAP_151_3_0;RMAP_151_5_0;RMAP_151_7_0;RMAP_151_11_0;RMAP_152_1_0;RMAP_152_1_1,RMAP_154_1_0;RMAP_154_3_0;RMAP_154_3_1;RMAP_154_3_2;RMAP_154_5_0;RMAP_154_14_0;RMAP_154_14_1
F151_051_00,D03_SAFETY_GOTO,6459,F154_014_00,10,field-and-entrance-resolved,,RMAP_151_1_0;RMAP_151_2_0;RMAP_151_3_0;RMAP_151_5_0;RMAP_151_7_0;RMAP_151_11_0;RMAP_152_1_0;RMAP_152_1_1,RMAP_154_14_0;RMAP_154_14_1
F151_051_00,D03_SAFETY_GOTO,6463,,,dynamic-arguments,,RMAP_151_1_0;RMAP_151_2_0;RMAP_151_3_0;RMAP_151_5_0;RMAP_151_7_0;RMAP_151_11_0;RMAP_152_1_0;RMAP_152_1_1,
F151_051_00,D03_SAFETY_GOTO,6472,F154_005_00,10,field-and-entrance-resolved,,RMAP_151_1_0;RMAP_151_2_0;RMAP_151_3_0;RMAP_151_5_0;RMAP_151_7_0;RMAP_151_11_0;RMAP_152_1_0;RMAP_152_1_1,RMAP_154_5_0;RMAP_154_5_1
F151_051_00,D03_SAFETY_GOTO,6476,F154_051_00,17,entrance-id-missing,,RMAP_151_1_0;RMAP_151_2_0;RMAP_151_3_0;RMAP_151_5_0;RMAP_151_7_0;RMAP_151_11_0;RMAP_152_1_0;RMAP_152_1_1,RMAP_154_1_0;RMAP_154_3_0;RMAP_154_3_1;RMAP_154_3_2;RMAP_154_5_0;RMAP_154_14_0;RMAP_154_14_1
F151_051_00,D04_SAFETY_GOTO,6509,F155_001_00,10,field-and-entrance-resolved,,RMAP_151_1_0;RMAP_151_2_0;RMAP_151_3_0;RMAP_151_5_0;RMAP_151_7_0;RMAP_151_11_0;RMAP_152_1_0;RMAP_152_1_1,RMAP_155_1_0
F151_051_00,D04_SAFETY_GOTO,6513,F155_001_00,5,field-and-entrance-resolved,,RMAP_151_1_0;RMAP_151_2_0;RMAP_151_3_0;RMAP_151_5_0;RMAP_151_7_0;RMAP_151_11_0;RMAP_152_1_0;RMAP_152_1_1,RMAP_155_1_0
F151_051_00,D04_SAFETY_GOTO,6522,F155_011_00,20,field-and-entrance-resolved,,RMAP_151_1_0;RMAP_151_2_0;RMAP_151_3_0;RMAP_151_5_0;RMAP_151_7_0;RMAP_151_11_0;RMAP_152_1_0;RMAP_152_1_1,RMAP_155_11_0;RMAP_155_11_1;RMAP_155_11_2;RMAP_155_11_3
F151_051_00,D04_SAFETY_GOTO,6526,F155_051_00,11,entrance-id-missing,,RMAP_151_1_0;RMAP_151_2_0;RMAP_151_3_0;RMAP_151_5_0;RMAP_151_7_0;RMAP_151_11_0;RMAP_152_1_0;RMAP_152_1_1,RMAP_155_1_0;RMAP_155_2_0;RMAP_155_2_1;RMAP_155_4_0;RMAP_155_4_1;RMAP_155_9_0;RMAP_155_9_1
F151_051_00,D04_SAFETY_GOTO,6535,F155_002_00,20,field-and-entrance-resolved,,RMAP_151_1_0;RMAP_151_2_0;RMAP_151_3_0;RMAP_151_5_0;RMAP_151_7_0;RMAP_151_11_0;RMAP_152_1_0;RMAP_152_1_1,RMAP_155_2_0;RMAP_155_2_1;RMAP_155_12_0;RMAP_155_12_1
F151_051_00,D04_SAFETY_GOTO,6539,F155_051_00,12,entrance-id-missing,,RMAP_151_1_0;RMAP_151_2_0;RMAP_151_3_0;RMAP_151_5_0;RMAP_151_7_0;RMAP_151_11_0;RMAP_152_1_0;RMAP_152_1_1,RMAP_155_1_0;RMAP_155_2_0;RMAP_155_2_1;RMAP_155_4_0;RMAP_155_4_1;RMAP_155_9_0;RMAP_155_9_1
F151_051_00,D04_SAFETY_GOTO,6548,F155_002_00,21,field-and-entrance-resolved,,RMAP_151_1_0;RMAP_151_2_0;RMAP_151_3_0;RMAP_151_5_0;RMAP_151_7_0;RMAP_151_11_0;RMAP_152_1_0;RMAP_152_1_1,RMAP_155_2_0;RMAP_155_2_1;RMAP_155_12_0;RMAP_155_12_1
F151_051_00,D04_SAFETY_GOTO,6552,F155_051_00,13,entrance-id-missing,,RMAP_151_1_0;RMAP_151_2_0;RMAP_151_3_0;RMAP_151_5_0;RMAP_151_7_0;RMAP_151_11_0;RMAP_152_1_0;RMAP_152_1_1,RMAP_155_1_0;RMAP_155_2_0;RMAP_155_2_1;RMAP_155_4_0;RMAP_155_4_1;RMAP_155_9_0;RMAP_155_9_1
F151_051_00,D04_SAFETY_GOTO,6561,F155_002_00,22,field-and-entrance-resolved,,RMAP_151_1_0;RMAP_151_2_0;RMAP_151_3_0;RMAP_151_5_0;RMAP_151_7_0;RMAP_151_11_0;RMAP_152_1_0;RMAP_152_1_1,RMAP_155_2_0;RMAP_155_2_1;RMAP_155_12_0;RMAP_155_12_1
F151_051_00,D04_SAFETY_GOTO,6565,F155_051_00,14,entrance-id-missing,,RMAP_151_1_0;RMAP_151_2_0;RMAP_151_3_0;RMAP_151_5_0;RMAP_151_7_0;RMAP_151_11_0;RMAP_152_1_0;RMAP_152_1_1,RMAP_155_1_0;RMAP_155_2_0;RMAP_155_2_1;RMAP_155_4_0;RMAP_155_4_1;RMAP_155_9_0;RMAP_155_9_1
F151_051_00,D04_SAFETY_GOTO,6574,F155_004_00,21,field-and-entrance-resolved,,RMAP_151_1_0;RMAP_151_2_0;RMAP_151_3_0;RMAP_151_5_0;RMAP_151_7_0;RMAP_151_11_0;RMAP_152_1_0;RMAP_152_1_1,RMAP_155_4_0;RMAP_155_4_1
F151_051_00,D04_SAFETY_GOTO,6578,F155_051_00,15,entrance-id-missing,,RMAP_151_1_0;RMAP_151_2_0;RMAP_151_3_0;RMAP_151_5_0;RMAP_151_7_0;RMAP_151_11_0;RMAP_152_1_0;RMAP_152_1_1,RMAP_155_1_0;RMAP_155_2_0;RMAP_155_2_1;RMAP_155_4_0;RMAP_155_4_1;RMAP_155_9_0;RMAP_155_9_1
F151_051_00,D04_SAFETY_GOTO,6587,F155_004_00,20,field-and-entrance-resolved,,RMAP_151_1_0;RMAP_151_2_0;RMAP_151_3_0;RMAP_151_5_0;RMAP_151_7_0;RMAP_151_11_0;RMAP_152_1_0;RMAP_152_1_1,RMAP_155_4_0;RMAP_155_4_1
F151_051_00,D04_SAFETY_GOTO,6591,F155_051_00,17,entrance-id-missing,,RMAP_151_1_0;RMAP_151_2_0;RMAP_151_3_0;RMAP_151_5_0;RMAP_151_7_0;RMAP_151_11_0;RMAP_152_1_0;RMAP_152_1_1,RMAP_155_1_0;RMAP_155_2_0;RMAP_155_2_1;RMAP_155_4_0;RMAP_155_4_1;RMAP_155_9_0;RMAP_155_9_1
F151_051_00,D05_SAFETY_GOTO,6621,F156_001_00,5,entrance-id-missing,,RMAP_151_1_0;RMAP_151_2_0;RMAP_151_3_0;RMAP_151_5_0;RMAP_151_7_0;RMAP_151_11_0;RMAP_152_1_0;RMAP_152_1_1,RMAP_156_1_0
F151_051_00,D05_SAFETY_GOTO,6628,F156_003_00,20,field-and-entrance-resolved,,RMAP_151_1_0;RMAP_151_2_0;RMAP_151_3_0;RMAP_151_5_0;RMAP_151_7_0;RMAP_151_11_0;RMAP_152_1_0;RMAP_152_1_1,RMAP_156_3_0;RMAP_156_3_1
F151_051_00,D05_SAFETY_GOTO,6632,F156_051_00,11,entrance-id-missing,,RMAP_151_1_0;RMAP_151_2_0;RMAP_151_3_0;RMAP_151_5_0;RMAP_151_7_0;RMAP_151_11_0;RMAP_152_1_0;RMAP_152_1_1,RMAP_156_1_0;RMAP_156_3_0;RMAP_156_3_1;RMAP_156_4_0;RMAP_156_6_0;RMAP_156_7_0;RMAP_156_7_1;RMAP_156_9_0;RMAP_156_10_0;RMAP_156_10_1;RMAP_156_12_0;RMAP_156_13_0
F151_051_00,D05_SAFETY_GOTO,6641,F156_013_00,2,field-and-entrance-resolved,,RMAP_151_1_0;RMAP_151_2_0;RMAP_151_3_0;RMAP_151_5_0;RMAP_151_7_0;RMAP_151_11_0;RMAP_152_1_0;RMAP_152_1_1,RMAP_156_13_0
F151_051_00,D05_SAFETY_GOTO,6645,F156_051_00,12,entrance-id-missing,,RMAP_151_1_0;RMAP_151_2_0;RMAP_151_3_0;RMAP_151_5_0;RMAP_151_7_0;RMAP_151_11_0;RMAP_152_1_0;RMAP_152_1_1,RMAP_156_1_0;RMAP_156_3_0;RMAP_156_3_1;RMAP_156_4_0;RMAP_156_6_0;RMAP_156_7_0;RMAP_156_7_1;RMAP_156_9_0;RMAP_156_10_0;RMAP_156_10_1;RMAP_156_12_0;RMAP_156_13_0
F151_051_00,D05_SAFETY_GOTO,6654,F156_004_00,20,field-and-entrance-resolved,,RMAP_151_1_0;RMAP_151_2_0;RMAP_151_3_0;RMAP_151_5_0;RMAP_151_7_0;RMAP_151_11_0;RMAP_152_1_0;RMAP_152_1_1,RMAP_156_4_0
F151_051_00,D05_SAFETY_GOTO,6658,F156_051_00,13,entrance-id-missing,,RMAP_151_1_0;RMAP_151_2_0;RMAP_151_3_0;RMAP_151_5_0;RMAP_151_7_0;RMAP_151_11_0;RMAP_152_1_0;RMAP_152_1_1,RMAP_156_1_0;RMAP_156_3_0;RMAP_156_3_1;RMAP_156_4_0;RMAP_156_6_0;RMAP_156_7_0;RMAP_156_7_1;RMAP_156_9_0;RMAP_156_10_0;RMAP_156_10_1;RMAP_156_12_0;RMAP_156_13_0
F151_051_00,D05_SAFETY_GOTO,6667,F156_007_00,20,field-and-entrance-resolved,,RMAP_151_1_0;RMAP_151_2_0;RMAP_151_3_0;RMAP_151_5_0;RMAP_151_7_0;RMAP_151_11_0;RMAP_152_1_0;RMAP_152_1_1,RMAP_156_7_0;RMAP_156_7_1
F151_051_00,D05_SAFETY_GOTO,6671,F156_051_00,14,entrance-id-missing,,RMAP_151_1_0;RMAP_151_2_0;RMAP_151_3_0;RMAP_151_5_0;RMAP_151_7_0;RMAP_151_11_0;RMAP_152_1_0;RMAP_152_1_1,RMAP_156_1_0;RMAP_156_3_0;RMAP_156_3_1;RMAP_156_4_0;RMAP_156_6_0;RMAP_156_7_0;RMAP_156_7_1;RMAP_156_9_0;RMAP_156_10_0;RMAP_156_10_1;RMAP_156_12_0;RMAP_156_13_0
F151_051_00,D05_SAFETY_GOTO,6680,F156_009_00,20,field-and-entrance-resolved,,RMAP_151_1_0;RMAP_151_2_0;RMAP_151_3_0;RMAP_151_5_0;RMAP_151_7_0;RMAP_151_11_0;RMAP_152_1_0;RMAP_152_1_1,RMAP_156_9_0
F151_051_00,D05_SAFETY_GOTO,6684,F156_051_00,15,entrance-id-missing,,RMAP_151_1_0;RMAP_151_2_0;RMAP_151_3_0;RMAP_151_5_0;RMAP_151_7_0;RMAP_151_11_0;RMAP_152_1_0;RMAP_152_1_1,RMAP_156_1_0;RMAP_156_3_0;RMAP_156_3_1;RMAP_156_4_0;RMAP_156_6_0;RMAP_156_7_0;RMAP_156_7_1;RMAP_156_9_0;RMAP_156_10_0;RMAP_156_10_1;RMAP_156_12_0;RMAP_156_13_0
F151_051_00,D05_SAFETY_GOTO,6693,F156_012_00,20,field-and-entrance-resolved,,RMAP_151_1_0;RMAP_151_2_0;RMAP_151_3_0;RMAP_151_5_0;RMAP_151_7_0;RMAP_151_11_0;RMAP_152_1_0;RMAP_152_1_1,RMAP_156_12_0
F151_051_00,D05_SAFETY_GOTO,6697,,,dynamic-arguments,,RMAP_151_1_0;RMAP_151_2_0;RMAP_151_3_0;RMAP_151_5_0;RMAP_151_7_0;RMAP_151_11_0;RMAP_152_1_0;RMAP_152_1_1,
F151_051_00,D05_SAFETY_GOTO,6706,F156_006_00,50,field-and-entrance-resolved,,RMAP_151_1_0;RMAP_151_2_0;RMAP_151_3_0;RMAP_151_5_0;RMAP_151_7_0;RMAP_151_11_0;RMAP_152_1_0;RMAP_152_1_1,RMAP_156_6_0
F151_051_00,D05_SAFETY_GOTO,6710,F156_051_00,17,entrance-id-missing,,RMAP_151_1_0;RMAP_151_2_0;RMAP_151_3_0;RMAP_151_5_0;RMAP_151_7_0;RMAP_151_11_0;RMAP_152_1_0;RMAP_152_1_1,RMAP_156_1_0;RMAP_156_3_0;RMAP_156_3_1;RMAP_156_4_0;RMAP_156_6_0;RMAP_156_7_0;RMAP_156_7_1;RMAP_156_9_0;RMAP_156_10_0;RMAP_156_10_1;RMAP_156_12_0;RMAP_156_13_0
F151_051_00,D05_SAFETY_GOTO,6719,F156_010_00,20,field-and-entrance-resolved,,RMAP_151_1_0;RMAP_151_2_0;RMAP_151_3_0;RMAP_151_5_0;RMAP_151_7_0;RMAP_151_11_0;RMAP_152_1_0;RMAP_152_1_1,RMAP_156_10_0;RMAP_156_10_1;RMAP_156_10_2
F151_051_00,D05_SAFETY_GOTO,6723,F156_051_00,18,entrance-id-missing,,RMAP_151_1_0;RMAP_151_2_0;RMAP_151_3_0;RMAP_151_5_0;RMAP_151_7_0;RMAP_151_11_0;RMAP_152_1_0;RMAP_152_1_1,RMAP_156_1_0;RMAP_156_3_0;RMAP_156_3_1;RMAP_156_4_0;RMAP_156_6_0;RMAP_156_7_0;RMAP_156_7_1;RMAP_156_9_0;RMAP_156_10_0;RMAP_156_10_1;RMAP_156_12_0;RMAP_156_13_0
F151_051_00,D06_SAFETY_GOTO,6753,F157_001_00,2,field-and-entrance-resolved,,RMAP_151_1_0;RMAP_151_2_0;RMAP_151_3_0;RMAP_151_5_0;RMAP_151_7_0;RMAP_151_11_0;RMAP_152_1_0;RMAP_152_1_1,RMAP_157_1_0;RMAP_157_1_1
F151_051_00,D06_SAFETY_GOTO,6760,F157_004_00,4,field-and-entrance-resolved,,RMAP_151_1_0;RMAP_151_2_0;RMAP_151_3_0;RMAP_151_5_0;RMAP_151_7_0;RMAP_151_11_0;RMAP_152_1_0;RMAP_152_1_1,RMAP_157_4_0;RMAP_157_4_1
F151_051_00,D06_SAFETY_GOTO,6764,F157_051_00,11,entrance-id-missing,,RMAP_151_1_0;RMAP_151_2_0;RMAP_151_3_0;RMAP_151_5_0;RMAP_151_7_0;RMAP_151_11_0;RMAP_152_1_0;RMAP_152_1_1,RMAP_157_1_0;RMAP_157_1_1;RMAP_157_4_0;RMAP_157_4_1;RMAP_157_5_0;RMAP_157_5_1;RMAP_157_6_0;RMAP_157_8_0;RMAP_157_8_1;RMAP_157_11_0;RMAP_157_12_0;RMAP_157_13_0;RMAP_157_15_0
F151_051_00,D06_SAFETY_GOTO,6773,F157_005_00,10,field-and-entrance-resolved,,RMAP_151_1_0;RMAP_151_2_0;RMAP_151_3_0;RMAP_151_5_0;RMAP_151_7_0;RMAP_151_11_0;RMAP_152_1_0;RMAP_152_1_1,RMAP_157_5_0
F151_051_00,D06_SAFETY_GOTO,6777,F157_052_00,12,entrance-id-missing,,RMAP_151_1_0;RMAP_151_2_0;RMAP_151_3_0;RMAP_151_5_0;RMAP_151_7_0;RMAP_151_11_0;RMAP_152_1_0;RMAP_152_1_1,RMAP_157_1_0;RMAP_157_1_1;RMAP_157_4_0;RMAP_157_4_1;RMAP_157_5_0;RMAP_157_5_1;RMAP_157_6_0;RMAP_157_8_0;RMAP_157_8_1;RMAP_157_11_0;RMAP_157_12_0;RMAP_157_13_0;RMAP_157_15_0
F151_051_00,D06_SAFETY_GOTO,6786,F157_006_00,3,field-and-entrance-resolved,,RMAP_151_1_0;RMAP_151_2_0;RMAP_151_3_0;RMAP_151_5_0;RMAP_151_7_0;RMAP_151_11_0;RMAP_152_1_0;RMAP_152_1_1,RMAP_157_6_0
F151_051_00,D06_SAFETY_GOTO,6790,F157_051_00,13,entrance-id-missing,,RMAP_151_1_0;RMAP_151_2_0;RMAP_151_3_0;RMAP_151_5_0;RMAP_151_7_0;RMAP_151_11_0;RMAP_152_1_0;RMAP_152_1_1,RMAP_157_1_0;RMAP_157_1_1;RMAP_157_4_0;RMAP_157_4_1;RMAP_157_5_0;RMAP_157_5_1;RMAP_157_6_0;RMAP_157_8_0;RMAP_157_8_1;RMAP_157_11_0;RMAP_157_12_0;RMAP_157_13_0;RMAP_157_15_0
F151_051_00,D06_SAFETY_GOTO,6799,F157_008_00,10,field-and-entrance-resolved,,RMAP_151_1_0;RMAP_151_2_0;RMAP_151_3_0;RMAP_151_5_0;RMAP_151_7_0;RMAP_151_11_0;RMAP_152_1_0;RMAP_152_1_1,RMAP_157_8_0;RMAP_157_8_1
F151_051_00,D06_SAFETY_GOTO,6803,F157_052_00,14,entrance-id-missing,,RMAP_151_1_0;RMAP_151_2_0;RMAP_151_3_0;RMAP_151_5_0;RMAP_151_7_0;RMAP_151_11_0;RMAP_152_1_0;RMAP_152_1_1,RMAP_157_1_0;RMAP_157_1_1;RMAP_157_4_0;RMAP_157_4_1;RMAP_157_5_0;RMAP_157_5_1;RMAP_157_6_0;RMAP_157_8_0;RMAP_157_8_1;RMAP_157_11_0;RMAP_157_12_0;RMAP_157_13_0;RMAP_157_15_0
F151_051_00,D06_SAFETY_GOTO,6812,F157_011_00,10,field-and-entrance-resolved,,RMAP_151_1_0;RMAP_151_2_0;RMAP_151_3_0;RMAP_151_5_0;RMAP_151_7_0;RMAP_151_11_0;RMAP_152_1_0;RMAP_152_1_1,RMAP_157_11_0;RMAP_157_11_1;RMAP_157_11_2
F151_051_00,D06_SAFETY_GOTO,6816,F157_051_00,15,entrance-id-missing,,RMAP_151_1_0;RMAP_151_2_0;RMAP_151_3_0;RMAP_151_5_0;RMAP_151_7_0;RMAP_151_11_0;RMAP_152_1_0;RMAP_152_1_1,RMAP_157_1_0;RMAP_157_1_1;RMAP_157_4_0;RMAP_157_4_1;RMAP_157_5_0;RMAP_157_5_1;RMAP_157_6_0;RMAP_157_8_0;RMAP_157_8_1;RMAP_157_11_0;RMAP_157_12_0;RMAP_157_13_0;RMAP_157_15_0
F151_051_00,D06_SAFETY_GOTO,6825,F157_012_00,10,field-and-entrance-resolved,,RMAP_151_1_0;RMAP_151_2_0;RMAP_151_3_0;RMAP_151_5_0;RMAP_151_7_0;RMAP_151_11_0;RMAP_152_1_0;RMAP_152_1_1,RMAP_157_12_0
F151_051_00,D06_SAFETY_GOTO,6829,,,dynamic-arguments,,RMAP_151_1_0;RMAP_151_2_0;RMAP_151_3_0;RMAP_151_5_0;RMAP_151_7_0;RMAP_151_11_0;RMAP_152_1_0;RMAP_152_1_1,
F151_051_00,D06_SAFETY_GOTO,6838,F157_013_00,10,field-and-entrance-resolved,,RMAP_151_1_0;RMAP_151_2_0;RMAP_151_3_0;RMAP_151_5_0;RMAP_151_7_0;RMAP_151_11_0;RMAP_152_1_0;RMAP_152_1_1,RMAP_157_13_0
F151_051_00,D06_SAFETY_GOTO,6842,F157_051_00,17,entrance-id-missing,,RMAP_151_1_0;RMAP_151_2_0;RMAP_151_3_0;RMAP_151_5_0;RMAP_151_7_0;RMAP_151_11_0;RMAP_152_1_0;RMAP_152_1_1,RMAP_157_1_0;RMAP_157_1_1;RMAP_157_4_0;RMAP_157_4_1;RMAP_157_5_0;RMAP_157_5_1;RMAP_157_6_0;RMAP_157_8_0;RMAP_157_8_1;RMAP_157_11_0;RMAP_157_12_0;RMAP_157_13_0;RMAP_157_15_0
F151_051_00,D06_SAFETY_GOTO,6851,F157_015_00,10,field-and-entrance-resolved,,RMAP_151_1_0;RMAP_151_2_0;RMAP_151_3_0;RMAP_151_5_0;RMAP_151_7_0;RMAP_151_11_0;RMAP_152_1_0;RMAP_152_1_1,RMAP_157_15_0
F151_051_00,D06_SAFETY_GOTO,6855,F157_051_00,18,entrance-id-missing,,RMAP_151_1_0;RMAP_151_2_0;RMAP_151_3_0;RMAP_151_5_0;RMAP_151_7_0;RMAP_151_11_0;RMAP_152_1_0;RMAP_152_1_1,RMAP_157_1_0;RMAP_157_1_1;RMAP_157_4_0;RMAP_157_4_1;RMAP_157_5_0;RMAP_157_5_1;RMAP_157_6_0;RMAP_157_8_0;RMAP_157_8_1;RMAP_157_11_0;RMAP_157_12_0;RMAP_157_13_0;RMAP_157_15_0
F151_051_00,D07_SAFETY_GOTO,6885,F159_001_00,2,field-and-entrance-resolved,,RMAP_151_1_0;RMAP_151_2_0;RMAP_151_3_0;RMAP_151_5_0;RMAP_151_7_0;RMAP_151_11_0;RMAP_152_1_0;RMAP_152_1_1,RMAP_159_1_0
F151_051_00,D07_SAFETY_GOTO,6892,F159_004_00,20,field-and-entrance-resolved,,RMAP_151_1_0;RMAP_151_2_0;RMAP_151_3_0;RMAP_151_5_0;RMAP_151_7_0;RMAP_151_11_0;RMAP_152_1_0;RMAP_152_1_1,RMAP_159_3_0;RMAP_159_3_1
F151_051_00,D07_SAFETY_GOTO,6896,F159_051_00,11,entrance-id-missing,,RMAP_151_1_0;RMAP_151_2_0;RMAP_151_3_0;RMAP_151_5_0;RMAP_151_7_0;RMAP_151_11_0;RMAP_152_1_0;RMAP_152_1_1,RMAP_159_1_0;RMAP_159_3_0;RMAP_159_3_1;RMAP_159_6_0;RMAP_159_6_1;RMAP_159_6_2;RMAP_159_6_3;RMAP_159_7_0;RMAP_159_7_1;RMAP_159_10_0;RMAP_159_10_1;RMAP_159_11_0;RMAP_159_11_1;RMAP_159_11_2;RMAP_159_11_3
F151_051_00,D07_SAFETY_GOTO,6905,F159_020_00,20,field-and-entrance-resolved,,RMAP_151_1_0;RMAP_151_2_0;RMAP_151_3_0;RMAP_151_5_0;RMAP_151_7_0;RMAP_151_11_0;RMAP_152_1_0;RMAP_152_1_1,RMAP_159_20_0;RMAP_159_20_1
F151_051_00,D07_SAFETY_GOTO,6909,F159_051_00,12,entrance-id-missing,,RMAP_151_1_0;RMAP_151_2_0;RMAP_151_3_0;RMAP_151_5_0;RMAP_151_7_0;RMAP_151_11_0;RMAP_152_1_0;RMAP_152_1_1,RMAP_159_1_0;RMAP_159_3_0;RMAP_159_3_1;RMAP_159_6_0;RMAP_159_6_1;RMAP_159_6_2;RMAP_159_6_3;RMAP_159_7_0;RMAP_159_7_1;RMAP_159_10_0;RMAP_159_10_1;RMAP_159_11_0;RMAP_159_11_1;RMAP_159_11_2;RMAP_159_11_3
F151_051_00,D07_SAFETY_GOTO,6918,F159_010_00,20,field-and-entrance-resolved,,RMAP_151_1_0;RMAP_151_2_0;RMAP_151_3_0;RMAP_151_5_0;RMAP_151_7_0;RMAP_151_11_0;RMAP_152_1_0;RMAP_152_1_1,RMAP_159_10_0;RMAP_159_10_1
F151_051_00,D07_SAFETY_GOTO,6922,F159_051_00,13,entrance-id-missing,,RMAP_151_1_0;RMAP_151_2_0;RMAP_151_3_0;RMAP_151_5_0;RMAP_151_7_0;RMAP_151_11_0;RMAP_152_1_0;RMAP_152_1_1,RMAP_159_1_0;RMAP_159_3_0;RMAP_159_3_1;RMAP_159_6_0;RMAP_159_6_1;RMAP_159_6_2;RMAP_159_6_3;RMAP_159_7_0;RMAP_159_7_1;RMAP_159_10_0;RMAP_159_10_1;RMAP_159_11_0;RMAP_159_11_1;RMAP_159_11_2;RMAP_159_11_3
F151_051_00,D07_SAFETY_GOTO,6931,F159_025_00,20,field-and-entrance-resolved,,RMAP_151_1_0;RMAP_151_2_0;RMAP_151_3_0;RMAP_151_5_0;RMAP_151_7_0;RMAP_151_11_0;RMAP_152_1_0;RMAP_152_1_1,RMAP_159_25_0;RMAP_159_25_1
F151_051_00,D07_SAFETY_GOTO,6935,F159_051_00,17,entrance-id-missing,,RMAP_151_1_0;RMAP_151_2_0;RMAP_151_3_0;RMAP_151_5_0;RMAP_151_7_0;RMAP_151_11_0;RMAP_152_1_0;RMAP_152_1_1,RMAP_159_1_0;RMAP_159_3_0;RMAP_159_3_1;RMAP_159_6_0;RMAP_159_6_1;RMAP_159_6_2;RMAP_159_6_3;RMAP_159_7_0;RMAP_159_7_1;RMAP_159_10_0;RMAP_159_10_1;RMAP_159_11_0;RMAP_159_11_1;RMAP_159_11_2;RMAP_159_11_3
F151_051_00,D07_SAFETY_GOTO,6944,F159_007_00,20,field-and-entrance-resolved,,RMAP_151_1_0;RMAP_151_2_0;RMAP_151_3_0;RMAP_151_5_0;RMAP_151_7_0;RMAP_151_11_0;RMAP_152_1_0;RMAP_152_1_1,RMAP_159_7_0;RMAP_159_7_1
F151_051_00,D07_SAFETY_GOTO,6948,F159_051_00,14,entrance-id-missing,,RMAP_151_1_0;RMAP_151_2_0;RMAP_151_3_0;RMAP_151_5_0;RMAP_151_7_0;RMAP_151_11_0;RMAP_152_1_0;RMAP_152_1_1,RMAP_159_1_0;RMAP_159_3_0;RMAP_159_3_1;RMAP_159_6_0;RMAP_159_6_1;RMAP_159_6_2;RMAP_159_6_3;RMAP_159_7_0;RMAP_159_7_1;RMAP_159_10_0;RMAP_159_10_1;RMAP_159_11_0;RMAP_159_11_1;RMAP_159_11_2;RMAP_159_11_3
F151_051_00,D07_SAFETY_GOTO,6957,F159_006_00,20,field-and-entrance-resolved,,RMAP_151_1_0;RMAP_151_2_0;RMAP_151_3_0;RMAP_151_5_0;RMAP_151_7_0;RMAP_151_11_0;RMAP_152_1_0;RMAP_152_1_1,RMAP_159_6_0;RMAP_159_6_1;RMAP_159_6_2;RMAP_159_6_3
F151_051_00,D07_SAFETY_GOTO,6961,F159_051_00,15,entrance-id-missing,,RMAP_151_1_0;RMAP_151_2_0;RMAP_151_3_0;RMAP_151_5_0;RMAP_151_7_0;RMAP_151_11_0;RMAP_152_1_0;RMAP_152_1_1,RMAP_159_1_0;RMAP_159_3_0;RMAP_159_3_1;RMAP_159_6_0;RMAP_159_6_1;RMAP_159_6_2;RMAP_159_6_3;RMAP_159_7_0;RMAP_159_7_1;RMAP_159_10_0;RMAP_159_10_1;RMAP_159_11_0;RMAP_159_11_1;RMAP_159_11_2;RMAP_159_11_3
F151_051_00,D07_SAFETY_GOTO,6970,F159_011_00,20,field-and-entrance-resolved,,RMAP_151_1_0;RMAP_151_2_0;RMAP_151_3_0;RMAP_151_5_0;RMAP_151_7_0;RMAP_151_11_0;RMAP_152_1_0;RMAP_152_1_1,RMAP_159_11_0;RMAP_159_11_1;RMAP_159_11_2;RMAP_159_11_3;RMAP_159_11_4
F151_051_00,D07_SAFETY_GOTO,6974,,,dynamic-arguments,,RMAP_151_1_0;RMAP_151_2_0;RMAP_151_3_0;RMAP_151_5_0;RMAP_151_7_0;RMAP_151_11_0;RMAP_152_1_0;RMAP_152_1_1,
F151_051_00,D07_SAFETY_GOTO,6983,F159_003_00,20,field-and-entrance-resolved,,RMAP_151_1_0;RMAP_151_2_0;RMAP_151_3_0;RMAP_151_5_0;RMAP_151_7_0;RMAP_151_11_0;RMAP_152_1_0;RMAP_152_1_1,RMAP_159_3_0;RMAP_159_3_1
F151_051_00,D07_SAFETY_GOTO,6987,F159_051_00,18,entrance-id-missing,,RMAP_151_1_0;RMAP_151_2_0;RMAP_151_3_0;RMAP_151_5_0;RMAP_151_7_0;RMAP_151_11_0;RMAP_152_1_0;RMAP_152_1_1,RMAP_159_1_0;RMAP_159_3_0;RMAP_159_3_1;RMAP_159_6_0;RMAP_159_6_1;RMAP_159_6_2;RMAP_159_6_3;RMAP_159_7_0;RMAP_159_7_1;RMAP_159_10_0;RMAP_159_10_1;RMAP_159_11_0;RMAP_159_11_1;RMAP_159_11_2;RMAP_159_11_3
F151_051_00,D08_SAFETY_GOTO,7017,F161_001_00,0,field-and-entrance-resolved,,RMAP_151_1_0;RMAP_151_2_0;RMAP_151_3_0;RMAP_151_5_0;RMAP_151_7_0;RMAP_151_11_0;RMAP_152_1_0;RMAP_152_1_1,RMAP_161_1_0
F151_051_00,D08_SAFETY_GOTO,7024,F161_006_00,20,field-and-entrance-resolved,,RMAP_151_1_0;RMAP_151_2_0;RMAP_151_3_0;RMAP_151_5_0;RMAP_151_7_0;RMAP_151_11_0;RMAP_152_1_0;RMAP_152_1_1,RMAP_161_6_0
F151_051_00,D08_SAFETY_GOTO,7028,F161_051_00,11,entrance-id-missing,,RMAP_151_1_0;RMAP_151_2_0;RMAP_151_3_0;RMAP_151_5_0;RMAP_151_7_0;RMAP_151_11_0;RMAP_152_1_0;RMAP_152_1_1,RMAP_160_1_0;RMAP_160_6_0;RMAP_161_1_0;RMAP_161_6_0;RMAP_161_10_0
F151_051_00,D08_SAFETY_GOTO,7037,F161_010_00,20,field-and-entrance-resolved,,RMAP_151_1_0;RMAP_151_2_0;RMAP_151_3_0;RMAP_151_5_0;RMAP_151_7_0;RMAP_151_11_0;RMAP_152_1_0;RMAP_152_1_1,RMAP_161_10_0
F151_051_00,D08_SAFETY_GOTO,7041,F161_051_00,12,entrance-id-missing,,RMAP_151_1_0;RMAP_151_2_0;RMAP_151_3_0;RMAP_151_5_0;RMAP_151_7_0;RMAP_151_11_0;RMAP_152_1_0;RMAP_152_1_1,RMAP_160_1_0;RMAP_160_6_0;RMAP_161_1_0;RMAP_161_6_0;RMAP_161_10_0
F151_051_00,D08_SAFETY_GOTO,7050,F161_003_00,20,field-and-entrance-resolved,,RMAP_151_1_0;RMAP_151_2_0;RMAP_151_3_0;RMAP_151_5_0;RMAP_151_7_0;RMAP_151_11_0;RMAP_152_1_0;RMAP_152_1_1,RMAP_161_3_0
F151_051_00,D08_SAFETY_GOTO,7054,F161_051_00,13,entrance-id-missing,,RMAP_151_1_0;RMAP_151_2_0;RMAP_151_3_0;RMAP_151_5_0;RMAP_151_7_0;RMAP_151_11_0;RMAP_152_1_0;RMAP_152_1_1,RMAP_160_1_0;RMAP_160_6_0;RMAP_161_1_0;RMAP_161_6_0;RMAP_161_10_0
F151_051_00,D08_SAFETY_GOTO,7063,F161_008_00,20,field-and-entrance-resolved,,RMAP_151_1_0;RMAP_151_2_0;RMAP_151_3_0;RMAP_151_5_0;RMAP_151_7_0;RMAP_151_11_0;RMAP_152_1_0;RMAP_152_1_1,RMAP_161_8_0
F151_051_00,D08_SAFETY_GOTO,7067,F161_051_00,14,entrance-id-missing,,RMAP_151_1_0;RMAP_151_2_0;RMAP_151_3_0;RMAP_151_5_0;RMAP_151_7_0;RMAP_151_11_0;RMAP_152_1_0;RMAP_152_1_1,RMAP_160_1_0;RMAP_160_6_0;RMAP_161_1_0;RMAP_161_6_0;RMAP_161_10_0
F151_051_00,LAST_SAFETY_GOTO,7097,F160_001_00,0,field-and-entrance-resolved,,RMAP_151_1_0;RMAP_151_2_0;RMAP_151_3_0;RMAP_151_5_0;RMAP_151_7_0;RMAP_151_11_0;RMAP_152_1_0;RMAP_152_1_1,RMAP_160_1_0
F151_051_00,LAST_SAFETY_GOTO,7104,F160_006_00,0,field-and-entrance-resolved,,RMAP_151_1_0;RMAP_151_2_0;RMAP_151_3_0;RMAP_151_5_0;RMAP_151_7_0;RMAP_151_11_0;RMAP_152_1_0;RMAP_152_1_1,RMAP_160_6_0
F151_051_00,LAST_SAFETY_GOTO,7108,F160_006_00,0,field-and-entrance-resolved,,RMAP_151_1_0;RMAP_151_2_0;RMAP_151_3_0;RMAP_151_5_0;RMAP_151_7_0;RMAP_151_11_0;RMAP_152_1_0;RMAP_152_1_1,RMAP_160_6_0
F151_051_00,D10_SAFETY_GOTO,7138,F162_001_00,20,field-and-entrance-resolved,,RMAP_151_1_0;RMAP_151_2_0;RMAP_151_3_0;RMAP_151_5_0;RMAP_151_7_0;RMAP_151_11_0;RMAP_152_1_0;RMAP_152_1_1,RMAP_162_1_0
F151_051_00,D10_SAFETY_GOTO,7145,F162_003_00,20,field-and-entrance-resolved,,RMAP_151_1_0;RMAP_151_2_0;RMAP_151_3_0;RMAP_151_5_0;RMAP_151_7_0;RMAP_151_11_0;RMAP_152_1_0;RMAP_152_1_1,RMAP_162_3_0;RMAP_162_3_1
F151_051_00,D10_SAFETY_GOTO,7149,F162_051_00,11,entrance-id-missing,,RMAP_151_1_0;RMAP_151_2_0;RMAP_151_3_0;RMAP_151_5_0;RMAP_151_7_0;RMAP_151_11_0;RMAP_152_1_0;RMAP_152_1_1,RMAP_162_1_0;RMAP_162_3_0;RMAP_162_4_0;RMAP_162_9_0;RMAP_162_11_0;RMAP_162_12_0;RMAP_162_14_0;RMAP_162_15_0
F151_051_00,D10_SAFETY_GOTO,7158,F162_009_00,20,field-and-entrance-resolved,,RMAP_151_1_0;RMAP_151_2_0;RMAP_151_3_0;RMAP_151_5_0;RMAP_151_7_0;RMAP_151_11_0;RMAP_152_1_0;RMAP_152_1_1,RMAP_162_9_0;RMAP_162_9_1;RMAP_162_9_2;RMAP_162_9_3;RMAP_162_9_4
F151_051_00,D10_SAFETY_GOTO,7162,F162_051_00,12,entrance-id-missing,,RMAP_151_1_0;RMAP_151_2_0;RMAP_151_3_0;RMAP_151_5_0;RMAP_151_7_0;RMAP_151_11_0;RMAP_152_1_0;RMAP_152_1_1,RMAP_162_1_0;RMAP_162_3_0;RMAP_162_4_0;RMAP_162_9_0;RMAP_162_11_0;RMAP_162_12_0;RMAP_162_14_0;RMAP_162_15_0
F151_051_00,D10_SAFETY_GOTO,7171,F162_014_00,20,field-and-entrance-resolved,,RMAP_151_1_0;RMAP_151_2_0;RMAP_151_3_0;RMAP_151_5_0;RMAP_151_7_0;RMAP_151_11_0;RMAP_152_1_0;RMAP_152_1_1,RMAP_162_14_0;RMAP_162_14_1;RMAP_162_14_2;RMAP_162_14_3
F151_051_00,D10_SAFETY_GOTO,7175,F162_052_00,13,entrance-id-missing,,RMAP_151_1_0;RMAP_151_2_0;RMAP_151_3_0;RMAP_151_5_0;RMAP_151_7_0;RMAP_151_11_0;RMAP_152_1_0;RMAP_152_1_1,RMAP_162_1_0;RMAP_162_3_0;RMAP_162_4_0;RMAP_162_9_0;RMAP_162_11_0;RMAP_162_12_0;RMAP_162_14_0;RMAP_162_15_0
F151_051_00,D10_SAFETY_GOTO,7184,F162_015_00,20,field-and-entrance-resolved,,RMAP_151_1_0;RMAP_151_2_0;RMAP_151_3_0;RMAP_151_5_0;RMAP_151_7_0;RMAP_151_11_0;RMAP_152_1_0;RMAP_152_1_1,RMAP_162_15_0;RMAP_162_15_1;RMAP_162_15_2
F151_051_00,D10_SAFETY_GOTO,7188,F162_052_00,14,entrance-id-missing,,RMAP_151_1_0;RMAP_151_2_0;RMAP_151_3_0;RMAP_151_5_0;RMAP_151_7_0;RMAP_151_11_0;RMAP_152_1_0;RMAP_152_1_1,RMAP_162_1_0;RMAP_162_3_0;RMAP_162_4_0;RMAP_162_9_0;RMAP_162_11_0;RMAP_162_12_0;RMAP_162_14_0;RMAP_162_15_0
F151_051_00,D10_SAFETY_GOTO,7197,F162_012_00,20,field-and-entrance-resolved,,RMAP_151_1_0;RMAP_151_2_0;RMAP_151_3_0;RMAP_151_5_0;RMAP_151_7_0;RMAP_151_11_0;RMAP_152_1_0;RMAP_152_1_1,RMAP_162_12_0;RMAP_162_12_1
F151_051_00,D10_SAFETY_GOTO,7201,F162_052_00,15,entrance-id-missing,,RMAP_151_1_0;RMAP_151_2_0;RMAP_151_3_0;RMAP_151_5_0;RMAP_151_7_0;RMAP_151_11_0;RMAP_152_1_0;RMAP_152_1_1,RMAP_162_1_0;RMAP_162_3_0;RMAP_162_4_0;RMAP_162_9_0;RMAP_162_11_0;RMAP_162_12_0;RMAP_162_14_0;RMAP_162_15_0
F151_051_00,D10_SAFETY_GOTO,7210,F162_005_00,20,entrance-id-missing,,RMAP_151_1_0;RMAP_151_2_0;RMAP_151_3_0;RMAP_151_5_0;RMAP_151_7_0;RMAP_151_11_0;RMAP_152_1_0;RMAP_152_1_1,RMAP_162_5_0
F151_051_00,D10_SAFETY_GOTO,7214,,,dynamic-arguments,,RMAP_151_1_0;RMAP_151_2_0;RMAP_151_3_0;RMAP_151_5_0;RMAP_151_7_0;RMAP_151_11_0;RMAP_152_1_0;RMAP_152_1_1,
F151_051_00,D10_SAFETY_GOTO,7223,,,dynamic-arguments,,RMAP_151_1_0;RMAP_151_2_0;RMAP_151_3_0;RMAP_151_5_0;RMAP_151_7_0;RMAP_151_11_0;RMAP_152_1_0;RMAP_152_1_1,
F151_051_00,D10_SAFETY_GOTO,7227,F162_052_00,17,entrance-id-missing,,RMAP_151_1_0;RMAP_151_2_0;RMAP_151_3_0;RMAP_151_5_0;RMAP_151_7_0;RMAP_151_11_0;RMAP_152_1_0;RMAP_152_1_1,RMAP_162_1_0;RMAP_162_3_0;RMAP_162_4_0;RMAP_162_9_0;RMAP_162_11_0;RMAP_162_12_0;RMAP_162_14_0;RMAP_162_15_0
F151_051_00,D10_SAFETY_GOTO,7236,F162_002_00,20,field-and-entrance-resolved,,RMAP_151_1_0;RMAP_151_2_0;RMAP_151_3_0;RMAP_151_5_0;RMAP_151_7_0;RMAP_151_11_0;RMAP_152_1_0;RMAP_152_1_1,RMAP_162_2_0;RMAP_162_2_1;RMAP_162_2_2;RMAP_162_2_3
F151_051_00,D10_SAFETY_GOTO,7240,F162_051_00,18,entrance-id-missing,,RMAP_151_1_0;RMAP_151_2_0;RMAP_151_3_0;RMAP_151_5_0;RMAP_151_7_0;RMAP_151_11_0;RMAP_152_1_0;RMAP_152_1_1,RMAP_162_1_0;RMAP_162_3_0;RMAP_162_4_0;RMAP_162_9_0;RMAP_162_11_0;RMAP_162_12_0;RMAP_162_14_0;RMAP_162_15_0
F151_051_00,D10_SAFETY_GOTO,7249,F162_011_00,20,field-and-entrance-resolved,,RMAP_151_1_0;RMAP_151_2_0;RMAP_151_3_0;RMAP_151_5_0;RMAP_151_7_0;RMAP_151_11_0;RMAP_152_1_0;RMAP_152_1_1,RMAP_162_11_0;RMAP_162_11_1;RMAP_162_11_2
F151_051_00,D10_SAFETY_GOTO,7253,F162_052_00,19,entrance-id-missing,,RMAP_151_1_0;RMAP_151_2_0;RMAP_151_3_0;RMAP_151_5_0;RMAP_151_7_0;RMAP_151_11_0;RMAP_152_1_0;RMAP_152_1_1,RMAP_162_1_0;RMAP_162_3_0;RMAP_162_4_0;RMAP_162_9_0;RMAP_162_11_0;RMAP_162_12_0;RMAP_162_14_0;RMAP_162_15_0
F152_001_00,D01_01_e115_101_START,102,F152_001_00,5,field-and-entrance-resolved,4,RMAP_152_1_0;RMAP_152_1_1,RMAP_152_1_0;RMAP_152_1_1
F152_001_00,D01_02_e129_031_START,205,F152_051_00,21,entrance-id-missing,13,RMAP_152_1_0;RMAP_152_1_1,RMAP_151_1_0;RMAP_151_2_0;RMAP_151_3_0;RMAP_151_5_0;RMAP_151_7_0;RMAP_151_11_0;RMAP_152_1_0;RMAP_152_1_1
F152_002_00,D01_01_e115_104_START,218,F152_002_00,10,field-and-entrance-resolved,22,RMAP_152_2_0;RMAP_152_2_1,RMAP_152_2_0;RMAP_152_2_1
F152_005_00,GOTO_151_13,27,F151_013_00,1,field-and-entrance-resolved,0,RMAP_152_5_0,RMAP_151_13_0
F152_006_00,D01_02_e130_011_START,52,F152_006_00,5,field-and-entrance-resolved,0,RMAP_152_6_0,RMAP_152_6_0
F152_051_00,GOTO_ENTRANCE_ACTION,4324,F151_001_00,2,field-and-entrance-resolved,"1,2,3",RMAP_151_1_0;RMAP_151_2_0;RMAP_151_3_0;RMAP_151_5_0;RMAP_151_7_0;RMAP_151_11_0;RMAP_152_1_0;RMAP_152_1_1,RMAP_151_1_0;RMAP_151_1_1
F152_051_00,GOTO_ENTRANCE_ACTION,4328,F153_001_00,2,field-and-entrance-resolved,"1,2,3",RMAP_151_1_0;RMAP_151_2_0;RMAP_151_3_0;RMAP_151_5_0;RMAP_151_7_0;RMAP_151_11_0;RMAP_152_1_0;RMAP_152_1_1,RMAP_153_1_0
F152_051_00,GOTO_ENTRANCE_ACTION,4332,F154_001_00,2,field-and-entrance-resolved,"1,2,3",RMAP_151_1_0;RMAP_151_2_0;RMAP_151_3_0;RMAP_151_5_0;RMAP_151_7_0;RMAP_151_11_0;RMAP_152_1_0;RMAP_152_1_1,RMAP_154_1_0
F152_051_00,GOTO_ENTRANCE_ACTION,4336,F155_001_00,5,field-and-entrance-resolved,"1,2,3",RMAP_151_1_0;RMAP_151_2_0;RMAP_151_3_0;RMAP_151_5_0;RMAP_151_7_0;RMAP_151_11_0;RMAP_152_1_0;RMAP_152_1_1,RMAP_155_1_0
F152_051_00,GOTO_ENTRANCE_ACTION,4340,F156_001_00,2,field-and-entrance-resolved,"1,2,3",RMAP_151_1_0;RMAP_151_2_0;RMAP_151_3_0;RMAP_151_5_0;RMAP_151_7_0;RMAP_151_11_0;RMAP_152_1_0;RMAP_152_1_1,RMAP_156_1_0
F152_051_00,GOTO_ENTRANCE_ACTION,4344,F157_001_00,2,field-and-entrance-resolved,"1,2,3",RMAP_151_1_0;RMAP_151_2_0;RMAP_151_3_0;RMAP_151_5_0;RMAP_151_7_0;RMAP_151_11_0;RMAP_152_1_0;RMAP_152_1_1,RMAP_157_1_0;RMAP_157_1_1
F152_051_00,GOTO_ENTRANCE_ACTION,4348,F159_001_00,2,field-and-entrance-resolved,"1,2,3",RMAP_151_1_0;RMAP_151_2_0;RMAP_151_3_0;RMAP_151_5_0;RMAP_151_7_0;RMAP_151_11_0;RMAP_152_1_0;RMAP_152_1_1,RMAP_159_1_0
F152_051_00,GOTO_ENTRANCE_ACTION,4352,F161_001_00,0,field-and-entrance-resolved,"1,2,3",RMAP_151_1_0;RMAP_151_2_0;RMAP_151_3_0;RMAP_151_5_0;RMAP_151_7_0;RMAP_151_11_0;RMAP_152_1_0;RMAP_152_1_1,RMAP_161_1_0
F152_051_00,GOTO_ENTRANCE_ACTION,4356,F162_001_00,20,field-and-entrance-resolved,"1,2,3",RMAP_151_1_0;RMAP_151_2_0;RMAP_151_3_0;RMAP_151_5_0;RMAP_151_7_0;RMAP_151_11_0;RMAP_152_1_0;RMAP_152_1_1,RMAP_162_1_0
F152_051_00,GOTO_M_ENTRANCE_ACTION,4373,F190_001_00,1,field-and-entrance-resolved,"1,2,3",RMAP_151_1_0;RMAP_151_2_0;RMAP_151_3_0;RMAP_151_5_0;RMAP_151_7_0;RMAP_151_11_0;RMAP_152_1_0;RMAP_152_1_1,RMAP_190_1_0
F152_051_00,DEBUG_GOTO_FIELD,4739,F002_005_00,10,field-and-entrance-resolved,,RMAP_151_1_0;RMAP_151_2_0;RMAP_151_3_0;RMAP_151_5_0;RMAP_151_7_0;RMAP_151_11_0;RMAP_152_1_0;RMAP_152_1_1,RMAP_002_5_0
F152_051_00,DEBUG_GOTO_FIELD,4743,F001_006_00,10,field-and-entrance-resolved,,RMAP_151_1_0;RMAP_151_2_0;RMAP_151_3_0;RMAP_151_5_0;RMAP_151_7_0;RMAP_151_11_0;RMAP_152_1_0;RMAP_152_1_1,RMAP_001_5_0
F152_051_00,DEBUG_GOTO_FIELD,4747,F001_006_00,10,field-and-entrance-resolved,,RMAP_151_1_0;RMAP_151_2_0;RMAP_151_3_0;RMAP_151_5_0;RMAP_151_7_0;RMAP_151_11_0;RMAP_152_1_0;RMAP_152_1_1,RMAP_001_5_0
F152_051_00,DEBUG_GOTO_FIELD,4751,F003_002_01,50,field-and-entrance-resolved,,RMAP_151_1_0;RMAP_151_2_0;RMAP_151_3_0;RMAP_151_5_0;RMAP_151_7_0;RMAP_151_11_0;RMAP_152_1_0;RMAP_152_1_1,RMAP_009_2_0
F152_051_00,DEBUG_GOTO_FIELD,4755,F003_002_01,50,field-and-entrance-resolved,,RMAP_151_1_0;RMAP_151_2_0;RMAP_151_3_0;RMAP_151_5_0;RMAP_151_7_0;RMAP_151_11_0;RMAP_152_1_0;RMAP_152_1_1,RMAP_009_2_0
F152_051_00,DEBUG_GOTO_FIELD,4759,F003_002_01,50,field-and-entrance-resolved,,RMAP_151_1_0;RMAP_151_2_0;RMAP_151_3_0;RMAP_151_5_0;RMAP_151_7_0;RMAP_151_11_0;RMAP_152_1_0;RMAP_152_1_1,RMAP_009_2_0
F152_051_00,DEBUG_GOTO_FIELD,4763,F003_002_00,51,field-and-entrance-resolved,,RMAP_151_1_0;RMAP_151_2_0;RMAP_151_3_0;RMAP_151_5_0;RMAP_151_7_0;RMAP_151_11_0;RMAP_152_1_0;RMAP_152_1_1,RMAP_009_2_0
F152_051_00,DEBUG_GOTO_FIELD,4767,F003_002_00,51,field-and-entrance-resolved,,RMAP_151_1_0;RMAP_151_2_0;RMAP_151_3_0;RMAP_151_5_0;RMAP_151_7_0;RMAP_151_11_0;RMAP_152_1_0;RMAP_152_1_1,RMAP_009_2_0
F152_051_00,DEBUG_GOTO_FIELD,4771,F003_002_00,51,field-and-entrance-resolved,,RMAP_151_1_0;RMAP_151_2_0;RMAP_151_3_0;RMAP_151_5_0;RMAP_151_7_0;RMAP_151_11_0;RMAP_152_1_0;RMAP_152_1_1,RMAP_009_2_0
F152_051_00,DEBUG_GOTO_FIELD,4775,F003_002_00,51,field-and-entrance-resolved,,RMAP_151_1_0;RMAP_151_2_0;RMAP_151_3_0;RMAP_151_5_0;RMAP_151_7_0;RMAP_151_11_0;RMAP_152_1_0;RMAP_152_1_1,RMAP_009_2_0
F152_051_00,D01_SAFETY_GOTO,6128,F151_001_00,2,field-and-entrance-resolved,"0,4",RMAP_151_1_0;RMAP_151_2_0;RMAP_151_3_0;RMAP_151_5_0;RMAP_151_7_0;RMAP_151_11_0;RMAP_152_1_0;RMAP_152_1_1,RMAP_151_1_0;RMAP_151_1_1
F152_051_00,D01_SAFETY_GOTO,6135,F152_001_00,20,field-and-entrance-resolved,"0,4",RMAP_151_1_0;RMAP_151_2_0;RMAP_151_3_0;RMAP_151_5_0;RMAP_151_7_0;RMAP_151_11_0;RMAP_152_1_0;RMAP_152_1_1,RMAP_152_1_0;RMAP_152_1_1
F152_051_00,D01_SAFETY_GOTO,6139,F152_051_00,21,entrance-id-missing,"0,4",RMAP_151_1_0;RMAP_151_2_0;RMAP_151_3_0;RMAP_151_5_0;RMAP_151_7_0;RMAP_151_11_0;RMAP_152_1_0;RMAP_152_1_1,RMAP_151_1_0;RMAP_151_2_0;RMAP_151_3_0;RMAP_151_5_0;RMAP_151_7_0;RMAP_151_11_0;RMAP_152_1_0;RMAP_152_1_1
F152_051_00,D01_SAFETY_GOTO,6148,F151_014_00,20,field-and-entrance-resolved,"0,4",RMAP_151_1_0;RMAP_151_2_0;RMAP_151_3_0;RMAP_151_5_0;RMAP_151_7_0;RMAP_151_11_0;RMAP_152_1_0;RMAP_152_1_1,RMAP_151_2_0;RMAP_151_2_1;RMAP_151_2_2
F152_051_00,D01_SAFETY_GOTO,6152,F151_051_00,11,entrance-id-missing,"0,4",RMAP_151_1_0;RMAP_151_2_0;RMAP_151_3_0;RMAP_151_5_0;RMAP_151_7_0;RMAP_151_11_0;RMAP_152_1_0;RMAP_152_1_1,RMAP_151_1_0;RMAP_151_2_0;RMAP_151_3_0;RMAP_151_5_0;RMAP_151_7_0;RMAP_151_11_0;RMAP_152_1_0;RMAP_152_1_1
F152_051_00,D01_SAFETY_GOTO,6161,F151_002_00,20,field-and-entrance-resolved,"0,4",RMAP_151_1_0;RMAP_151_2_0;RMAP_151_3_0;RMAP_151_5_0;RMAP_151_7_0;RMAP_151_11_0;RMAP_152_1_0;RMAP_152_1_1,RMAP_151_2_0;RMAP_151_2_1;RMAP_151_2_2
F152_051_00,D01_SAFETY_GOTO,6165,F151_051_00,12,entrance-id-missing,"0,4",RMAP_151_1_0;RMAP_151_2_0;RMAP_151_3_0;RMAP_151_5_0;RMAP_151_7_0;RMAP_151_11_0;RMAP_152_1_0;RMAP_152_1_1,RMAP_151_1_0;RMAP_151_2_0;RMAP_151_3_0;RMAP_151_5_0;RMAP_151_7_0;RMAP_151_11_0;RMAP_152_1_0;RMAP_152_1_1
F152_051_00,D01_SAFETY_GOTO,6174,F151_004_00,20,field-and-entrance-resolved,"0,4",RMAP_151_1_0;RMAP_151_2_0;RMAP_151_3_0;RMAP_151_5_0;RMAP_151_7_0;RMAP_151_11_0;RMAP_152_1_0;RMAP_152_1_1,RMAP_151_4_0;RMAP_151_4_1;RMAP_151_4_2
F152_051_00,D01_SAFETY_GOTO,6178,F151_051_00,13,entrance-id-missing,"0,4",RMAP_151_1_0;RMAP_151_2_0;RMAP_151_3_0;RMAP_151_5_0;RMAP_151_7_0;RMAP_151_11_0;RMAP_152_1_0;RMAP_152_1_1,RMAP_151_1_0;RMAP_151_2_0;RMAP_151_3_0;RMAP_151_5_0;RMAP_151_7_0;RMAP_151_11_0;RMAP_152_1_0;RMAP_152_1_1
F152_051_00,D01_SAFETY_GOTO,6187,F151_005_00,20,field-and-entrance-resolved,"0,4",RMAP_151_1_0;RMAP_151_2_0;RMAP_151_3_0;RMAP_151_5_0;RMAP_151_7_0;RMAP_151_11_0;RMAP_152_1_0;RMAP_152_1_1,RMAP_151_5_0;RMAP_151_5_1;RMAP_151_5_2
F152_051_00,D01_SAFETY_GOTO,6191,F151_051_00,14,entrance-id-missing,"0,4",RMAP_151_1_0;RMAP_151_2_0;RMAP_151_3_0;RMAP_151_5_0;RMAP_151_7_0;RMAP_151_11_0;RMAP_152_1_0;RMAP_152_1_1,RMAP_151_1_0;RMAP_151_2_0;RMAP_151_3_0;RMAP_151_5_0;RMAP_151_7_0;RMAP_151_11_0;RMAP_152_1_0;RMAP_152_1_1
F152_051_00,D01_SAFETY_GOTO,6200,F151_007_00,20,field-and-entrance-resolved,"0,4",RMAP_151_1_0;RMAP_151_2_0;RMAP_151_3_0;RMAP_151_5_0;RMAP_151_7_0;RMAP_151_11_0;RMAP_152_1_0;RMAP_152_1_1,RMAP_151_7_0
F152_051_00,D01_SAFETY_GOTO,6204,F151_051_00,31,entrance-id-missing,"0,4",RMAP_151_1_0;RMAP_151_2_0;RMAP_151_3_0;RMAP_151_5_0;RMAP_151_7_0;RMAP_151_11_0;RMAP_152_1_0;RMAP_152_1_1,RMAP_151_1_0;RMAP_151_2_0;RMAP_151_3_0;RMAP_151_5_0;RMAP_151_7_0;RMAP_151_11_0;RMAP_152_1_0;RMAP_152_1_1
F152_051_00,D01_SAFETY_GOTO,6213,F151_011_00,1,field-and-entrance-resolved,"0,4",RMAP_151_1_0;RMAP_151_2_0;RMAP_151_3_0;RMAP_151_5_0;RMAP_151_7_0;RMAP_151_11_0;RMAP_152_1_0;RMAP_152_1_1,RMAP_151_11_0;RMAP_151_11_1
F152_051_00,D01_SAFETY_GOTO,6217,,,dynamic-arguments,"0,4",RMAP_151_1_0;RMAP_151_2_0;RMAP_151_3_0;RMAP_151_5_0;RMAP_151_7_0;RMAP_151_11_0;RMAP_152_1_0;RMAP_152_1_1,
F152_051_00,D02_SAFETY_GOTO,6247,F153_001_00,2,field-and-entrance-resolved,,RMAP_151_1_0;RMAP_151_2_0;RMAP_151_3_0;RMAP_151_5_0;RMAP_151_7_0;RMAP_151_11_0;RMAP_152_1_0;RMAP_152_1_1,RMAP_153_1_0
F152_051_00,D02_SAFETY_GOTO,6254,F153_012_00,2,field-and-entrance-resolved,,RMAP_151_1_0;RMAP_151_2_0;RMAP_151_3_0;RMAP_151_5_0;RMAP_151_7_0;RMAP_151_11_0;RMAP_152_1_0;RMAP_152_1_1,RMAP_153_2_0;RMAP_153_2_1
F152_051_00,D02_SAFETY_GOTO,6258,F153_051_00,12,entrance-id-missing,,RMAP_151_1_0;RMAP_151_2_0;RMAP_151_3_0;RMAP_151_5_0;RMAP_151_7_0;RMAP_151_11_0;RMAP_152_1_0;RMAP_152_1_1,RMAP_153_1_0;RMAP_153_2_0;RMAP_153_3_0;RMAP_153_4_0;RMAP_153_5_0;RMAP_153_6_0;RMAP_153_6_1;RMAP_153_7_0;RMAP_153_7_1;RMAP_153_9_0;RMAP_153_9_1;RMAP_153_9_2
F152_051_00,D02_SAFETY_GOTO,6267,F153_003_00,4,field-and-entrance-resolved,,RMAP_151_1_0;RMAP_151_2_0;RMAP_151_3_0;RMAP_151_5_0;RMAP_151_7_0;RMAP_151_11_0;RMAP_152_1_0;RMAP_152_1_1,RMAP_153_3_0;RMAP_153_3_1;RMAP_153_3_2;RMAP_153_3_3
F152_051_00,D02_SAFETY_GOTO,6271,F153_051_00,13,entrance-id-missing,,RMAP_151_1_0;RMAP_151_2_0;RMAP_151_3_0;RMAP_151_5_0;RMAP_151_7_0;RMAP_151_11_0;RMAP_152_1_0;RMAP_152_1_1,RMAP_153_1_0;RMAP_153_2_0;RMAP_153_3_0;RMAP_153_4_0;RMAP_153_5_0;RMAP_153_6_0;RMAP_153_6_1;RMAP_153_7_0;RMAP_153_7_1;RMAP_153_9_0;RMAP_153_9_1;RMAP_153_9_2
F152_051_00,D02_SAFETY_GOTO,6280,F153_005_00,4,field-and-entrance-resolved,,RMAP_151_1_0;RMAP_151_2_0;RMAP_151_3_0;RMAP_151_5_0;RMAP_151_7_0;RMAP_151_11_0;RMAP_152_1_0;RMAP_152_1_1,RMAP_153_5_0
F152_051_00,D02_SAFETY_GOTO,6284,F153_051_00,15,entrance-id-missing,,RMAP_151_1_0;RMAP_151_2_0;RMAP_151_3_0;RMAP_151_5_0;RMAP_151_7_0;RMAP_151_11_0;RMAP_152_1_0;RMAP_152_1_1,RMAP_153_1_0;RMAP_153_2_0;RMAP_153_3_0;RMAP_153_4_0;RMAP_153_5_0;RMAP_153_6_0;RMAP_153_6_1;RMAP_153_7_0;RMAP_153_7_1;RMAP_153_9_0;RMAP_153_9_1;RMAP_153_9_2
F152_051_00,D02_SAFETY_GOTO,6293,F153_006_00,20,field-and-entrance-resolved,,RMAP_151_1_0;RMAP_151_2_0;RMAP_151_3_0;RMAP_151_5_0;RMAP_151_7_0;RMAP_151_11_0;RMAP_152_1_0;RMAP_152_1_1,RMAP_153_6_0;RMAP_153_6_1
F152_051_00,D02_SAFETY_GOTO,6297,,,dynamic-arguments,,RMAP_151_1_0;RMAP_151_2_0;RMAP_151_3_0;RMAP_151_5_0;RMAP_151_7_0;RMAP_151_11_0;RMAP_152_1_0;RMAP_152_1_1,
F152_051_00,D02_SAFETY_GOTO,6306,F153_007_00,20,entrance-id-missing,,RMAP_151_1_0;RMAP_151_2_0;RMAP_151_3_0;RMAP_151_5_0;RMAP_151_7_0;RMAP_151_11_0;RMAP_152_1_0;RMAP_152_1_1,RMAP_153_7_0;RMAP_153_7_1;RMAP_153_7_2
F152_051_00,D02_SAFETY_GOTO,6310,F153_051_00,17,entrance-id-missing,,RMAP_151_1_0;RMAP_151_2_0;RMAP_151_3_0;RMAP_151_5_0;RMAP_151_7_0;RMAP_151_11_0;RMAP_152_1_0;RMAP_152_1_1,RMAP_153_1_0;RMAP_153_2_0;RMAP_153_3_0;RMAP_153_4_0;RMAP_153_5_0;RMAP_153_6_0;RMAP_153_6_1;RMAP_153_7_0;RMAP_153_7_1;RMAP_153_9_0;RMAP_153_9_1;RMAP_153_9_2
F152_051_00,D02_SAFETY_GOTO,6319,F153_009_00,20,field-and-entrance-resolved,,RMAP_151_1_0;RMAP_151_2_0;RMAP_151_3_0;RMAP_151_5_0;RMAP_151_7_0;RMAP_151_11_0;RMAP_152_1_0;RMAP_152_1_1,RMAP_153_9_0;RMAP_153_9_1;RMAP_153_9_2
F152_051_00,D02_SAFETY_GOTO,6323,F153_051_00,18,entrance-id-missing,,RMAP_151_1_0;RMAP_151_2_0;RMAP_151_3_0;RMAP_151_5_0;RMAP_151_7_0;RMAP_151_11_0;RMAP_152_1_0;RMAP_152_1_1,RMAP_153_1_0;RMAP_153_2_0;RMAP_153_3_0;RMAP_153_4_0;RMAP_153_5_0;RMAP_153_6_0;RMAP_153_6_1;RMAP_153_7_0;RMAP_153_7_1;RMAP_153_9_0;RMAP_153_9_1;RMAP_153_9_2
F152_051_00,D02_SAFETY_GOTO,6332,F153_009_00,21,field-and-entrance-resolved,,RMAP_151_1_0;RMAP_151_2_0;RMAP_151_3_0;RMAP_151_5_0;RMAP_151_7_0;RMAP_151_11_0;RMAP_152_1_0;RMAP_152_1_1,RMAP_153_9_0;RMAP_153_9_1;RMAP_153_9_2
F152_051_00,D02_SAFETY_GOTO,6336,F153_051_00,19,entrance-id-missing,,RMAP_151_1_0;RMAP_151_2_0;RMAP_151_3_0;RMAP_151_5_0;RMAP_151_7_0;RMAP_151_11_0;RMAP_152_1_0;RMAP_152_1_1,RMAP_153_1_0;RMAP_153_2_0;RMAP_153_3_0;RMAP_153_4_0;RMAP_153_5_0;RMAP_153_6_0;RMAP_153_6_1;RMAP_153_7_0;RMAP_153_7_1;RMAP_153_9_0;RMAP_153_9_1;RMAP_153_9_2
F152_051_00,D03_SAFETY_GOTO,6366,F154_001_00,2,field-and-entrance-resolved,,RMAP_151_1_0;RMAP_151_2_0;RMAP_151_3_0;RMAP_151_5_0;RMAP_151_7_0;RMAP_151_11_0;RMAP_152_1_0;RMAP_152_1_1,RMAP_154_1_0
F152_051_00,D03_SAFETY_GOTO,6373,F154_002_00,10,field-and-entrance-resolved,,RMAP_151_1_0;RMAP_151_2_0;RMAP_151_3_0;RMAP_151_5_0;RMAP_151_7_0;RMAP_151_11_0;RMAP_152_1_0;RMAP_152_1_1,RMAP_154_2_0;RMAP_154_2_1
F152_051_00,D03_SAFETY_GOTO,6377,F154_051_00,11,entrance-id-missing,,RMAP_151_1_0;RMAP_151_2_0;RMAP_151_3_0;RMAP_151_5_0;RMAP_151_7_0;RMAP_151_11_0;RMAP_152_1_0;RMAP_152_1_1,RMAP_154_1_0;RMAP_154_3_0;RMAP_154_3_1;RMAP_154_3_2;RMAP_154_5_0;RMAP_154_14_0;RMAP_154_14_1
F152_051_00,D03_SAFETY_GOTO,6386,F154_002_00,11,field-and-entrance-resolved,,RMAP_151_1_0;RMAP_151_2_0;RMAP_151_3_0;RMAP_151_5_0;RMAP_151_7_0;RMAP_151_11_0;RMAP_152_1_0;RMAP_152_1_1,RMAP_154_2_0;RMAP_154_2_1
F152_051_00,D03_SAFETY_GOTO,6390,F154_051_00,12,entrance-id-missing,,RMAP_151_1_0;RMAP_151_2_0;RMAP_151_3_0;RMAP_151_5_0;RMAP_151_7_0;RMAP_151_11_0;RMAP_152_1_0;RMAP_152_1_1,RMAP_154_1_0;RMAP_154_3_0;RMAP_154_3_1;RMAP_154_3_2;RMAP_154_5_0;RMAP_154_14_0;RMAP_154_14_1
F152_051_00,D03_SAFETY_GOTO,6399,F154_003_00,10,field-and-entrance-resolved,,RMAP_151_1_0;RMAP_151_2_0;RMAP_151_3_0;RMAP_151_5_0;RMAP_151_7_0;RMAP_151_11_0;RMAP_152_1_0;RMAP_152_1_1,RMAP_154_3_0;RMAP_154_3_1;RMAP_154_3_2
F152_051_00,D03_SAFETY_GOTO,6403,F154_051_00,13,entrance-id-missing,,RMAP_151_1_0;RMAP_151_2_0;RMAP_151_3_0;RMAP_151_5_0;RMAP_151_7_0;RMAP_151_11_0;RMAP_152_1_0;RMAP_152_1_1,RMAP_154_1_0;RMAP_154_3_0;RMAP_154_3_1;RMAP_154_3_2;RMAP_154_5_0;RMAP_154_14_0;RMAP_154_14_1
F152_051_00,D03_SAFETY_GOTO,6412,F154_003_00,11,field-and-entrance-resolved,,RMAP_151_1_0;RMAP_151_2_0;RMAP_151_3_0;RMAP_151_5_0;RMAP_151_7_0;RMAP_151_11_0;RMAP_152_1_0;RMAP_152_1_1,RMAP_154_3_0;RMAP_154_3_1;RMAP_154_3_2
F152_051_00,D03_SAFETY_GOTO,6416,F154_051_00,14,entrance-id-missing,,RMAP_151_1_0;RMAP_151_2_0;RMAP_151_3_0;RMAP_151_5_0;RMAP_151_7_0;RMAP_151_11_0;RMAP_152_1_0;RMAP_152_1_1,RMAP_154_1_0;RMAP_154_3_0;RMAP_154_3_1;RMAP_154_3_2;RMAP_154_5_0;RMAP_154_14_0;RMAP_154_14_1
F152_051_00,D03_SAFETY_GOTO,6425,F154_012_00,10,target-fbn-missing,,RMAP_151_1_0;RMAP_151_2_0;RMAP_151_3_0;RMAP_151_5_0;RMAP_151_7_0;RMAP_151_11_0;RMAP_152_1_0;RMAP_152_1_1,RMAP_154_12_0;RMAP_154_12_1;RMAP_154_12_2
F152_051_00,D03_SAFETY_GOTO,6429,F154_051_00,15,entrance-id-missing,,RMAP_151_1_0;RMAP_151_2_0;RMAP_151_3_0;RMAP_151_5_0;RMAP_151_7_0;RMAP_151_11_0;RMAP_152_1_0;RMAP_152_1_1,RMAP_154_1_0;RMAP_154_3_0;RMAP_154_3_1;RMAP_154_3_2;RMAP_154_5_0;RMAP_154_14_0;RMAP_154_14_1
F152_051_00,D03_SAFETY_GOTO,6438,F154_014_00,10,field-and-entrance-resolved,,RMAP_151_1_0;RMAP_151_2_0;RMAP_151_3_0;RMAP_151_5_0;RMAP_151_7_0;RMAP_151_11_0;RMAP_152_1_0;RMAP_152_1_1,RMAP_154_14_0;RMAP_154_14_1
F152_051_00,D03_SAFETY_GOTO,6442,,,dynamic-arguments,,RMAP_151_1_0;RMAP_151_2_0;RMAP_151_3_0;RMAP_151_5_0;RMAP_151_7_0;RMAP_151_11_0;RMAP_152_1_0;RMAP_152_1_1,
F152_051_00,D03_SAFETY_GOTO,6451,F154_005_00,10,field-and-entrance-resolved,,RMAP_151_1_0;RMAP_151_2_0;RMAP_151_3_0;RMAP_151_5_0;RMAP_151_7_0;RMAP_151_11_0;RMAP_152_1_0;RMAP_152_1_1,RMAP_154_5_0;RMAP_154_5_1
F152_051_00,D03_SAFETY_GOTO,6455,F154_051_00,17,entrance-id-missing,,RMAP_151_1_0;RMAP_151_2_0;RMAP_151_3_0;RMAP_151_5_0;RMAP_151_7_0;RMAP_151_11_0;RMAP_152_1_0;RMAP_152_1_1,RMAP_154_1_0;RMAP_154_3_0;RMAP_154_3_1;RMAP_154_3_2;RMAP_154_5_0;RMAP_154_14_0;RMAP_154_14_1
F152_051_00,D04_SAFETY_GOTO,6488,F155_001_00,10,field-and-entrance-resolved,,RMAP_151_1_0;RMAP_151_2_0;RMAP_151_3_0;RMAP_151_5_0;RMAP_151_7_0;RMAP_151_11_0;RMAP_152_1_0;RMAP_152_1_1,RMAP_155_1_0
F152_051_00,D04_SAFETY_GOTO,6492,F155_001_00,5,field-and-entrance-resolved,,RMAP_151_1_0;RMAP_151_2_0;RMAP_151_3_0;RMAP_151_5_0;RMAP_151_7_0;RMAP_151_11_0;RMAP_152_1_0;RMAP_152_1_1,RMAP_155_1_0
F152_051_00,D04_SAFETY_GOTO,6501,F155_011_00,20,field-and-entrance-resolved,,RMAP_151_1_0;RMAP_151_2_0;RMAP_151_3_0;RMAP_151_5_0;RMAP_151_7_0;RMAP_151_11_0;RMAP_152_1_0;RMAP_152_1_1,RMAP_155_11_0;RMAP_155_11_1;RMAP_155_11_2;RMAP_155_11_3
F152_051_00,D04_SAFETY_GOTO,6505,F155_051_00,11,entrance-id-missing,,RMAP_151_1_0;RMAP_151_2_0;RMAP_151_3_0;RMAP_151_5_0;RMAP_151_7_0;RMAP_151_11_0;RMAP_152_1_0;RMAP_152_1_1,RMAP_155_1_0;RMAP_155_2_0;RMAP_155_2_1;RMAP_155_4_0;RMAP_155_4_1;RMAP_155_9_0;RMAP_155_9_1
F152_051_00,D04_SAFETY_GOTO,6514,F155_002_00,20,field-and-entrance-resolved,,RMAP_151_1_0;RMAP_151_2_0;RMAP_151_3_0;RMAP_151_5_0;RMAP_151_7_0;RMAP_151_11_0;RMAP_152_1_0;RMAP_152_1_1,RMAP_155_2_0;RMAP_155_2_1;RMAP_155_12_0;RMAP_155_12_1
F152_051_00,D04_SAFETY_GOTO,6518,F155_051_00,12,entrance-id-missing,,RMAP_151_1_0;RMAP_151_2_0;RMAP_151_3_0;RMAP_151_5_0;RMAP_151_7_0;RMAP_151_11_0;RMAP_152_1_0;RMAP_152_1_1,RMAP_155_1_0;RMAP_155_2_0;RMAP_155_2_1;RMAP_155_4_0;RMAP_155_4_1;RMAP_155_9_0;RMAP_155_9_1
F152_051_00,D04_SAFETY_GOTO,6527,F155_002_00,21,field-and-entrance-resolved,,RMAP_151_1_0;RMAP_151_2_0;RMAP_151_3_0;RMAP_151_5_0;RMAP_151_7_0;RMAP_151_11_0;RMAP_152_1_0;RMAP_152_1_1,RMAP_155_2_0;RMAP_155_2_1;RMAP_155_12_0;RMAP_155_12_1
F152_051_00,D04_SAFETY_GOTO,6531,F155_051_00,13,entrance-id-missing,,RMAP_151_1_0;RMAP_151_2_0;RMAP_151_3_0;RMAP_151_5_0;RMAP_151_7_0;RMAP_151_11_0;RMAP_152_1_0;RMAP_152_1_1,RMAP_155_1_0;RMAP_155_2_0;RMAP_155_2_1;RMAP_155_4_0;RMAP_155_4_1;RMAP_155_9_0;RMAP_155_9_1
F152_051_00,D04_SAFETY_GOTO,6540,F155_002_00,22,field-and-entrance-resolved,,RMAP_151_1_0;RMAP_151_2_0;RMAP_151_3_0;RMAP_151_5_0;RMAP_151_7_0;RMAP_151_11_0;RMAP_152_1_0;RMAP_152_1_1,RMAP_155_2_0;RMAP_155_2_1;RMAP_155_12_0;RMAP_155_12_1
F152_051_00,D04_SAFETY_GOTO,6544,F155_051_00,14,entrance-id-missing,,RMAP_151_1_0;RMAP_151_2_0;RMAP_151_3_0;RMAP_151_5_0;RMAP_151_7_0;RMAP_151_11_0;RMAP_152_1_0;RMAP_152_1_1,RMAP_155_1_0;RMAP_155_2_0;RMAP_155_2_1;RMAP_155_4_0;RMAP_155_4_1;RMAP_155_9_0;RMAP_155_9_1
F152_051_00,D04_SAFETY_GOTO,6553,F155_004_00,21,field-and-entrance-resolved,,RMAP_151_1_0;RMAP_151_2_0;RMAP_151_3_0;RMAP_151_5_0;RMAP_151_7_0;RMAP_151_11_0;RMAP_152_1_0;RMAP_152_1_1,RMAP_155_4_0;RMAP_155_4_1
F152_051_00,D04_SAFETY_GOTO,6557,F155_051_00,15,entrance-id-missing,,RMAP_151_1_0;RMAP_151_2_0;RMAP_151_3_0;RMAP_151_5_0;RMAP_151_7_0;RMAP_151_11_0;RMAP_152_1_0;RMAP_152_1_1,RMAP_155_1_0;RMAP_155_2_0;RMAP_155_2_1;RMAP_155_4_0;RMAP_155_4_1;RMAP_155_9_0;RMAP_155_9_1
F152_051_00,D04_SAFETY_GOTO,6566,F155_004_00,20,field-and-entrance-resolved,,RMAP_151_1_0;RMAP_151_2_0;RMAP_151_3_0;RMAP_151_5_0;RMAP_151_7_0;RMAP_151_11_0;RMAP_152_1_0;RMAP_152_1_1,RMAP_155_4_0;RMAP_155_4_1
F152_051_00,D04_SAFETY_GOTO,6570,F155_051_00,17,entrance-id-missing,,RMAP_151_1_0;RMAP_151_2_0;RMAP_151_3_0;RMAP_151_5_0;RMAP_151_7_0;RMAP_151_11_0;RMAP_152_1_0;RMAP_152_1_1,RMAP_155_1_0;RMAP_155_2_0;RMAP_155_2_1;RMAP_155_4_0;RMAP_155_4_1;RMAP_155_9_0;RMAP_155_9_1
F152_051_00,D05_SAFETY_GOTO,6600,F156_001_00,5,entrance-id-missing,,RMAP_151_1_0;RMAP_151_2_0;RMAP_151_3_0;RMAP_151_5_0;RMAP_151_7_0;RMAP_151_11_0;RMAP_152_1_0;RMAP_152_1_1,RMAP_156_1_0
F152_051_00,D05_SAFETY_GOTO,6607,F156_003_00,20,field-and-entrance-resolved,,RMAP_151_1_0;RMAP_151_2_0;RMAP_151_3_0;RMAP_151_5_0;RMAP_151_7_0;RMAP_151_11_0;RMAP_152_1_0;RMAP_152_1_1,RMAP_156_3_0;RMAP_156_3_1
F152_051_00,D05_SAFETY_GOTO,6611,F156_051_00,11,entrance-id-missing,,RMAP_151_1_0;RMAP_151_2_0;RMAP_151_3_0;RMAP_151_5_0;RMAP_151_7_0;RMAP_151_11_0;RMAP_152_1_0;RMAP_152_1_1,RMAP_156_1_0;RMAP_156_3_0;RMAP_156_3_1;RMAP_156_4_0;RMAP_156_6_0;RMAP_156_7_0;RMAP_156_7_1;RMAP_156_9_0;RMAP_156_10_0;RMAP_156_10_1;RMAP_156_12_0;RMAP_156_13_0
F152_051_00,D05_SAFETY_GOTO,6620,F156_013_00,2,field-and-entrance-resolved,,RMAP_151_1_0;RMAP_151_2_0;RMAP_151_3_0;RMAP_151_5_0;RMAP_151_7_0;RMAP_151_11_0;RMAP_152_1_0;RMAP_152_1_1,RMAP_156_13_0
F152_051_00,D05_SAFETY_GOTO,6624,F156_051_00,12,entrance-id-missing,,RMAP_151_1_0;RMAP_151_2_0;RMAP_151_3_0;RMAP_151_5_0;RMAP_151_7_0;RMAP_151_11_0;RMAP_152_1_0;RMAP_152_1_1,RMAP_156_1_0;RMAP_156_3_0;RMAP_156_3_1;RMAP_156_4_0;RMAP_156_6_0;RMAP_156_7_0;RMAP_156_7_1;RMAP_156_9_0;RMAP_156_10_0;RMAP_156_10_1;RMAP_156_12_0;RMAP_156_13_0
F152_051_00,D05_SAFETY_GOTO,6633,F156_004_00,20,field-and-entrance-resolved,,RMAP_151_1_0;RMAP_151_2_0;RMAP_151_3_0;RMAP_151_5_0;RMAP_151_7_0;RMAP_151_11_0;RMAP_152_1_0;RMAP_152_1_1,RMAP_156_4_0
F152_051_00,D05_SAFETY_GOTO,6637,F156_051_00,13,entrance-id-missing,,RMAP_151_1_0;RMAP_151_2_0;RMAP_151_3_0;RMAP_151_5_0;RMAP_151_7_0;RMAP_151_11_0;RMAP_152_1_0;RMAP_152_1_1,RMAP_156_1_0;RMAP_156_3_0;RMAP_156_3_1;RMAP_156_4_0;RMAP_156_6_0;RMAP_156_7_0;RMAP_156_7_1;RMAP_156_9_0;RMAP_156_10_0;RMAP_156_10_1;RMAP_156_12_0;RMAP_156_13_0
F152_051_00,D05_SAFETY_GOTO,6646,F156_007_00,20,field-and-entrance-resolved,,RMAP_151_1_0;RMAP_151_2_0;RMAP_151_3_0;RMAP_151_5_0;RMAP_151_7_0;RMAP_151_11_0;RMAP_152_1_0;RMAP_152_1_1,RMAP_156_7_0;RMAP_156_7_1
F152_051_00,D05_SAFETY_GOTO,6650,F156_051_00,14,entrance-id-missing,,RMAP_151_1_0;RMAP_151_2_0;RMAP_151_3_0;RMAP_151_5_0;RMAP_151_7_0;RMAP_151_11_0;RMAP_152_1_0;RMAP_152_1_1,RMAP_156_1_0;RMAP_156_3_0;RMAP_156_3_1;RMAP_156_4_0;RMAP_156_6_0;RMAP_156_7_0;RMAP_156_7_1;RMAP_156_9_0;RMAP_156_10_0;RMAP_156_10_1;RMAP_156_12_0;RMAP_156_13_0
F152_051_00,D05_SAFETY_GOTO,6659,F156_009_00,20,field-and-entrance-resolved,,RMAP_151_1_0;RMAP_151_2_0;RMAP_151_3_0;RMAP_151_5_0;RMAP_151_7_0;RMAP_151_11_0;RMAP_152_1_0;RMAP_152_1_1,RMAP_156_9_0
F152_051_00,D05_SAFETY_GOTO,6663,F156_051_00,15,entrance-id-missing,,RMAP_151_1_0;RMAP_151_2_0;RMAP_151_3_0;RMAP_151_5_0;RMAP_151_7_0;RMAP_151_11_0;RMAP_152_1_0;RMAP_152_1_1,RMAP_156_1_0;RMAP_156_3_0;RMAP_156_3_1;RMAP_156_4_0;RMAP_156_6_0;RMAP_156_7_0;RMAP_156_7_1;RMAP_156_9_0;RMAP_156_10_0;RMAP_156_10_1;RMAP_156_12_0;RMAP_156_13_0
F152_051_00,D05_SAFETY_GOTO,6672,F156_012_00,20,field-and-entrance-resolved,,RMAP_151_1_0;RMAP_151_2_0;RMAP_151_3_0;RMAP_151_5_0;RMAP_151_7_0;RMAP_151_11_0;RMAP_152_1_0;RMAP_152_1_1,RMAP_156_12_0
F152_051_00,D05_SAFETY_GOTO,6676,,,dynamic-arguments,,RMAP_151_1_0;RMAP_151_2_0;RMAP_151_3_0;RMAP_151_5_0;RMAP_151_7_0;RMAP_151_11_0;RMAP_152_1_0;RMAP_152_1_1,
F152_051_00,D05_SAFETY_GOTO,6685,F156_006_00,50,field-and-entrance-resolved,,RMAP_151_1_0;RMAP_151_2_0;RMAP_151_3_0;RMAP_151_5_0;RMAP_151_7_0;RMAP_151_11_0;RMAP_152_1_0;RMAP_152_1_1,RMAP_156_6_0
F152_051_00,D05_SAFETY_GOTO,6689,F156_051_00,17,entrance-id-missing,,RMAP_151_1_0;RMAP_151_2_0;RMAP_151_3_0;RMAP_151_5_0;RMAP_151_7_0;RMAP_151_11_0;RMAP_152_1_0;RMAP_152_1_1,RMAP_156_1_0;RMAP_156_3_0;RMAP_156_3_1;RMAP_156_4_0;RMAP_156_6_0;RMAP_156_7_0;RMAP_156_7_1;RMAP_156_9_0;RMAP_156_10_0;RMAP_156_10_1;RMAP_156_12_0;RMAP_156_13_0
F152_051_00,D05_SAFETY_GOTO,6698,F156_010_00,20,field-and-entrance-resolved,,RMAP_151_1_0;RMAP_151_2_0;RMAP_151_3_0;RMAP_151_5_0;RMAP_151_7_0;RMAP_151_11_0;RMAP_152_1_0;RMAP_152_1_1,RMAP_156_10_0;RMAP_156_10_1;RMAP_156_10_2
F152_051_00,D05_SAFETY_GOTO,6702,F156_051_00,18,entrance-id-missing,,RMAP_151_1_0;RMAP_151_2_0;RMAP_151_3_0;RMAP_151_5_0;RMAP_151_7_0;RMAP_151_11_0;RMAP_152_1_0;RMAP_152_1_1,RMAP_156_1_0;RMAP_156_3_0;RMAP_156_3_1;RMAP_156_4_0;RMAP_156_6_0;RMAP_156_7_0;RMAP_156_7_1;RMAP_156_9_0;RMAP_156_10_0;RMAP_156_10_1;RMAP_156_12_0;RMAP_156_13_0
F152_051_00,D06_SAFETY_GOTO,6732,F157_001_00,2,field-and-entrance-resolved,,RMAP_151_1_0;RMAP_151_2_0;RMAP_151_3_0;RMAP_151_5_0;RMAP_151_7_0;RMAP_151_11_0;RMAP_152_1_0;RMAP_152_1_1,RMAP_157_1_0;RMAP_157_1_1
F152_051_00,D06_SAFETY_GOTO,6739,F157_004_00,4,field-and-entrance-resolved,,RMAP_151_1_0;RMAP_151_2_0;RMAP_151_3_0;RMAP_151_5_0;RMAP_151_7_0;RMAP_151_11_0;RMAP_152_1_0;RMAP_152_1_1,RMAP_157_4_0;RMAP_157_4_1
F152_051_00,D06_SAFETY_GOTO,6743,F157_051_00,11,entrance-id-missing,,RMAP_151_1_0;RMAP_151_2_0;RMAP_151_3_0;RMAP_151_5_0;RMAP_151_7_0;RMAP_151_11_0;RMAP_152_1_0;RMAP_152_1_1,RMAP_157_1_0;RMAP_157_1_1;RMAP_157_4_0;RMAP_157_4_1;RMAP_157_5_0;RMAP_157_5_1;RMAP_157_6_0;RMAP_157_8_0;RMAP_157_8_1;RMAP_157_11_0;RMAP_157_12_0;RMAP_157_13_0;RMAP_157_15_0
F152_051_00,D06_SAFETY_GOTO,6752,F157_005_00,10,field-and-entrance-resolved,,RMAP_151_1_0;RMAP_151_2_0;RMAP_151_3_0;RMAP_151_5_0;RMAP_151_7_0;RMAP_151_11_0;RMAP_152_1_0;RMAP_152_1_1,RMAP_157_5_0
F152_051_00,D06_SAFETY_GOTO,6756,F157_052_00,12,entrance-id-missing,,RMAP_151_1_0;RMAP_151_2_0;RMAP_151_3_0;RMAP_151_5_0;RMAP_151_7_0;RMAP_151_11_0;RMAP_152_1_0;RMAP_152_1_1,RMAP_157_1_0;RMAP_157_1_1;RMAP_157_4_0;RMAP_157_4_1;RMAP_157_5_0;RMAP_157_5_1;RMAP_157_6_0;RMAP_157_8_0;RMAP_157_8_1;RMAP_157_11_0;RMAP_157_12_0;RMAP_157_13_0;RMAP_157_15_0
F152_051_00,D06_SAFETY_GOTO,6765,F157_006_00,3,field-and-entrance-resolved,,RMAP_151_1_0;RMAP_151_2_0;RMAP_151_3_0;RMAP_151_5_0;RMAP_151_7_0;RMAP_151_11_0;RMAP_152_1_0;RMAP_152_1_1,RMAP_157_6_0
F152_051_00,D06_SAFETY_GOTO,6769,F157_051_00,13,entrance-id-missing,,RMAP_151_1_0;RMAP_151_2_0;RMAP_151_3_0;RMAP_151_5_0;RMAP_151_7_0;RMAP_151_11_0;RMAP_152_1_0;RMAP_152_1_1,RMAP_157_1_0;RMAP_157_1_1;RMAP_157_4_0;RMAP_157_4_1;RMAP_157_5_0;RMAP_157_5_1;RMAP_157_6_0;RMAP_157_8_0;RMAP_157_8_1;RMAP_157_11_0;RMAP_157_12_0;RMAP_157_13_0;RMAP_157_15_0
F152_051_00,D06_SAFETY_GOTO,6778,F157_008_00,10,field-and-entrance-resolved,,RMAP_151_1_0;RMAP_151_2_0;RMAP_151_3_0;RMAP_151_5_0;RMAP_151_7_0;RMAP_151_11_0;RMAP_152_1_0;RMAP_152_1_1,RMAP_157_8_0;RMAP_157_8_1
F152_051_00,D06_SAFETY_GOTO,6782,F157_052_00,14,entrance-id-missing,,RMAP_151_1_0;RMAP_151_2_0;RMAP_151_3_0;RMAP_151_5_0;RMAP_151_7_0;RMAP_151_11_0;RMAP_152_1_0;RMAP_152_1_1,RMAP_157_1_0;RMAP_157_1_1;RMAP_157_4_0;RMAP_157_4_1;RMAP_157_5_0;RMAP_157_5_1;RMAP_157_6_0;RMAP_157_8_0;RMAP_157_8_1;RMAP_157_11_0;RMAP_157_12_0;RMAP_157_13_0;RMAP_157_15_0
F152_051_00,D06_SAFETY_GOTO,6791,F157_011_00,10,field-and-entrance-resolved,,RMAP_151_1_0;RMAP_151_2_0;RMAP_151_3_0;RMAP_151_5_0;RMAP_151_7_0;RMAP_151_11_0;RMAP_152_1_0;RMAP_152_1_1,RMAP_157_11_0;RMAP_157_11_1;RMAP_157_11_2
F152_051_00,D06_SAFETY_GOTO,6795,F157_051_00,15,entrance-id-missing,,RMAP_151_1_0;RMAP_151_2_0;RMAP_151_3_0;RMAP_151_5_0;RMAP_151_7_0;RMAP_151_11_0;RMAP_152_1_0;RMAP_152_1_1,RMAP_157_1_0;RMAP_157_1_1;RMAP_157_4_0;RMAP_157_4_1;RMAP_157_5_0;RMAP_157_5_1;RMAP_157_6_0;RMAP_157_8_0;RMAP_157_8_1;RMAP_157_11_0;RMAP_157_12_0;RMAP_157_13_0;RMAP_157_15_0
F152_051_00,D06_SAFETY_GOTO,6804,F157_012_00,10,field-and-entrance-resolved,,RMAP_151_1_0;RMAP_151_2_0;RMAP_151_3_0;RMAP_151_5_0;RMAP_151_7_0;RMAP_151_11_0;RMAP_152_1_0;RMAP_152_1_1,RMAP_157_12_0
F152_051_00,D06_SAFETY_GOTO,6808,,,dynamic-arguments,,RMAP_151_1_0;RMAP_151_2_0;RMAP_151_3_0;RMAP_151_5_0;RMAP_151_7_0;RMAP_151_11_0;RMAP_152_1_0;RMAP_152_1_1,
F152_051_00,D06_SAFETY_GOTO,6817,F157_013_00,10,field-and-entrance-resolved,,RMAP_151_1_0;RMAP_151_2_0;RMAP_151_3_0;RMAP_151_5_0;RMAP_151_7_0;RMAP_151_11_0;RMAP_152_1_0;RMAP_152_1_1,RMAP_157_13_0
F152_051_00,D06_SAFETY_GOTO,6821,F157_051_00,17,entrance-id-missing,,RMAP_151_1_0;RMAP_151_2_0;RMAP_151_3_0;RMAP_151_5_0;RMAP_151_7_0;RMAP_151_11_0;RMAP_152_1_0;RMAP_152_1_1,RMAP_157_1_0;RMAP_157_1_1;RMAP_157_4_0;RMAP_157_4_1;RMAP_157_5_0;RMAP_157_5_1;RMAP_157_6_0;RMAP_157_8_0;RMAP_157_8_1;RMAP_157_11_0;RMAP_157_12_0;RMAP_157_13_0;RMAP_157_15_0
F152_051_00,D06_SAFETY_GOTO,6830,F157_015_00,10,field-and-entrance-resolved,,RMAP_151_1_0;RMAP_151_2_0;RMAP_151_3_0;RMAP_151_5_0;RMAP_151_7_0;RMAP_151_11_0;RMAP_152_1_0;RMAP_152_1_1,RMAP_157_15_0
F152_051_00,D06_SAFETY_GOTO,6834,F157_051_00,18,entrance-id-missing,,RMAP_151_1_0;RMAP_151_2_0;RMAP_151_3_0;RMAP_151_5_0;RMAP_151_7_0;RMAP_151_11_0;RMAP_152_1_0;RMAP_152_1_1,RMAP_157_1_0;RMAP_157_1_1;RMAP_157_4_0;RMAP_157_4_1;RMAP_157_5_0;RMAP_157_5_1;RMAP_157_6_0;RMAP_157_8_0;RMAP_157_8_1;RMAP_157_11_0;RMAP_157_12_0;RMAP_157_13_0;RMAP_157_15_0
F152_051_00,D07_SAFETY_GOTO,6864,F159_001_00,2,field-and-entrance-resolved,,RMAP_151_1_0;RMAP_151_2_0;RMAP_151_3_0;RMAP_151_5_0;RMAP_151_7_0;RMAP_151_11_0;RMAP_152_1_0;RMAP_152_1_1,RMAP_159_1_0
F152_051_00,D07_SAFETY_GOTO,6871,F159_004_00,20,field-and-entrance-resolved,,RMAP_151_1_0;RMAP_151_2_0;RMAP_151_3_0;RMAP_151_5_0;RMAP_151_7_0;RMAP_151_11_0;RMAP_152_1_0;RMAP_152_1_1,RMAP_159_3_0;RMAP_159_3_1
F152_051_00,D07_SAFETY_GOTO,6875,F159_051_00,11,entrance-id-missing,,RMAP_151_1_0;RMAP_151_2_0;RMAP_151_3_0;RMAP_151_5_0;RMAP_151_7_0;RMAP_151_11_0;RMAP_152_1_0;RMAP_152_1_1,RMAP_159_1_0;RMAP_159_3_0;RMAP_159_3_1;RMAP_159_6_0;RMAP_159_6_1;RMAP_159_6_2;RMAP_159_6_3;RMAP_159_7_0;RMAP_159_7_1;RMAP_159_10_0;RMAP_159_10_1;RMAP_159_11_0;RMAP_159_11_1;RMAP_159_11_2;RMAP_159_11_3
F152_051_00,D07_SAFETY_GOTO,6884,F159_020_00,20,field-and-entrance-resolved,,RMAP_151_1_0;RMAP_151_2_0;RMAP_151_3_0;RMAP_151_5_0;RMAP_151_7_0;RMAP_151_11_0;RMAP_152_1_0;RMAP_152_1_1,RMAP_159_20_0;RMAP_159_20_1
F152_051_00,D07_SAFETY_GOTO,6888,F159_051_00,12,entrance-id-missing,,RMAP_151_1_0;RMAP_151_2_0;RMAP_151_3_0;RMAP_151_5_0;RMAP_151_7_0;RMAP_151_11_0;RMAP_152_1_0;RMAP_152_1_1,RMAP_159_1_0;RMAP_159_3_0;RMAP_159_3_1;RMAP_159_6_0;RMAP_159_6_1;RMAP_159_6_2;RMAP_159_6_3;RMAP_159_7_0;RMAP_159_7_1;RMAP_159_10_0;RMAP_159_10_1;RMAP_159_11_0;RMAP_159_11_1;RMAP_159_11_2;RMAP_159_11_3
F152_051_00,D07_SAFETY_GOTO,6897,F159_010_00,20,field-and-entrance-resolved,,RMAP_151_1_0;RMAP_151_2_0;RMAP_151_3_0;RMAP_151_5_0;RMAP_151_7_0;RMAP_151_11_0;RMAP_152_1_0;RMAP_152_1_1,RMAP_159_10_0;RMAP_159_10_1
F152_051_00,D07_SAFETY_GOTO,6901,F159_051_00,13,entrance-id-missing,,RMAP_151_1_0;RMAP_151_2_0;RMAP_151_3_0;RMAP_151_5_0;RMAP_151_7_0;RMAP_151_11_0;RMAP_152_1_0;RMAP_152_1_1,RMAP_159_1_0;RMAP_159_3_0;RMAP_159_3_1;RMAP_159_6_0;RMAP_159_6_1;RMAP_159_6_2;RMAP_159_6_3;RMAP_159_7_0;RMAP_159_7_1;RMAP_159_10_0;RMAP_159_10_1;RMAP_159_11_0;RMAP_159_11_1;RMAP_159_11_2;RMAP_159_11_3
F152_051_00,D07_SAFETY_GOTO,6910,F159_025_00,20,field-and-entrance-resolved,,RMAP_151_1_0;RMAP_151_2_0;RMAP_151_3_0;RMAP_151_5_0;RMAP_151_7_0;RMAP_151_11_0;RMAP_152_1_0;RMAP_152_1_1,RMAP_159_25_0;RMAP_159_25_1
F152_051_00,D07_SAFETY_GOTO,6914,F159_051_00,17,entrance-id-missing,,RMAP_151_1_0;RMAP_151_2_0;RMAP_151_3_0;RMAP_151_5_0;RMAP_151_7_0;RMAP_151_11_0;RMAP_152_1_0;RMAP_152_1_1,RMAP_159_1_0;RMAP_159_3_0;RMAP_159_3_1;RMAP_159_6_0;RMAP_159_6_1;RMAP_159_6_2;RMAP_159_6_3;RMAP_159_7_0;RMAP_159_7_1;RMAP_159_10_0;RMAP_159_10_1;RMAP_159_11_0;RMAP_159_11_1;RMAP_159_11_2;RMAP_159_11_3
F152_051_00,D07_SAFETY_GOTO,6923,F159_007_00,20,field-and-entrance-resolved,,RMAP_151_1_0;RMAP_151_2_0;RMAP_151_3_0;RMAP_151_5_0;RMAP_151_7_0;RMAP_151_11_0;RMAP_152_1_0;RMAP_152_1_1,RMAP_159_7_0;RMAP_159_7_1
F152_051_00,D07_SAFETY_GOTO,6927,F159_051_00,14,entrance-id-missing,,RMAP_151_1_0;RMAP_151_2_0;RMAP_151_3_0;RMAP_151_5_0;RMAP_151_7_0;RMAP_151_11_0;RMAP_152_1_0;RMAP_152_1_1,RMAP_159_1_0;RMAP_159_3_0;RMAP_159_3_1;RMAP_159_6_0;RMAP_159_6_1;RMAP_159_6_2;RMAP_159_6_3;RMAP_159_7_0;RMAP_159_7_1;RMAP_159_10_0;RMAP_159_10_1;RMAP_159_11_0;RMAP_159_11_1;RMAP_159_11_2;RMAP_159_11_3
F152_051_00,D07_SAFETY_GOTO,6936,F159_006_00,20,field-and-entrance-resolved,,RMAP_151_1_0;RMAP_151_2_0;RMAP_151_3_0;RMAP_151_5_0;RMAP_151_7_0;RMAP_151_11_0;RMAP_152_1_0;RMAP_152_1_1,RMAP_159_6_0;RMAP_159_6_1;RMAP_159_6_2;RMAP_159_6_3
F152_051_00,D07_SAFETY_GOTO,6940,F159_051_00,15,entrance-id-missing,,RMAP_151_1_0;RMAP_151_2_0;RMAP_151_3_0;RMAP_151_5_0;RMAP_151_7_0;RMAP_151_11_0;RMAP_152_1_0;RMAP_152_1_1,RMAP_159_1_0;RMAP_159_3_0;RMAP_159_3_1;RMAP_159_6_0;RMAP_159_6_1;RMAP_159_6_2;RMAP_159_6_3;RMAP_159_7_0;RMAP_159_7_1;RMAP_159_10_0;RMAP_159_10_1;RMAP_159_11_0;RMAP_159_11_1;RMAP_159_11_2;RMAP_159_11_3
F152_051_00,D07_SAFETY_GOTO,6949,F159_011_00,20,field-and-entrance-resolved,,RMAP_151_1_0;RMAP_151_2_0;RMAP_151_3_0;RMAP_151_5_0;RMAP_151_7_0;RMAP_151_11_0;RMAP_152_1_0;RMAP_152_1_1,RMAP_159_11_0;RMAP_159_11_1;RMAP_159_11_2;RMAP_159_11_3;RMAP_159_11_4
F152_051_00,D07_SAFETY_GOTO,6953,,,dynamic-arguments,,RMAP_151_1_0;RMAP_151_2_0;RMAP_151_3_0;RMAP_151_5_0;RMAP_151_7_0;RMAP_151_11_0;RMAP_152_1_0;RMAP_152_1_1,
F152_051_00,D07_SAFETY_GOTO,6962,F159_003_00,20,field-and-entrance-resolved,,RMAP_151_1_0;RMAP_151_2_0;RMAP_151_3_0;RMAP_151_5_0;RMAP_151_7_0;RMAP_151_11_0;RMAP_152_1_0;RMAP_152_1_1,RMAP_159_3_0;RMAP_159_3_1
F152_051_00,D07_SAFETY_GOTO,6966,F159_051_00,18,entrance-id-missing,,RMAP_151_1_0;RMAP_151_2_0;RMAP_151_3_0;RMAP_151_5_0;RMAP_151_7_0;RMAP_151_11_0;RMAP_152_1_0;RMAP_152_1_1,RMAP_159_1_0;RMAP_159_3_0;RMAP_159_3_1;RMAP_159_6_0;RMAP_159_6_1;RMAP_159_6_2;RMAP_159_6_3;RMAP_159_7_0;RMAP_159_7_1;RMAP_159_10_0;RMAP_159_10_1;RMAP_159_11_0;RMAP_159_11_1;RMAP_159_11_2;RMAP_159_11_3
F152_051_00,D08_SAFETY_GOTO,6996,F161_001_00,0,field-and-entrance-resolved,,RMAP_151_1_0;RMAP_151_2_0;RMAP_151_3_0;RMAP_151_5_0;RMAP_151_7_0;RMAP_151_11_0;RMAP_152_1_0;RMAP_152_1_1,RMAP_161_1_0
F152_051_00,D08_SAFETY_GOTO,7003,F161_006_00,20,field-and-entrance-resolved,,RMAP_151_1_0;RMAP_151_2_0;RMAP_151_3_0;RMAP_151_5_0;RMAP_151_7_0;RMAP_151_11_0;RMAP_152_1_0;RMAP_152_1_1,RMAP_161_6_0
F152_051_00,D08_SAFETY_GOTO,7007,F161_051_00,11,entrance-id-missing,,RMAP_151_1_0;RMAP_151_2_0;RMAP_151_3_0;RMAP_151_5_0;RMAP_151_7_0;RMAP_151_11_0;RMAP_152_1_0;RMAP_152_1_1,RMAP_160_1_0;RMAP_160_6_0;RMAP_161_1_0;RMAP_161_6_0;RMAP_161_10_0
F152_051_00,D08_SAFETY_GOTO,7016,F161_010_00,20,field-and-entrance-resolved,,RMAP_151_1_0;RMAP_151_2_0;RMAP_151_3_0;RMAP_151_5_0;RMAP_151_7_0;RMAP_151_11_0;RMAP_152_1_0;RMAP_152_1_1,RMAP_161_10_0
F152_051_00,D08_SAFETY_GOTO,7020,F161_051_00,12,entrance-id-missing,,RMAP_151_1_0;RMAP_151_2_0;RMAP_151_3_0;RMAP_151_5_0;RMAP_151_7_0;RMAP_151_11_0;RMAP_152_1_0;RMAP_152_1_1,RMAP_160_1_0;RMAP_160_6_0;RMAP_161_1_0;RMAP_161_6_0;RMAP_161_10_0
F152_051_00,D08_SAFETY_GOTO,7029,F161_003_00,20,field-and-entrance-resolved,,RMAP_151_1_0;RMAP_151_2_0;RMAP_151_3_0;RMAP_151_5_0;RMAP_151_7_0;RMAP_151_11_0;RMAP_152_1_0;RMAP_152_1_1,RMAP_161_3_0
F152_051_00,D08_SAFETY_GOTO,7033,F161_051_00,13,entrance-id-missing,,RMAP_151_1_0;RMAP_151_2_0;RMAP_151_3_0;RMAP_151_5_0;RMAP_151_7_0;RMAP_151_11_0;RMAP_152_1_0;RMAP_152_1_1,RMAP_160_1_0;RMAP_160_6_0;RMAP_161_1_0;RMAP_161_6_0;RMAP_161_10_0
F152_051_00,D08_SAFETY_GOTO,7042,F161_008_00,20,field-and-entrance-resolved,,RMAP_151_1_0;RMAP_151_2_0;RMAP_151_3_0;RMAP_151_5_0;RMAP_151_7_0;RMAP_151_11_0;RMAP_152_1_0;RMAP_152_1_1,RMAP_161_8_0
F152_051_00,D08_SAFETY_GOTO,7046,F161_051_00,14,entrance-id-missing,,RMAP_151_1_0;RMAP_151_2_0;RMAP_151_3_0;RMAP_151_5_0;RMAP_151_7_0;RMAP_151_11_0;RMAP_152_1_0;RMAP_152_1_1,RMAP_160_1_0;RMAP_160_6_0;RMAP_161_1_0;RMAP_161_6_0;RMAP_161_10_0
F152_051_00,LAST_SAFETY_GOTO,7076,F160_001_00,0,field-and-entrance-resolved,,RMAP_151_1_0;RMAP_151_2_0;RMAP_151_3_0;RMAP_151_5_0;RMAP_151_7_0;RMAP_151_11_0;RMAP_152_1_0;RMAP_152_1_1,RMAP_160_1_0
F152_051_00,LAST_SAFETY_GOTO,7083,F160_006_00,0,field-and-entrance-resolved,,RMAP_151_1_0;RMAP_151_2_0;RMAP_151_3_0;RMAP_151_5_0;RMAP_151_7_0;RMAP_151_11_0;RMAP_152_1_0;RMAP_152_1_1,RMAP_160_6_0
F152_051_00,LAST_SAFETY_GOTO,7087,F160_006_00,0,field-and-entrance-resolved,,RMAP_151_1_0;RMAP_151_2_0;RMAP_151_3_0;RMAP_151_5_0;RMAP_151_7_0;RMAP_151_11_0;RMAP_152_1_0;RMAP_152_1_1,RMAP_160_6_0
F152_051_00,D10_SAFETY_GOTO,7117,F162_001_00,20,field-and-entrance-resolved,,RMAP_151_1_0;RMAP_151_2_0;RMAP_151_3_0;RMAP_151_5_0;RMAP_151_7_0;RMAP_151_11_0;RMAP_152_1_0;RMAP_152_1_1,RMAP_162_1_0
F152_051_00,D10_SAFETY_GOTO,7124,F162_003_00,20,field-and-entrance-resolved,,RMAP_151_1_0;RMAP_151_2_0;RMAP_151_3_0;RMAP_151_5_0;RMAP_151_7_0;RMAP_151_11_0;RMAP_152_1_0;RMAP_152_1_1,RMAP_162_3_0;RMAP_162_3_1
F152_051_00,D10_SAFETY_GOTO,7128,F162_051_00,11,entrance-id-missing,,RMAP_151_1_0;RMAP_151_2_0;RMAP_151_3_0;RMAP_151_5_0;RMAP_151_7_0;RMAP_151_11_0;RMAP_152_1_0;RMAP_152_1_1,RMAP_162_1_0;RMAP_162_3_0;RMAP_162_4_0;RMAP_162_9_0;RMAP_162_11_0;RMAP_162_12_0;RMAP_162_14_0;RMAP_162_15_0
F152_051_00,D10_SAFETY_GOTO,7137,F162_009_00,20,field-and-entrance-resolved,,RMAP_151_1_0;RMAP_151_2_0;RMAP_151_3_0;RMAP_151_5_0;RMAP_151_7_0;RMAP_151_11_0;RMAP_152_1_0;RMAP_152_1_1,RMAP_162_9_0;RMAP_162_9_1;RMAP_162_9_2;RMAP_162_9_3;RMAP_162_9_4
F152_051_00,D10_SAFETY_GOTO,7141,F162_051_00,12,entrance-id-missing,,RMAP_151_1_0;RMAP_151_2_0;RMAP_151_3_0;RMAP_151_5_0;RMAP_151_7_0;RMAP_151_11_0;RMAP_152_1_0;RMAP_152_1_1,RMAP_162_1_0;RMAP_162_3_0;RMAP_162_4_0;RMAP_162_9_0;RMAP_162_11_0;RMAP_162_12_0;RMAP_162_14_0;RMAP_162_15_0
F152_051_00,D10_SAFETY_GOTO,7150,F162_014_00,20,field-and-entrance-resolved,,RMAP_151_1_0;RMAP_151_2_0;RMAP_151_3_0;RMAP_151_5_0;RMAP_151_7_0;RMAP_151_11_0;RMAP_152_1_0;RMAP_152_1_1,RMAP_162_14_0;RMAP_162_14_1;RMAP_162_14_2;RMAP_162_14_3
F152_051_00,D10_SAFETY_GOTO,7154,F162_052_00,13,entrance-id-missing,,RMAP_151_1_0;RMAP_151_2_0;RMAP_151_3_0;RMAP_151_5_0;RMAP_151_7_0;RMAP_151_11_0;RMAP_152_1_0;RMAP_152_1_1,RMAP_162_1_0;RMAP_162_3_0;RMAP_162_4_0;RMAP_162_9_0;RMAP_162_11_0;RMAP_162_12_0;RMAP_162_14_0;RMAP_162_15_0
F152_051_00,D10_SAFETY_GOTO,7163,F162_015_00,20,field-and-entrance-resolved,,RMAP_151_1_0;RMAP_151_2_0;RMAP_151_3_0;RMAP_151_5_0;RMAP_151_7_0;RMAP_151_11_0;RMAP_152_1_0;RMAP_152_1_1,RMAP_162_15_0;RMAP_162_15_1;RMAP_162_15_2
F152_051_00,D10_SAFETY_GOTO,7167,F162_052_00,14,entrance-id-missing,,RMAP_151_1_0;RMAP_151_2_0;RMAP_151_3_0;RMAP_151_5_0;RMAP_151_7_0;RMAP_151_11_0;RMAP_152_1_0;RMAP_152_1_1,RMAP_162_1_0;RMAP_162_3_0;RMAP_162_4_0;RMAP_162_9_0;RMAP_162_11_0;RMAP_162_12_0;RMAP_162_14_0;RMAP_162_15_0
F152_051_00,D10_SAFETY_GOTO,7176,F162_012_00,20,field-and-entrance-resolved,,RMAP_151_1_0;RMAP_151_2_0;RMAP_151_3_0;RMAP_151_5_0;RMAP_151_7_0;RMAP_151_11_0;RMAP_152_1_0;RMAP_152_1_1,RMAP_162_12_0;RMAP_162_12_1
F152_051_00,D10_SAFETY_GOTO,7180,F162_052_00,15,entrance-id-missing,,RMAP_151_1_0;RMAP_151_2_0;RMAP_151_3_0;RMAP_151_5_0;RMAP_151_7_0;RMAP_151_11_0;RMAP_152_1_0;RMAP_152_1_1,RMAP_162_1_0;RMAP_162_3_0;RMAP_162_4_0;RMAP_162_9_0;RMAP_162_11_0;RMAP_162_12_0;RMAP_162_14_0;RMAP_162_15_0
F152_051_00,D10_SAFETY_GOTO,7189,F162_005_00,20,entrance-id-missing,,RMAP_151_1_0;RMAP_151_2_0;RMAP_151_3_0;RMAP_151_5_0;RMAP_151_7_0;RMAP_151_11_0;RMAP_152_1_0;RMAP_152_1_1,RMAP_162_5_0
F152_051_00,D10_SAFETY_GOTO,7193,,,dynamic-arguments,,RMAP_151_1_0;RMAP_151_2_0;RMAP_151_3_0;RMAP_151_5_0;RMAP_151_7_0;RMAP_151_11_0;RMAP_152_1_0;RMAP_152_1_1,
F152_051_00,D10_SAFETY_GOTO,7202,,,dynamic-arguments,,RMAP_151_1_0;RMAP_151_2_0;RMAP_151_3_0;RMAP_151_5_0;RMAP_151_7_0;RMAP_151_11_0;RMAP_152_1_0;RMAP_152_1_1,
F152_051_00,D10_SAFETY_GOTO,7206,F162_052_00,17,entrance-id-missing,,RMAP_151_1_0;RMAP_151_2_0;RMAP_151_3_0;RMAP_151_5_0;RMAP_151_7_0;RMAP_151_11_0;RMAP_152_1_0;RMAP_152_1_1,RMAP_162_1_0;RMAP_162_3_0;RMAP_162_4_0;RMAP_162_9_0;RMAP_162_11_0;RMAP_162_12_0;RMAP_162_14_0;RMAP_162_15_0
F152_051_00,D10_SAFETY_GOTO,7215,F162_002_00,20,field-and-entrance-resolved,,RMAP_151_1_0;RMAP_151_2_0;RMAP_151_3_0;RMAP_151_5_0;RMAP_151_7_0;RMAP_151_11_0;RMAP_152_1_0;RMAP_152_1_1,RMAP_162_2_0;RMAP_162_2_1;RMAP_162_2_2;RMAP_162_2_3
F152_051_00,D10_SAFETY_GOTO,7219,F162_051_00,18,entrance-id-missing,,RMAP_151_1_0;RMAP_151_2_0;RMAP_151_3_0;RMAP_151_5_0;RMAP_151_7_0;RMAP_151_11_0;RMAP_152_1_0;RMAP_152_1_1,RMAP_162_1_0;RMAP_162_3_0;RMAP_162_4_0;RMAP_162_9_0;RMAP_162_11_0;RMAP_162_12_0;RMAP_162_14_0;RMAP_162_15_0
F152_051_00,D10_SAFETY_GOTO,7228,F162_011_00,20,field-and-entrance-resolved,,RMAP_151_1_0;RMAP_151_2_0;RMAP_151_3_0;RMAP_151_5_0;RMAP_151_7_0;RMAP_151_11_0;RMAP_152_1_0;RMAP_152_1_1,RMAP_162_11_0;RMAP_162_11_1;RMAP_162_11_2
F152_051_00,D10_SAFETY_GOTO,7232,F162_052_00,19,entrance-id-missing,,RMAP_151_1_0;RMAP_151_2_0;RMAP_151_3_0;RMAP_151_5_0;RMAP_151_7_0;RMAP_151_11_0;RMAP_152_1_0;RMAP_152_1_1,RMAP_162_1_0;RMAP_162_3_0;RMAP_162_4_0;RMAP_162_9_0;RMAP_162_11_0;RMAP_162_12_0;RMAP_162_14_0;RMAP_162_15_0
F153_001_00,GOTO_153_02_00,186,F153_002_00,0,field-and-entrance-resolved,2,RMAP_153_1_0,RMAP_153_2_0;RMAP_153_2_1
F153_001_00,GOTO_153_02_00,197,F153_002_00,0,field-and-entrance-resolved,2,RMAP_153_1_0,RMAP_153_2_0;RMAP_153_2_1
F153_001_00,EV_SP_ABILITY_TUTORIAL_START,396,F010_003_00,0,field-and-entrance-resolved,12,RMAP_153_1_0,RMAP_001_1_0
F153_001_00,D_VELVET_ROOM,2872,F010_003_00,0,field-and-entrance-resolved,1,RMAP_153_1_0,RMAP_001_1_0
F153_001_00,DUNGEON_EXIT_DEBUG,3226,F001_006_00,10,field-and-entrance-resolved,0,RMAP_153_1_0,RMAP_001_5_0
F153_001_00,DUNGEON_EXIT_DEBUG_EX,3233,F153_001_00,2,field-and-entrance-resolved,0,RMAP_153_1_0,RMAP_153_1_0
F153_002_00,GOTO_153_01_01,122,F153_001_00,1,field-and-entrance-resolved,0,RMAP_153_2_0;RMAP_153_2_1,RMAP_153_1_0
F153_002_00,D02_FIRST_ENTRY_EVENT_02,427,F153_002_00,50,field-and-entrance-resolved,19,RMAP_153_2_0;RMAP_153_2_1,RMAP_153_2_0;RMAP_153_2_1
F153_003_00,GOTO_153_12_01,146,F153_012_00,1,field-and-entrance-resolved,0,RMAP_153_3_0;RMAP_153_3_1;RMAP_153_3_2;RMAP_153_3_3,RMAP_153_2_0;RMAP_153_2_1
F153_003_00,D02_02_e200_140_START,211,F153_003_00,55,field-and-entrance-resolved,2,RMAP_153_3_0;RMAP_153_3_1;RMAP_153_3_2;RMAP_153_3_3,RMAP_153_3_0;RMAP_153_3_1;RMAP_153_3_2;RMAP_153_3_3
F153_003_00,D02_mi_e207_130_02_START,848,F153_002_00,1,field-and-entrance-resolved,25,RMAP_153_3_0;RMAP_153_3_1;RMAP_153_3_2;RMAP_153_3_3,RMAP_153_2_0;RMAP_153_2_1
F153_005_00,GOTO_153_06_00,30,F153_006_00,0,field-and-entrance-resolved,0,RMAP_153_5_0,RMAP_153_6_0;RMAP_153_6_1
F153_005_00,GOTO_153_11_01,39,F153_011_00,1,field-and-entrance-resolved,6,RMAP_153_5_0,
F153_005_00,D02_02_e200_301_START,166,F153_005_00,10,field-and-entrance-resolved,1,RMAP_153_5_0,RMAP_153_5_0
F153_005_00,D02_mi_e205_103_START,204,F153_006_00,0,field-and-entrance-resolved,0,RMAP_153_5_0,RMAP_153_6_0;RMAP_153_6_1
F153_006_00,GOTO_153_05_01,150,F153_005_00,1,field-and-entrance-resolved,0,RMAP_153_6_0;RMAP_153_6_1,RMAP_153_5_0
F153_006_00,GOTO_153_07_00,157,F153_007_00,0,field-and-entrance-resolved,,RMAP_153_6_0;RMAP_153_6_1,RMAP_153_7_0;RMAP_153_7_1;RMAP_153_7_2
F153_006_00,D02_06_ESCAPE_EVENT,863,F153_005_00,1,field-and-entrance-resolved,3,RMAP_153_6_0;RMAP_153_6_1,RMAP_153_5_0
F153_009_00,GOTO_153_11,147,F153_011_00,0,field-and-entrance-resolved,0,RMAP_153_9_0;RMAP_153_9_1;RMAP_153_9_2,
F153_009_00,D02_04_e210_101_START,198,F153_009_00,5,field-and-entrance-resolved,1,RMAP_153_9_0;RMAP_153_9_1;RMAP_153_9_2,RMAP_153_9_0;RMAP_153_9_1;RMAP_153_9_2
F153_009_00,D02_e211_021_START,492,F153_009_00,15,field-and-entrance-resolved,8,RMAP_153_9_0;RMAP_153_9_1;RMAP_153_9_2,RMAP_153_9_0;RMAP_153_9_1;RMAP_153_9_2
F153_009_00,D02_WINDOW_CHECK,587,F153_011_00,0,field-and-entrance-resolved,0,RMAP_153_9_0;RMAP_153_9_1;RMAP_153_9_2,
F153_011_00,GOTO_153_09_01,30,F153_009_00,1,field-and-entrance-resolved,0,,RMAP_153_9_0;RMAP_153_9_1;RMAP_153_9_2
F153_011_00,GOTO_153_05_02,39,F153_005_00,2,field-and-entrance-resolved,1,,RMAP_153_5_0
F153_011_00,D02_ex_e211_065_START,56,F153_005_00,2,field-and-entrance-resolved,2,,RMAP_153_5_0
F153_012_00,GOTO_153_03_00,131,F153_003_00,0,field-and-entrance-resolved,0,RMAP_153_2_0;RMAP_153_2_1,RMAP_153_3_0;RMAP_153_3_1;RMAP_153_3_2;RMAP_153_3_3
F153_051_00,GOTO_ENTRANCE_ACTION,4350,F151_001_00,2,field-and-entrance-resolved,"1,2",RMAP_153_1_0;RMAP_153_2_0;RMAP_153_3_0;RMAP_153_4_0;RMAP_153_5_0;RMAP_153_6_0;RMAP_153_6_1;RMAP_153_7_0;RMAP_153_7_1;RMAP_153_9_0;RMAP_153_9_1;RMAP_153_9_2,RMAP_151_1_0;RMAP_151_1_1
F153_051_00,GOTO_ENTRANCE_ACTION,4354,F153_001_00,2,field-and-entrance-resolved,"1,2",RMAP_153_1_0;RMAP_153_2_0;RMAP_153_3_0;RMAP_153_4_0;RMAP_153_5_0;RMAP_153_6_0;RMAP_153_6_1;RMAP_153_7_0;RMAP_153_7_1;RMAP_153_9_0;RMAP_153_9_1;RMAP_153_9_2,RMAP_153_1_0
F153_051_00,GOTO_ENTRANCE_ACTION,4358,F154_001_00,2,field-and-entrance-resolved,"1,2",RMAP_153_1_0;RMAP_153_2_0;RMAP_153_3_0;RMAP_153_4_0;RMAP_153_5_0;RMAP_153_6_0;RMAP_153_6_1;RMAP_153_7_0;RMAP_153_7_1;RMAP_153_9_0;RMAP_153_9_1;RMAP_153_9_2,RMAP_154_1_0
F153_051_00,GOTO_ENTRANCE_ACTION,4362,F155_001_00,5,field-and-entrance-resolved,"1,2",RMAP_153_1_0;RMAP_153_2_0;RMAP_153_3_0;RMAP_153_4_0;RMAP_153_5_0;RMAP_153_6_0;RMAP_153_6_1;RMAP_153_7_0;RMAP_153_7_1;RMAP_153_9_0;RMAP_153_9_1;RMAP_153_9_2,RMAP_155_1_0
F153_051_00,GOTO_ENTRANCE_ACTION,4366,F156_001_00,2,field-and-entrance-resolved,"1,2",RMAP_153_1_0;RMAP_153_2_0;RMAP_153_3_0;RMAP_153_4_0;RMAP_153_5_0;RMAP_153_6_0;RMAP_153_6_1;RMAP_153_7_0;RMAP_153_7_1;RMAP_153_9_0;RMAP_153_9_1;RMAP_153_9_2,RMAP_156_1_0
F153_051_00,GOTO_ENTRANCE_ACTION,4370,F157_001_00,2,field-and-entrance-resolved,"1,2",RMAP_153_1_0;RMAP_153_2_0;RMAP_153_3_0;RMAP_153_4_0;RMAP_153_5_0;RMAP_153_6_0;RMAP_153_6_1;RMAP_153_7_0;RMAP_153_7_1;RMAP_153_9_0;RMAP_153_9_1;RMAP_153_9_2,RMAP_157_1_0;RMAP_157_1_1
F153_051_00,GOTO_ENTRANCE_ACTION,4374,F159_001_00,2,field-and-entrance-resolved,"1,2",RMAP_153_1_0;RMAP_153_2_0;RMAP_153_3_0;RMAP_153_4_0;RMAP_153_5_0;RMAP_153_6_0;RMAP_153_6_1;RMAP_153_7_0;RMAP_153_7_1;RMAP_153_9_0;RMAP_153_9_1;RMAP_153_9_2,RMAP_159_1_0
F153_051_00,GOTO_ENTRANCE_ACTION,4378,F161_001_00,0,field-and-entrance-resolved,"1,2",RMAP_153_1_0;RMAP_153_2_0;RMAP_153_3_0;RMAP_153_4_0;RMAP_153_5_0;RMAP_153_6_0;RMAP_153_6_1;RMAP_153_7_0;RMAP_153_7_1;RMAP_153_9_0;RMAP_153_9_1;RMAP_153_9_2,RMAP_161_1_0
F153_051_00,GOTO_ENTRANCE_ACTION,4382,F162_001_00,20,field-and-entrance-resolved,"1,2",RMAP_153_1_0;RMAP_153_2_0;RMAP_153_3_0;RMAP_153_4_0;RMAP_153_5_0;RMAP_153_6_0;RMAP_153_6_1;RMAP_153_7_0;RMAP_153_7_1;RMAP_153_9_0;RMAP_153_9_1;RMAP_153_9_2,RMAP_162_1_0
F153_051_00,GOTO_M_ENTRANCE_ACTION,4399,F190_001_00,1,field-and-entrance-resolved,"1,2",RMAP_153_1_0;RMAP_153_2_0;RMAP_153_3_0;RMAP_153_4_0;RMAP_153_5_0;RMAP_153_6_0;RMAP_153_6_1;RMAP_153_7_0;RMAP_153_7_1;RMAP_153_9_0;RMAP_153_9_1;RMAP_153_9_2,RMAP_190_1_0
F153_051_00,DEBUG_GOTO_FIELD,4765,F002_005_00,10,field-and-entrance-resolved,,RMAP_153_1_0;RMAP_153_2_0;RMAP_153_3_0;RMAP_153_4_0;RMAP_153_5_0;RMAP_153_6_0;RMAP_153_6_1;RMAP_153_7_0;RMAP_153_7_1;RMAP_153_9_0;RMAP_153_9_1;RMAP_153_9_2,RMAP_002_5_0
F153_051_00,DEBUG_GOTO_FIELD,4769,F001_006_00,10,field-and-entrance-resolved,,RMAP_153_1_0;RMAP_153_2_0;RMAP_153_3_0;RMAP_153_4_0;RMAP_153_5_0;RMAP_153_6_0;RMAP_153_6_1;RMAP_153_7_0;RMAP_153_7_1;RMAP_153_9_0;RMAP_153_9_1;RMAP_153_9_2,RMAP_001_5_0
F153_051_00,DEBUG_GOTO_FIELD,4773,F001_006_00,10,field-and-entrance-resolved,,RMAP_153_1_0;RMAP_153_2_0;RMAP_153_3_0;RMAP_153_4_0;RMAP_153_5_0;RMAP_153_6_0;RMAP_153_6_1;RMAP_153_7_0;RMAP_153_7_1;RMAP_153_9_0;RMAP_153_9_1;RMAP_153_9_2,RMAP_001_5_0
F153_051_00,DEBUG_GOTO_FIELD,4777,F003_002_01,50,field-and-entrance-resolved,,RMAP_153_1_0;RMAP_153_2_0;RMAP_153_3_0;RMAP_153_4_0;RMAP_153_5_0;RMAP_153_6_0;RMAP_153_6_1;RMAP_153_7_0;RMAP_153_7_1;RMAP_153_9_0;RMAP_153_9_1;RMAP_153_9_2,RMAP_009_2_0
F153_051_00,DEBUG_GOTO_FIELD,4781,F003_002_01,50,field-and-entrance-resolved,,RMAP_153_1_0;RMAP_153_2_0;RMAP_153_3_0;RMAP_153_4_0;RMAP_153_5_0;RMAP_153_6_0;RMAP_153_6_1;RMAP_153_7_0;RMAP_153_7_1;RMAP_153_9_0;RMAP_153_9_1;RMAP_153_9_2,RMAP_009_2_0
F153_051_00,DEBUG_GOTO_FIELD,4785,F003_002_01,50,field-and-entrance-resolved,,RMAP_153_1_0;RMAP_153_2_0;RMAP_153_3_0;RMAP_153_4_0;RMAP_153_5_0;RMAP_153_6_0;RMAP_153_6_1;RMAP_153_7_0;RMAP_153_7_1;RMAP_153_9_0;RMAP_153_9_1;RMAP_153_9_2,RMAP_009_2_0
F153_051_00,DEBUG_GOTO_FIELD,4789,F003_002_00,51,field-and-entrance-resolved,,RMAP_153_1_0;RMAP_153_2_0;RMAP_153_3_0;RMAP_153_4_0;RMAP_153_5_0;RMAP_153_6_0;RMAP_153_6_1;RMAP_153_7_0;RMAP_153_7_1;RMAP_153_9_0;RMAP_153_9_1;RMAP_153_9_2,RMAP_009_2_0
F153_051_00,DEBUG_GOTO_FIELD,4793,F003_002_00,51,field-and-entrance-resolved,,RMAP_153_1_0;RMAP_153_2_0;RMAP_153_3_0;RMAP_153_4_0;RMAP_153_5_0;RMAP_153_6_0;RMAP_153_6_1;RMAP_153_7_0;RMAP_153_7_1;RMAP_153_9_0;RMAP_153_9_1;RMAP_153_9_2,RMAP_009_2_0
F153_051_00,DEBUG_GOTO_FIELD,4797,F003_002_00,51,field-and-entrance-resolved,,RMAP_153_1_0;RMAP_153_2_0;RMAP_153_3_0;RMAP_153_4_0;RMAP_153_5_0;RMAP_153_6_0;RMAP_153_6_1;RMAP_153_7_0;RMAP_153_7_1;RMAP_153_9_0;RMAP_153_9_1;RMAP_153_9_2,RMAP_009_2_0
F153_051_00,DEBUG_GOTO_FIELD,4801,F003_002_00,51,field-and-entrance-resolved,,RMAP_153_1_0;RMAP_153_2_0;RMAP_153_3_0;RMAP_153_4_0;RMAP_153_5_0;RMAP_153_6_0;RMAP_153_6_1;RMAP_153_7_0;RMAP_153_7_1;RMAP_153_9_0;RMAP_153_9_1;RMAP_153_9_2,RMAP_009_2_0
F153_051_00,D01_SAFETY_GOTO,6154,F151_001_00,2,field-and-entrance-resolved,,RMAP_153_1_0;RMAP_153_2_0;RMAP_153_3_0;RMAP_153_4_0;RMAP_153_5_0;RMAP_153_6_0;RMAP_153_6_1;RMAP_153_7_0;RMAP_153_7_1;RMAP_153_9_0;RMAP_153_9_1;RMAP_153_9_2,RMAP_151_1_0;RMAP_151_1_1
F153_051_00,D01_SAFETY_GOTO,6161,F152_001_00,20,field-and-entrance-resolved,,RMAP_153_1_0;RMAP_153_2_0;RMAP_153_3_0;RMAP_153_4_0;RMAP_153_5_0;RMAP_153_6_0;RMAP_153_6_1;RMAP_153_7_0;RMAP_153_7_1;RMAP_153_9_0;RMAP_153_9_1;RMAP_153_9_2,RMAP_152_1_0;RMAP_152_1_1
F153_051_00,D01_SAFETY_GOTO,6165,F152_051_00,21,entrance-id-missing,,RMAP_153_1_0;RMAP_153_2_0;RMAP_153_3_0;RMAP_153_4_0;RMAP_153_5_0;RMAP_153_6_0;RMAP_153_6_1;RMAP_153_7_0;RMAP_153_7_1;RMAP_153_9_0;RMAP_153_9_1;RMAP_153_9_2,RMAP_151_1_0;RMAP_151_2_0;RMAP_151_3_0;RMAP_151_5_0;RMAP_151_7_0;RMAP_151_11_0;RMAP_152_1_0;RMAP_152_1_1
F153_051_00,D01_SAFETY_GOTO,6174,F151_014_00,20,field-and-entrance-resolved,,RMAP_153_1_0;RMAP_153_2_0;RMAP_153_3_0;RMAP_153_4_0;RMAP_153_5_0;RMAP_153_6_0;RMAP_153_6_1;RMAP_153_7_0;RMAP_153_7_1;RMAP_153_9_0;RMAP_153_9_1;RMAP_153_9_2,RMAP_151_2_0;RMAP_151_2_1;RMAP_151_2_2
F153_051_00,D01_SAFETY_GOTO,6178,F151_051_00,11,entrance-id-missing,,RMAP_153_1_0;RMAP_153_2_0;RMAP_153_3_0;RMAP_153_4_0;RMAP_153_5_0;RMAP_153_6_0;RMAP_153_6_1;RMAP_153_7_0;RMAP_153_7_1;RMAP_153_9_0;RMAP_153_9_1;RMAP_153_9_2,RMAP_151_1_0;RMAP_151_2_0;RMAP_151_3_0;RMAP_151_5_0;RMAP_151_7_0;RMAP_151_11_0;RMAP_152_1_0;RMAP_152_1_1
F153_051_00,D01_SAFETY_GOTO,6187,F151_002_00,20,field-and-entrance-resolved,,RMAP_153_1_0;RMAP_153_2_0;RMAP_153_3_0;RMAP_153_4_0;RMAP_153_5_0;RMAP_153_6_0;RMAP_153_6_1;RMAP_153_7_0;RMAP_153_7_1;RMAP_153_9_0;RMAP_153_9_1;RMAP_153_9_2,RMAP_151_2_0;RMAP_151_2_1;RMAP_151_2_2
F153_051_00,D01_SAFETY_GOTO,6191,F151_051_00,12,entrance-id-missing,,RMAP_153_1_0;RMAP_153_2_0;RMAP_153_3_0;RMAP_153_4_0;RMAP_153_5_0;RMAP_153_6_0;RMAP_153_6_1;RMAP_153_7_0;RMAP_153_7_1;RMAP_153_9_0;RMAP_153_9_1;RMAP_153_9_2,RMAP_151_1_0;RMAP_151_2_0;RMAP_151_3_0;RMAP_151_5_0;RMAP_151_7_0;RMAP_151_11_0;RMAP_152_1_0;RMAP_152_1_1
F153_051_00,D01_SAFETY_GOTO,6200,F151_004_00,20,field-and-entrance-resolved,,RMAP_153_1_0;RMAP_153_2_0;RMAP_153_3_0;RMAP_153_4_0;RMAP_153_5_0;RMAP_153_6_0;RMAP_153_6_1;RMAP_153_7_0;RMAP_153_7_1;RMAP_153_9_0;RMAP_153_9_1;RMAP_153_9_2,RMAP_151_4_0;RMAP_151_4_1;RMAP_151_4_2
F153_051_00,D01_SAFETY_GOTO,6204,F151_051_00,13,entrance-id-missing,,RMAP_153_1_0;RMAP_153_2_0;RMAP_153_3_0;RMAP_153_4_0;RMAP_153_5_0;RMAP_153_6_0;RMAP_153_6_1;RMAP_153_7_0;RMAP_153_7_1;RMAP_153_9_0;RMAP_153_9_1;RMAP_153_9_2,RMAP_151_1_0;RMAP_151_2_0;RMAP_151_3_0;RMAP_151_5_0;RMAP_151_7_0;RMAP_151_11_0;RMAP_152_1_0;RMAP_152_1_1
F153_051_00,D01_SAFETY_GOTO,6213,F151_005_00,20,field-and-entrance-resolved,,RMAP_153_1_0;RMAP_153_2_0;RMAP_153_3_0;RMAP_153_4_0;RMAP_153_5_0;RMAP_153_6_0;RMAP_153_6_1;RMAP_153_7_0;RMAP_153_7_1;RMAP_153_9_0;RMAP_153_9_1;RMAP_153_9_2,RMAP_151_5_0;RMAP_151_5_1;RMAP_151_5_2
F153_051_00,D01_SAFETY_GOTO,6217,F151_051_00,14,entrance-id-missing,,RMAP_153_1_0;RMAP_153_2_0;RMAP_153_3_0;RMAP_153_4_0;RMAP_153_5_0;RMAP_153_6_0;RMAP_153_6_1;RMAP_153_7_0;RMAP_153_7_1;RMAP_153_9_0;RMAP_153_9_1;RMAP_153_9_2,RMAP_151_1_0;RMAP_151_2_0;RMAP_151_3_0;RMAP_151_5_0;RMAP_151_7_0;RMAP_151_11_0;RMAP_152_1_0;RMAP_152_1_1
F153_051_00,D01_SAFETY_GOTO,6226,F151_007_00,20,field-and-entrance-resolved,,RMAP_153_1_0;RMAP_153_2_0;RMAP_153_3_0;RMAP_153_4_0;RMAP_153_5_0;RMAP_153_6_0;RMAP_153_6_1;RMAP_153_7_0;RMAP_153_7_1;RMAP_153_9_0;RMAP_153_9_1;RMAP_153_9_2,RMAP_151_7_0
F153_051_00,D01_SAFETY_GOTO,6230,F151_051_00,31,entrance-id-missing,,RMAP_153_1_0;RMAP_153_2_0;RMAP_153_3_0;RMAP_153_4_0;RMAP_153_5_0;RMAP_153_6_0;RMAP_153_6_1;RMAP_153_7_0;RMAP_153_7_1;RMAP_153_9_0;RMAP_153_9_1;RMAP_153_9_2,RMAP_151_1_0;RMAP_151_2_0;RMAP_151_3_0;RMAP_151_5_0;RMAP_151_7_0;RMAP_151_11_0;RMAP_152_1_0;RMAP_152_1_1
F153_051_00,D01_SAFETY_GOTO,6239,F151_011_00,1,field-and-entrance-resolved,,RMAP_153_1_0;RMAP_153_2_0;RMAP_153_3_0;RMAP_153_4_0;RMAP_153_5_0;RMAP_153_6_0;RMAP_153_6_1;RMAP_153_7_0;RMAP_153_7_1;RMAP_153_9_0;RMAP_153_9_1;RMAP_153_9_2,RMAP_151_11_0;RMAP_151_11_1
F153_051_00,D01_SAFETY_GOTO,6243,,,dynamic-arguments,,RMAP_153_1_0;RMAP_153_2_0;RMAP_153_3_0;RMAP_153_4_0;RMAP_153_5_0;RMAP_153_6_0;RMAP_153_6_1;RMAP_153_7_0;RMAP_153_7_1;RMAP_153_9_0;RMAP_153_9_1;RMAP_153_9_2,
F153_051_00,D02_SAFETY_GOTO,6273,F153_001_00,2,field-and-entrance-resolved,"0,3,4",RMAP_153_1_0;RMAP_153_2_0;RMAP_153_3_0;RMAP_153_4_0;RMAP_153_5_0;RMAP_153_6_0;RMAP_153_6_1;RMAP_153_7_0;RMAP_153_7_1;RMAP_153_9_0;RMAP_153_9_1;RMAP_153_9_2,RMAP_153_1_0
F153_051_00,D02_SAFETY_GOTO,6280,F153_012_00,2,field-and-entrance-resolved,"0,3,4",RMAP_153_1_0;RMAP_153_2_0;RMAP_153_3_0;RMAP_153_4_0;RMAP_153_5_0;RMAP_153_6_0;RMAP_153_6_1;RMAP_153_7_0;RMAP_153_7_1;RMAP_153_9_0;RMAP_153_9_1;RMAP_153_9_2,RMAP_153_2_0;RMAP_153_2_1
F153_051_00,D02_SAFETY_GOTO,6284,F153_051_00,12,entrance-id-missing,"0,3,4",RMAP_153_1_0;RMAP_153_2_0;RMAP_153_3_0;RMAP_153_4_0;RMAP_153_5_0;RMAP_153_6_0;RMAP_153_6_1;RMAP_153_7_0;RMAP_153_7_1;RMAP_153_9_0;RMAP_153_9_1;RMAP_153_9_2,RMAP_153_1_0;RMAP_153_2_0;RMAP_153_3_0;RMAP_153_4_0;RMAP_153_5_0;RMAP_153_6_0;RMAP_153_6_1;RMAP_153_7_0;RMAP_153_7_1;RMAP_153_9_0;RMAP_153_9_1;RMAP_153_9_2
F153_051_00,D02_SAFETY_GOTO,6293,F153_003_00,4,field-and-entrance-resolved,"0,3,4",RMAP_153_1_0;RMAP_153_2_0;RMAP_153_3_0;RMAP_153_4_0;RMAP_153_5_0;RMAP_153_6_0;RMAP_153_6_1;RMAP_153_7_0;RMAP_153_7_1;RMAP_153_9_0;RMAP_153_9_1;RMAP_153_9_2,RMAP_153_3_0;RMAP_153_3_1;RMAP_153_3_2;RMAP_153_3_3
F153_051_00,D02_SAFETY_GOTO,6297,F153_051_00,13,entrance-id-missing,"0,3,4",RMAP_153_1_0;RMAP_153_2_0;RMAP_153_3_0;RMAP_153_4_0;RMAP_153_5_0;RMAP_153_6_0;RMAP_153_6_1;RMAP_153_7_0;RMAP_153_7_1;RMAP_153_9_0;RMAP_153_9_1;RMAP_153_9_2,RMAP_153_1_0;RMAP_153_2_0;RMAP_153_3_0;RMAP_153_4_0;RMAP_153_5_0;RMAP_153_6_0;RMAP_153_6_1;RMAP_153_7_0;RMAP_153_7_1;RMAP_153_9_0;RMAP_153_9_1;RMAP_153_9_2
F153_051_00,D02_SAFETY_GOTO,6306,F153_005_00,4,field-and-entrance-resolved,"0,3,4",RMAP_153_1_0;RMAP_153_2_0;RMAP_153_3_0;RMAP_153_4_0;RMAP_153_5_0;RMAP_153_6_0;RMAP_153_6_1;RMAP_153_7_0;RMAP_153_7_1;RMAP_153_9_0;RMAP_153_9_1;RMAP_153_9_2,RMAP_153_5_0
F153_051_00,D02_SAFETY_GOTO,6310,F153_051_00,15,entrance-id-missing,"0,3,4",RMAP_153_1_0;RMAP_153_2_0;RMAP_153_3_0;RMAP_153_4_0;RMAP_153_5_0;RMAP_153_6_0;RMAP_153_6_1;RMAP_153_7_0;RMAP_153_7_1;RMAP_153_9_0;RMAP_153_9_1;RMAP_153_9_2,RMAP_153_1_0;RMAP_153_2_0;RMAP_153_3_0;RMAP_153_4_0;RMAP_153_5_0;RMAP_153_6_0;RMAP_153_6_1;RMAP_153_7_0;RMAP_153_7_1;RMAP_153_9_0;RMAP_153_9_1;RMAP_153_9_2
F153_051_00,D02_SAFETY_GOTO,6319,F153_006_00,20,field-and-entrance-resolved,"0,3,4",RMAP_153_1_0;RMAP_153_2_0;RMAP_153_3_0;RMAP_153_4_0;RMAP_153_5_0;RMAP_153_6_0;RMAP_153_6_1;RMAP_153_7_0;RMAP_153_7_1;RMAP_153_9_0;RMAP_153_9_1;RMAP_153_9_2,RMAP_153_6_0;RMAP_153_6_1
F153_051_00,D02_SAFETY_GOTO,6323,,,dynamic-arguments,"0,3,4",RMAP_153_1_0;RMAP_153_2_0;RMAP_153_3_0;RMAP_153_4_0;RMAP_153_5_0;RMAP_153_6_0;RMAP_153_6_1;RMAP_153_7_0;RMAP_153_7_1;RMAP_153_9_0;RMAP_153_9_1;RMAP_153_9_2,
F153_051_00,D02_SAFETY_GOTO,6332,F153_007_00,20,entrance-id-missing,"0,3,4",RMAP_153_1_0;RMAP_153_2_0;RMAP_153_3_0;RMAP_153_4_0;RMAP_153_5_0;RMAP_153_6_0;RMAP_153_6_1;RMAP_153_7_0;RMAP_153_7_1;RMAP_153_9_0;RMAP_153_9_1;RMAP_153_9_2,RMAP_153_7_0;RMAP_153_7_1;RMAP_153_7_2
F153_051_00,D02_SAFETY_GOTO,6336,F153_051_00,17,entrance-id-missing,"0,3,4",RMAP_153_1_0;RMAP_153_2_0;RMAP_153_3_0;RMAP_153_4_0;RMAP_153_5_0;RMAP_153_6_0;RMAP_153_6_1;RMAP_153_7_0;RMAP_153_7_1;RMAP_153_9_0;RMAP_153_9_1;RMAP_153_9_2,RMAP_153_1_0;RMAP_153_2_0;RMAP_153_3_0;RMAP_153_4_0;RMAP_153_5_0;RMAP_153_6_0;RMAP_153_6_1;RMAP_153_7_0;RMAP_153_7_1;RMAP_153_9_0;RMAP_153_9_1;RMAP_153_9_2
F153_051_00,D02_SAFETY_GOTO,6345,F153_009_00,20,field-and-entrance-resolved,"0,3,4",RMAP_153_1_0;RMAP_153_2_0;RMAP_153_3_0;RMAP_153_4_0;RMAP_153_5_0;RMAP_153_6_0;RMAP_153_6_1;RMAP_153_7_0;RMAP_153_7_1;RMAP_153_9_0;RMAP_153_9_1;RMAP_153_9_2,RMAP_153_9_0;RMAP_153_9_1;RMAP_153_9_2
F153_051_00,D02_SAFETY_GOTO,6349,F153_051_00,18,entrance-id-missing,"0,3,4",RMAP_153_1_0;RMAP_153_2_0;RMAP_153_3_0;RMAP_153_4_0;RMAP_153_5_0;RMAP_153_6_0;RMAP_153_6_1;RMAP_153_7_0;RMAP_153_7_1;RMAP_153_9_0;RMAP_153_9_1;RMAP_153_9_2,RMAP_153_1_0;RMAP_153_2_0;RMAP_153_3_0;RMAP_153_4_0;RMAP_153_5_0;RMAP_153_6_0;RMAP_153_6_1;RMAP_153_7_0;RMAP_153_7_1;RMAP_153_9_0;RMAP_153_9_1;RMAP_153_9_2
F153_051_00,D02_SAFETY_GOTO,6358,F153_009_00,21,field-and-entrance-resolved,"0,3,4",RMAP_153_1_0;RMAP_153_2_0;RMAP_153_3_0;RMAP_153_4_0;RMAP_153_5_0;RMAP_153_6_0;RMAP_153_6_1;RMAP_153_7_0;RMAP_153_7_1;RMAP_153_9_0;RMAP_153_9_1;RMAP_153_9_2,RMAP_153_9_0;RMAP_153_9_1;RMAP_153_9_2
F153_051_00,D02_SAFETY_GOTO,6362,F153_051_00,19,entrance-id-missing,"0,3,4",RMAP_153_1_0;RMAP_153_2_0;RMAP_153_3_0;RMAP_153_4_0;RMAP_153_5_0;RMAP_153_6_0;RMAP_153_6_1;RMAP_153_7_0;RMAP_153_7_1;RMAP_153_9_0;RMAP_153_9_1;RMAP_153_9_2,RMAP_153_1_0;RMAP_153_2_0;RMAP_153_3_0;RMAP_153_4_0;RMAP_153_5_0;RMAP_153_6_0;RMAP_153_6_1;RMAP_153_7_0;RMAP_153_7_1;RMAP_153_9_0;RMAP_153_9_1;RMAP_153_9_2
F153_051_00,D03_SAFETY_GOTO,6392,F154_001_00,2,field-and-entrance-resolved,,RMAP_153_1_0;RMAP_153_2_0;RMAP_153_3_0;RMAP_153_4_0;RMAP_153_5_0;RMAP_153_6_0;RMAP_153_6_1;RMAP_153_7_0;RMAP_153_7_1;RMAP_153_9_0;RMAP_153_9_1;RMAP_153_9_2,RMAP_154_1_0
F153_051_00,D03_SAFETY_GOTO,6399,F154_002_00,10,field-and-entrance-resolved,,RMAP_153_1_0;RMAP_153_2_0;RMAP_153_3_0;RMAP_153_4_0;RMAP_153_5_0;RMAP_153_6_0;RMAP_153_6_1;RMAP_153_7_0;RMAP_153_7_1;RMAP_153_9_0;RMAP_153_9_1;RMAP_153_9_2,RMAP_154_2_0;RMAP_154_2_1
F153_051_00,D03_SAFETY_GOTO,6403,F154_051_00,11,entrance-id-missing,,RMAP_153_1_0;RMAP_153_2_0;RMAP_153_3_0;RMAP_153_4_0;RMAP_153_5_0;RMAP_153_6_0;RMAP_153_6_1;RMAP_153_7_0;RMAP_153_7_1;RMAP_153_9_0;RMAP_153_9_1;RMAP_153_9_2,RMAP_154_1_0;RMAP_154_3_0;RMAP_154_3_1;RMAP_154_3_2;RMAP_154_5_0;RMAP_154_14_0;RMAP_154_14_1
F153_051_00,D03_SAFETY_GOTO,6412,F154_002_00,11,field-and-entrance-resolved,,RMAP_153_1_0;RMAP_153_2_0;RMAP_153_3_0;RMAP_153_4_0;RMAP_153_5_0;RMAP_153_6_0;RMAP_153_6_1;RMAP_153_7_0;RMAP_153_7_1;RMAP_153_9_0;RMAP_153_9_1;RMAP_153_9_2,RMAP_154_2_0;RMAP_154_2_1
F153_051_00,D03_SAFETY_GOTO,6416,F154_051_00,12,entrance-id-missing,,RMAP_153_1_0;RMAP_153_2_0;RMAP_153_3_0;RMAP_153_4_0;RMAP_153_5_0;RMAP_153_6_0;RMAP_153_6_1;RMAP_153_7_0;RMAP_153_7_1;RMAP_153_9_0;RMAP_153_9_1;RMAP_153_9_2,RMAP_154_1_0;RMAP_154_3_0;RMAP_154_3_1;RMAP_154_3_2;RMAP_154_5_0;RMAP_154_14_0;RMAP_154_14_1
F153_051_00,D03_SAFETY_GOTO,6425,F154_003_00,10,field-and-entrance-resolved,,RMAP_153_1_0;RMAP_153_2_0;RMAP_153_3_0;RMAP_153_4_0;RMAP_153_5_0;RMAP_153_6_0;RMAP_153_6_1;RMAP_153_7_0;RMAP_153_7_1;RMAP_153_9_0;RMAP_153_9_1;RMAP_153_9_2,RMAP_154_3_0;RMAP_154_3_1;RMAP_154_3_2
F153_051_00,D03_SAFETY_GOTO,6429,F154_051_00,13,entrance-id-missing,,RMAP_153_1_0;RMAP_153_2_0;RMAP_153_3_0;RMAP_153_4_0;RMAP_153_5_0;RMAP_153_6_0;RMAP_153_6_1;RMAP_153_7_0;RMAP_153_7_1;RMAP_153_9_0;RMAP_153_9_1;RMAP_153_9_2,RMAP_154_1_0;RMAP_154_3_0;RMAP_154_3_1;RMAP_154_3_2;RMAP_154_5_0;RMAP_154_14_0;RMAP_154_14_1
F153_051_00,D03_SAFETY_GOTO,6438,F154_003_00,11,field-and-entrance-resolved,,RMAP_153_1_0;RMAP_153_2_0;RMAP_153_3_0;RMAP_153_4_0;RMAP_153_5_0;RMAP_153_6_0;RMAP_153_6_1;RMAP_153_7_0;RMAP_153_7_1;RMAP_153_9_0;RMAP_153_9_1;RMAP_153_9_2,RMAP_154_3_0;RMAP_154_3_1;RMAP_154_3_2
F153_051_00,D03_SAFETY_GOTO,6442,F154_051_00,14,entrance-id-missing,,RMAP_153_1_0;RMAP_153_2_0;RMAP_153_3_0;RMAP_153_4_0;RMAP_153_5_0;RMAP_153_6_0;RMAP_153_6_1;RMAP_153_7_0;RMAP_153_7_1;RMAP_153_9_0;RMAP_153_9_1;RMAP_153_9_2,RMAP_154_1_0;RMAP_154_3_0;RMAP_154_3_1;RMAP_154_3_2;RMAP_154_5_0;RMAP_154_14_0;RMAP_154_14_1
F153_051_00,D03_SAFETY_GOTO,6451,F154_012_00,10,target-fbn-missing,,RMAP_153_1_0;RMAP_153_2_0;RMAP_153_3_0;RMAP_153_4_0;RMAP_153_5_0;RMAP_153_6_0;RMAP_153_6_1;RMAP_153_7_0;RMAP_153_7_1;RMAP_153_9_0;RMAP_153_9_1;RMAP_153_9_2,RMAP_154_12_0;RMAP_154_12_1;RMAP_154_12_2
F153_051_00,D03_SAFETY_GOTO,6455,F154_051_00,15,entrance-id-missing,,RMAP_153_1_0;RMAP_153_2_0;RMAP_153_3_0;RMAP_153_4_0;RMAP_153_5_0;RMAP_153_6_0;RMAP_153_6_1;RMAP_153_7_0;RMAP_153_7_1;RMAP_153_9_0;RMAP_153_9_1;RMAP_153_9_2,RMAP_154_1_0;RMAP_154_3_0;RMAP_154_3_1;RMAP_154_3_2;RMAP_154_5_0;RMAP_154_14_0;RMAP_154_14_1
F153_051_00,D03_SAFETY_GOTO,6464,F154_014_00,10,field-and-entrance-resolved,,RMAP_153_1_0;RMAP_153_2_0;RMAP_153_3_0;RMAP_153_4_0;RMAP_153_5_0;RMAP_153_6_0;RMAP_153_6_1;RMAP_153_7_0;RMAP_153_7_1;RMAP_153_9_0;RMAP_153_9_1;RMAP_153_9_2,RMAP_154_14_0;RMAP_154_14_1
F153_051_00,D03_SAFETY_GOTO,6468,,,dynamic-arguments,,RMAP_153_1_0;RMAP_153_2_0;RMAP_153_3_0;RMAP_153_4_0;RMAP_153_5_0;RMAP_153_6_0;RMAP_153_6_1;RMAP_153_7_0;RMAP_153_7_1;RMAP_153_9_0;RMAP_153_9_1;RMAP_153_9_2,
F153_051_00,D03_SAFETY_GOTO,6477,F154_005_00,10,field-and-entrance-resolved,,RMAP_153_1_0;RMAP_153_2_0;RMAP_153_3_0;RMAP_153_4_0;RMAP_153_5_0;RMAP_153_6_0;RMAP_153_6_1;RMAP_153_7_0;RMAP_153_7_1;RMAP_153_9_0;RMAP_153_9_1;RMAP_153_9_2,RMAP_154_5_0;RMAP_154_5_1
F153_051_00,D03_SAFETY_GOTO,6481,F154_051_00,17,entrance-id-missing,,RMAP_153_1_0;RMAP_153_2_0;RMAP_153_3_0;RMAP_153_4_0;RMAP_153_5_0;RMAP_153_6_0;RMAP_153_6_1;RMAP_153_7_0;RMAP_153_7_1;RMAP_153_9_0;RMAP_153_9_1;RMAP_153_9_2,RMAP_154_1_0;RMAP_154_3_0;RMAP_154_3_1;RMAP_154_3_2;RMAP_154_5_0;RMAP_154_14_0;RMAP_154_14_1
F153_051_00,D04_SAFETY_GOTO,6514,F155_001_00,10,field-and-entrance-resolved,,RMAP_153_1_0;RMAP_153_2_0;RMAP_153_3_0;RMAP_153_4_0;RMAP_153_5_0;RMAP_153_6_0;RMAP_153_6_1;RMAP_153_7_0;RMAP_153_7_1;RMAP_153_9_0;RMAP_153_9_1;RMAP_153_9_2,RMAP_155_1_0
F153_051_00,D04_SAFETY_GOTO,6518,F155_001_00,5,field-and-entrance-resolved,,RMAP_153_1_0;RMAP_153_2_0;RMAP_153_3_0;RMAP_153_4_0;RMAP_153_5_0;RMAP_153_6_0;RMAP_153_6_1;RMAP_153_7_0;RMAP_153_7_1;RMAP_153_9_0;RMAP_153_9_1;RMAP_153_9_2,RMAP_155_1_0
F153_051_00,D04_SAFETY_GOTO,6527,F155_011_00,20,field-and-entrance-resolved,,RMAP_153_1_0;RMAP_153_2_0;RMAP_153_3_0;RMAP_153_4_0;RMAP_153_5_0;RMAP_153_6_0;RMAP_153_6_1;RMAP_153_7_0;RMAP_153_7_1;RMAP_153_9_0;RMAP_153_9_1;RMAP_153_9_2,RMAP_155_11_0;RMAP_155_11_1;RMAP_155_11_2;RMAP_155_11_3
F153_051_00,D04_SAFETY_GOTO,6531,F155_051_00,11,entrance-id-missing,,RMAP_153_1_0;RMAP_153_2_0;RMAP_153_3_0;RMAP_153_4_0;RMAP_153_5_0;RMAP_153_6_0;RMAP_153_6_1;RMAP_153_7_0;RMAP_153_7_1;RMAP_153_9_0;RMAP_153_9_1;RMAP_153_9_2,RMAP_155_1_0;RMAP_155_2_0;RMAP_155_2_1;RMAP_155_4_0;RMAP_155_4_1;RMAP_155_9_0;RMAP_155_9_1
F153_051_00,D04_SAFETY_GOTO,6540,F155_002_00,20,field-and-entrance-resolved,,RMAP_153_1_0;RMAP_153_2_0;RMAP_153_3_0;RMAP_153_4_0;RMAP_153_5_0;RMAP_153_6_0;RMAP_153_6_1;RMAP_153_7_0;RMAP_153_7_1;RMAP_153_9_0;RMAP_153_9_1;RMAP_153_9_2,RMAP_155_2_0;RMAP_155_2_1;RMAP_155_12_0;RMAP_155_12_1
F153_051_00,D04_SAFETY_GOTO,6544,F155_051_00,12,entrance-id-missing,,RMAP_153_1_0;RMAP_153_2_0;RMAP_153_3_0;RMAP_153_4_0;RMAP_153_5_0;RMAP_153_6_0;RMAP_153_6_1;RMAP_153_7_0;RMAP_153_7_1;RMAP_153_9_0;RMAP_153_9_1;RMAP_153_9_2,RMAP_155_1_0;RMAP_155_2_0;RMAP_155_2_1;RMAP_155_4_0;RMAP_155_4_1;RMAP_155_9_0;RMAP_155_9_1
F153_051_00,D04_SAFETY_GOTO,6553,F155_002_00,21,field-and-entrance-resolved,,RMAP_153_1_0;RMAP_153_2_0;RMAP_153_3_0;RMAP_153_4_0;RMAP_153_5_0;RMAP_153_6_0;RMAP_153_6_1;RMAP_153_7_0;RMAP_153_7_1;RMAP_153_9_0;RMAP_153_9_1;RMAP_153_9_2,RMAP_155_2_0;RMAP_155_2_1;RMAP_155_12_0;RMAP_155_12_1
F153_051_00,D04_SAFETY_GOTO,6557,F155_051_00,13,entrance-id-missing,,RMAP_153_1_0;RMAP_153_2_0;RMAP_153_3_0;RMAP_153_4_0;RMAP_153_5_0;RMAP_153_6_0;RMAP_153_6_1;RMAP_153_7_0;RMAP_153_7_1;RMAP_153_9_0;RMAP_153_9_1;RMAP_153_9_2,RMAP_155_1_0;RMAP_155_2_0;RMAP_155_2_1;RMAP_155_4_0;RMAP_155_4_1;RMAP_155_9_0;RMAP_155_9_1
F153_051_00,D04_SAFETY_GOTO,6566,F155_002_00,22,field-and-entrance-resolved,,RMAP_153_1_0;RMAP_153_2_0;RMAP_153_3_0;RMAP_153_4_0;RMAP_153_5_0;RMAP_153_6_0;RMAP_153_6_1;RMAP_153_7_0;RMAP_153_7_1;RMAP_153_9_0;RMAP_153_9_1;RMAP_153_9_2,RMAP_155_2_0;RMAP_155_2_1;RMAP_155_12_0;RMAP_155_12_1
F153_051_00,D04_SAFETY_GOTO,6570,F155_051_00,14,entrance-id-missing,,RMAP_153_1_0;RMAP_153_2_0;RMAP_153_3_0;RMAP_153_4_0;RMAP_153_5_0;RMAP_153_6_0;RMAP_153_6_1;RMAP_153_7_0;RMAP_153_7_1;RMAP_153_9_0;RMAP_153_9_1;RMAP_153_9_2,RMAP_155_1_0;RMAP_155_2_0;RMAP_155_2_1;RMAP_155_4_0;RMAP_155_4_1;RMAP_155_9_0;RMAP_155_9_1
F153_051_00,D04_SAFETY_GOTO,6579,F155_004_00,21,field-and-entrance-resolved,,RMAP_153_1_0;RMAP_153_2_0;RMAP_153_3_0;RMAP_153_4_0;RMAP_153_5_0;RMAP_153_6_0;RMAP_153_6_1;RMAP_153_7_0;RMAP_153_7_1;RMAP_153_9_0;RMAP_153_9_1;RMAP_153_9_2,RMAP_155_4_0;RMAP_155_4_1
F153_051_00,D04_SAFETY_GOTO,6583,F155_051_00,15,entrance-id-missing,,RMAP_153_1_0;RMAP_153_2_0;RMAP_153_3_0;RMAP_153_4_0;RMAP_153_5_0;RMAP_153_6_0;RMAP_153_6_1;RMAP_153_7_0;RMAP_153_7_1;RMAP_153_9_0;RMAP_153_9_1;RMAP_153_9_2,RMAP_155_1_0;RMAP_155_2_0;RMAP_155_2_1;RMAP_155_4_0;RMAP_155_4_1;RMAP_155_9_0;RMAP_155_9_1
F153_051_00,D04_SAFETY_GOTO,6592,F155_004_00,20,field-and-entrance-resolved,,RMAP_153_1_0;RMAP_153_2_0;RMAP_153_3_0;RMAP_153_4_0;RMAP_153_5_0;RMAP_153_6_0;RMAP_153_6_1;RMAP_153_7_0;RMAP_153_7_1;RMAP_153_9_0;RMAP_153_9_1;RMAP_153_9_2,RMAP_155_4_0;RMAP_155_4_1
F153_051_00,D04_SAFETY_GOTO,6596,F155_051_00,17,entrance-id-missing,,RMAP_153_1_0;RMAP_153_2_0;RMAP_153_3_0;RMAP_153_4_0;RMAP_153_5_0;RMAP_153_6_0;RMAP_153_6_1;RMAP_153_7_0;RMAP_153_7_1;RMAP_153_9_0;RMAP_153_9_1;RMAP_153_9_2,RMAP_155_1_0;RMAP_155_2_0;RMAP_155_2_1;RMAP_155_4_0;RMAP_155_4_1;RMAP_155_9_0;RMAP_155_9_1
F153_051_00,D05_SAFETY_GOTO,6626,F156_001_00,5,entrance-id-missing,,RMAP_153_1_0;RMAP_153_2_0;RMAP_153_3_0;RMAP_153_4_0;RMAP_153_5_0;RMAP_153_6_0;RMAP_153_6_1;RMAP_153_7_0;RMAP_153_7_1;RMAP_153_9_0;RMAP_153_9_1;RMAP_153_9_2,RMAP_156_1_0
F153_051_00,D05_SAFETY_GOTO,6633,F156_003_00,20,field-and-entrance-resolved,,RMAP_153_1_0;RMAP_153_2_0;RMAP_153_3_0;RMAP_153_4_0;RMAP_153_5_0;RMAP_153_6_0;RMAP_153_6_1;RMAP_153_7_0;RMAP_153_7_1;RMAP_153_9_0;RMAP_153_9_1;RMAP_153_9_2,RMAP_156_3_0;RMAP_156_3_1
F153_051_00,D05_SAFETY_GOTO,6637,F156_051_00,11,entrance-id-missing,,RMAP_153_1_0;RMAP_153_2_0;RMAP_153_3_0;RMAP_153_4_0;RMAP_153_5_0;RMAP_153_6_0;RMAP_153_6_1;RMAP_153_7_0;RMAP_153_7_1;RMAP_153_9_0;RMAP_153_9_1;RMAP_153_9_2,RMAP_156_1_0;RMAP_156_3_0;RMAP_156_3_1;RMAP_156_4_0;RMAP_156_6_0;RMAP_156_7_0;RMAP_156_7_1;RMAP_156_9_0;RMAP_156_10_0;RMAP_156_10_1;RMAP_156_12_0;RMAP_156_13_0
F153_051_00,D05_SAFETY_GOTO,6646,F156_013_00,2,field-and-entrance-resolved,,RMAP_153_1_0;RMAP_153_2_0;RMAP_153_3_0;RMAP_153_4_0;RMAP_153_5_0;RMAP_153_6_0;RMAP_153_6_1;RMAP_153_7_0;RMAP_153_7_1;RMAP_153_9_0;RMAP_153_9_1;RMAP_153_9_2,RMAP_156_13_0
F153_051_00,D05_SAFETY_GOTO,6650,F156_051_00,12,entrance-id-missing,,RMAP_153_1_0;RMAP_153_2_0;RMAP_153_3_0;RMAP_153_4_0;RMAP_153_5_0;RMAP_153_6_0;RMAP_153_6_1;RMAP_153_7_0;RMAP_153_7_1;RMAP_153_9_0;RMAP_153_9_1;RMAP_153_9_2,RMAP_156_1_0;RMAP_156_3_0;RMAP_156_3_1;RMAP_156_4_0;RMAP_156_6_0;RMAP_156_7_0;RMAP_156_7_1;RMAP_156_9_0;RMAP_156_10_0;RMAP_156_10_1;RMAP_156_12_0;RMAP_156_13_0
F153_051_00,D05_SAFETY_GOTO,6659,F156_004_00,20,field-and-entrance-resolved,,RMAP_153_1_0;RMAP_153_2_0;RMAP_153_3_0;RMAP_153_4_0;RMAP_153_5_0;RMAP_153_6_0;RMAP_153_6_1;RMAP_153_7_0;RMAP_153_7_1;RMAP_153_9_0;RMAP_153_9_1;RMAP_153_9_2,RMAP_156_4_0
F153_051_00,D05_SAFETY_GOTO,6663,F156_051_00,13,entrance-id-missing,,RMAP_153_1_0;RMAP_153_2_0;RMAP_153_3_0;RMAP_153_4_0;RMAP_153_5_0;RMAP_153_6_0;RMAP_153_6_1;RMAP_153_7_0;RMAP_153_7_1;RMAP_153_9_0;RMAP_153_9_1;RMAP_153_9_2,RMAP_156_1_0;RMAP_156_3_0;RMAP_156_3_1;RMAP_156_4_0;RMAP_156_6_0;RMAP_156_7_0;RMAP_156_7_1;RMAP_156_9_0;RMAP_156_10_0;RMAP_156_10_1;RMAP_156_12_0;RMAP_156_13_0
F153_051_00,D05_SAFETY_GOTO,6672,F156_007_00,20,field-and-entrance-resolved,,RMAP_153_1_0;RMAP_153_2_0;RMAP_153_3_0;RMAP_153_4_0;RMAP_153_5_0;RMAP_153_6_0;RMAP_153_6_1;RMAP_153_7_0;RMAP_153_7_1;RMAP_153_9_0;RMAP_153_9_1;RMAP_153_9_2,RMAP_156_7_0;RMAP_156_7_1
F153_051_00,D05_SAFETY_GOTO,6676,F156_051_00,14,entrance-id-missing,,RMAP_153_1_0;RMAP_153_2_0;RMAP_153_3_0;RMAP_153_4_0;RMAP_153_5_0;RMAP_153_6_0;RMAP_153_6_1;RMAP_153_7_0;RMAP_153_7_1;RMAP_153_9_0;RMAP_153_9_1;RMAP_153_9_2,RMAP_156_1_0;RMAP_156_3_0;RMAP_156_3_1;RMAP_156_4_0;RMAP_156_6_0;RMAP_156_7_0;RMAP_156_7_1;RMAP_156_9_0;RMAP_156_10_0;RMAP_156_10_1;RMAP_156_12_0;RMAP_156_13_0
F153_051_00,D05_SAFETY_GOTO,6685,F156_009_00,20,field-and-entrance-resolved,,RMAP_153_1_0;RMAP_153_2_0;RMAP_153_3_0;RMAP_153_4_0;RMAP_153_5_0;RMAP_153_6_0;RMAP_153_6_1;RMAP_153_7_0;RMAP_153_7_1;RMAP_153_9_0;RMAP_153_9_1;RMAP_153_9_2,RMAP_156_9_0
F153_051_00,D05_SAFETY_GOTO,6689,F156_051_00,15,entrance-id-missing,,RMAP_153_1_0;RMAP_153_2_0;RMAP_153_3_0;RMAP_153_4_0;RMAP_153_5_0;RMAP_153_6_0;RMAP_153_6_1;RMAP_153_7_0;RMAP_153_7_1;RMAP_153_9_0;RMAP_153_9_1;RMAP_153_9_2,RMAP_156_1_0;RMAP_156_3_0;RMAP_156_3_1;RMAP_156_4_0;RMAP_156_6_0;RMAP_156_7_0;RMAP_156_7_1;RMAP_156_9_0;RMAP_156_10_0;RMAP_156_10_1;RMAP_156_12_0;RMAP_156_13_0
F153_051_00,D05_SAFETY_GOTO,6698,F156_012_00,20,field-and-entrance-resolved,,RMAP_153_1_0;RMAP_153_2_0;RMAP_153_3_0;RMAP_153_4_0;RMAP_153_5_0;RMAP_153_6_0;RMAP_153_6_1;RMAP_153_7_0;RMAP_153_7_1;RMAP_153_9_0;RMAP_153_9_1;RMAP_153_9_2,RMAP_156_12_0
F153_051_00,D05_SAFETY_GOTO,6702,,,dynamic-arguments,,RMAP_153_1_0;RMAP_153_2_0;RMAP_153_3_0;RMAP_153_4_0;RMAP_153_5_0;RMAP_153_6_0;RMAP_153_6_1;RMAP_153_7_0;RMAP_153_7_1;RMAP_153_9_0;RMAP_153_9_1;RMAP_153_9_2,
F153_051_00,D05_SAFETY_GOTO,6711,F156_006_00,50,field-and-entrance-resolved,,RMAP_153_1_0;RMAP_153_2_0;RMAP_153_3_0;RMAP_153_4_0;RMAP_153_5_0;RMAP_153_6_0;RMAP_153_6_1;RMAP_153_7_0;RMAP_153_7_1;RMAP_153_9_0;RMAP_153_9_1;RMAP_153_9_2,RMAP_156_6_0
F153_051_00,D05_SAFETY_GOTO,6715,F156_051_00,17,entrance-id-missing,,RMAP_153_1_0;RMAP_153_2_0;RMAP_153_3_0;RMAP_153_4_0;RMAP_153_5_0;RMAP_153_6_0;RMAP_153_6_1;RMAP_153_7_0;RMAP_153_7_1;RMAP_153_9_0;RMAP_153_9_1;RMAP_153_9_2,RMAP_156_1_0;RMAP_156_3_0;RMAP_156_3_1;RMAP_156_4_0;RMAP_156_6_0;RMAP_156_7_0;RMAP_156_7_1;RMAP_156_9_0;RMAP_156_10_0;RMAP_156_10_1;RMAP_156_12_0;RMAP_156_13_0
F153_051_00,D05_SAFETY_GOTO,6724,F156_010_00,20,field-and-entrance-resolved,,RMAP_153_1_0;RMAP_153_2_0;RMAP_153_3_0;RMAP_153_4_0;RMAP_153_5_0;RMAP_153_6_0;RMAP_153_6_1;RMAP_153_7_0;RMAP_153_7_1;RMAP_153_9_0;RMAP_153_9_1;RMAP_153_9_2,RMAP_156_10_0;RMAP_156_10_1;RMAP_156_10_2
F153_051_00,D05_SAFETY_GOTO,6728,F156_051_00,18,entrance-id-missing,,RMAP_153_1_0;RMAP_153_2_0;RMAP_153_3_0;RMAP_153_4_0;RMAP_153_5_0;RMAP_153_6_0;RMAP_153_6_1;RMAP_153_7_0;RMAP_153_7_1;RMAP_153_9_0;RMAP_153_9_1;RMAP_153_9_2,RMAP_156_1_0;RMAP_156_3_0;RMAP_156_3_1;RMAP_156_4_0;RMAP_156_6_0;RMAP_156_7_0;RMAP_156_7_1;RMAP_156_9_0;RMAP_156_10_0;RMAP_156_10_1;RMAP_156_12_0;RMAP_156_13_0
F153_051_00,D06_SAFETY_GOTO,6758,F157_001_00,2,field-and-entrance-resolved,,RMAP_153_1_0;RMAP_153_2_0;RMAP_153_3_0;RMAP_153_4_0;RMAP_153_5_0;RMAP_153_6_0;RMAP_153_6_1;RMAP_153_7_0;RMAP_153_7_1;RMAP_153_9_0;RMAP_153_9_1;RMAP_153_9_2,RMAP_157_1_0;RMAP_157_1_1
F153_051_00,D06_SAFETY_GOTO,6765,F157_004_00,4,field-and-entrance-resolved,,RMAP_153_1_0;RMAP_153_2_0;RMAP_153_3_0;RMAP_153_4_0;RMAP_153_5_0;RMAP_153_6_0;RMAP_153_6_1;RMAP_153_7_0;RMAP_153_7_1;RMAP_153_9_0;RMAP_153_9_1;RMAP_153_9_2,RMAP_157_4_0;RMAP_157_4_1
F153_051_00,D06_SAFETY_GOTO,6769,F157_051_00,11,entrance-id-missing,,RMAP_153_1_0;RMAP_153_2_0;RMAP_153_3_0;RMAP_153_4_0;RMAP_153_5_0;RMAP_153_6_0;RMAP_153_6_1;RMAP_153_7_0;RMAP_153_7_1;RMAP_153_9_0;RMAP_153_9_1;RMAP_153_9_2,RMAP_157_1_0;RMAP_157_1_1;RMAP_157_4_0;RMAP_157_4_1;RMAP_157_5_0;RMAP_157_5_1;RMAP_157_6_0;RMAP_157_8_0;RMAP_157_8_1;RMAP_157_11_0;RMAP_157_12_0;RMAP_157_13_0;RMAP_157_15_0
F153_051_00,D06_SAFETY_GOTO,6778,F157_005_00,10,field-and-entrance-resolved,,RMAP_153_1_0;RMAP_153_2_0;RMAP_153_3_0;RMAP_153_4_0;RMAP_153_5_0;RMAP_153_6_0;RMAP_153_6_1;RMAP_153_7_0;RMAP_153_7_1;RMAP_153_9_0;RMAP_153_9_1;RMAP_153_9_2,RMAP_157_5_0
F153_051_00,D06_SAFETY_GOTO,6782,F157_052_00,12,entrance-id-missing,,RMAP_153_1_0;RMAP_153_2_0;RMAP_153_3_0;RMAP_153_4_0;RMAP_153_5_0;RMAP_153_6_0;RMAP_153_6_1;RMAP_153_7_0;RMAP_153_7_1;RMAP_153_9_0;RMAP_153_9_1;RMAP_153_9_2,RMAP_157_1_0;RMAP_157_1_1;RMAP_157_4_0;RMAP_157_4_1;RMAP_157_5_0;RMAP_157_5_1;RMAP_157_6_0;RMAP_157_8_0;RMAP_157_8_1;RMAP_157_11_0;RMAP_157_12_0;RMAP_157_13_0;RMAP_157_15_0
F153_051_00,D06_SAFETY_GOTO,6791,F157_006_00,3,field-and-entrance-resolved,,RMAP_153_1_0;RMAP_153_2_0;RMAP_153_3_0;RMAP_153_4_0;RMAP_153_5_0;RMAP_153_6_0;RMAP_153_6_1;RMAP_153_7_0;RMAP_153_7_1;RMAP_153_9_0;RMAP_153_9_1;RMAP_153_9_2,RMAP_157_6_0
F153_051_00,D06_SAFETY_GOTO,6795,F157_051_00,13,entrance-id-missing,,RMAP_153_1_0;RMAP_153_2_0;RMAP_153_3_0;RMAP_153_4_0;RMAP_153_5_0;RMAP_153_6_0;RMAP_153_6_1;RMAP_153_7_0;RMAP_153_7_1;RMAP_153_9_0;RMAP_153_9_1;RMAP_153_9_2,RMAP_157_1_0;RMAP_157_1_1;RMAP_157_4_0;RMAP_157_4_1;RMAP_157_5_0;RMAP_157_5_1;RMAP_157_6_0;RMAP_157_8_0;RMAP_157_8_1;RMAP_157_11_0;RMAP_157_12_0;RMAP_157_13_0;RMAP_157_15_0
F153_051_00,D06_SAFETY_GOTO,6804,F157_008_00,10,field-and-entrance-resolved,,RMAP_153_1_0;RMAP_153_2_0;RMAP_153_3_0;RMAP_153_4_0;RMAP_153_5_0;RMAP_153_6_0;RMAP_153_6_1;RMAP_153_7_0;RMAP_153_7_1;RMAP_153_9_0;RMAP_153_9_1;RMAP_153_9_2,RMAP_157_8_0;RMAP_157_8_1
F153_051_00,D06_SAFETY_GOTO,6808,F157_052_00,14,entrance-id-missing,,RMAP_153_1_0;RMAP_153_2_0;RMAP_153_3_0;RMAP_153_4_0;RMAP_153_5_0;RMAP_153_6_0;RMAP_153_6_1;RMAP_153_7_0;RMAP_153_7_1;RMAP_153_9_0;RMAP_153_9_1;RMAP_153_9_2,RMAP_157_1_0;RMAP_157_1_1;RMAP_157_4_0;RMAP_157_4_1;RMAP_157_5_0;RMAP_157_5_1;RMAP_157_6_0;RMAP_157_8_0;RMAP_157_8_1;RMAP_157_11_0;RMAP_157_12_0;RMAP_157_13_0;RMAP_157_15_0
F153_051_00,D06_SAFETY_GOTO,6817,F157_011_00,10,field-and-entrance-resolved,,RMAP_153_1_0;RMAP_153_2_0;RMAP_153_3_0;RMAP_153_4_0;RMAP_153_5_0;RMAP_153_6_0;RMAP_153_6_1;RMAP_153_7_0;RMAP_153_7_1;RMAP_153_9_0;RMAP_153_9_1;RMAP_153_9_2,RMAP_157_11_0;RMAP_157_11_1;RMAP_157_11_2
F153_051_00,D06_SAFETY_GOTO,6821,F157_051_00,15,entrance-id-missing,,RMAP_153_1_0;RMAP_153_2_0;RMAP_153_3_0;RMAP_153_4_0;RMAP_153_5_0;RMAP_153_6_0;RMAP_153_6_1;RMAP_153_7_0;RMAP_153_7_1;RMAP_153_9_0;RMAP_153_9_1;RMAP_153_9_2,RMAP_157_1_0;RMAP_157_1_1;RMAP_157_4_0;RMAP_157_4_1;RMAP_157_5_0;RMAP_157_5_1;RMAP_157_6_0;RMAP_157_8_0;RMAP_157_8_1;RMAP_157_11_0;RMAP_157_12_0;RMAP_157_13_0;RMAP_157_15_0
F153_051_00,D06_SAFETY_GOTO,6830,F157_012_00,10,field-and-entrance-resolved,,RMAP_153_1_0;RMAP_153_2_0;RMAP_153_3_0;RMAP_153_4_0;RMAP_153_5_0;RMAP_153_6_0;RMAP_153_6_1;RMAP_153_7_0;RMAP_153_7_1;RMAP_153_9_0;RMAP_153_9_1;RMAP_153_9_2,RMAP_157_12_0
F153_051_00,D06_SAFETY_GOTO,6834,,,dynamic-arguments,,RMAP_153_1_0;RMAP_153_2_0;RMAP_153_3_0;RMAP_153_4_0;RMAP_153_5_0;RMAP_153_6_0;RMAP_153_6_1;RMAP_153_7_0;RMAP_153_7_1;RMAP_153_9_0;RMAP_153_9_1;RMAP_153_9_2,
F153_051_00,D06_SAFETY_GOTO,6843,F157_013_00,10,field-and-entrance-resolved,,RMAP_153_1_0;RMAP_153_2_0;RMAP_153_3_0;RMAP_153_4_0;RMAP_153_5_0;RMAP_153_6_0;RMAP_153_6_1;RMAP_153_7_0;RMAP_153_7_1;RMAP_153_9_0;RMAP_153_9_1;RMAP_153_9_2,RMAP_157_13_0
F153_051_00,D06_SAFETY_GOTO,6847,F157_051_00,17,entrance-id-missing,,RMAP_153_1_0;RMAP_153_2_0;RMAP_153_3_0;RMAP_153_4_0;RMAP_153_5_0;RMAP_153_6_0;RMAP_153_6_1;RMAP_153_7_0;RMAP_153_7_1;RMAP_153_9_0;RMAP_153_9_1;RMAP_153_9_2,RMAP_157_1_0;RMAP_157_1_1;RMAP_157_4_0;RMAP_157_4_1;RMAP_157_5_0;RMAP_157_5_1;RMAP_157_6_0;RMAP_157_8_0;RMAP_157_8_1;RMAP_157_11_0;RMAP_157_12_0;RMAP_157_13_0;RMAP_157_15_0
F153_051_00,D06_SAFETY_GOTO,6856,F157_015_00,10,field-and-entrance-resolved,,RMAP_153_1_0;RMAP_153_2_0;RMAP_153_3_0;RMAP_153_4_0;RMAP_153_5_0;RMAP_153_6_0;RMAP_153_6_1;RMAP_153_7_0;RMAP_153_7_1;RMAP_153_9_0;RMAP_153_9_1;RMAP_153_9_2,RMAP_157_15_0
F153_051_00,D06_SAFETY_GOTO,6860,F157_051_00,18,entrance-id-missing,,RMAP_153_1_0;RMAP_153_2_0;RMAP_153_3_0;RMAP_153_4_0;RMAP_153_5_0;RMAP_153_6_0;RMAP_153_6_1;RMAP_153_7_0;RMAP_153_7_1;RMAP_153_9_0;RMAP_153_9_1;RMAP_153_9_2,RMAP_157_1_0;RMAP_157_1_1;RMAP_157_4_0;RMAP_157_4_1;RMAP_157_5_0;RMAP_157_5_1;RMAP_157_6_0;RMAP_157_8_0;RMAP_157_8_1;RMAP_157_11_0;RMAP_157_12_0;RMAP_157_13_0;RMAP_157_15_0
F153_051_00,D07_SAFETY_GOTO,6890,F159_001_00,2,field-and-entrance-resolved,,RMAP_153_1_0;RMAP_153_2_0;RMAP_153_3_0;RMAP_153_4_0;RMAP_153_5_0;RMAP_153_6_0;RMAP_153_6_1;RMAP_153_7_0;RMAP_153_7_1;RMAP_153_9_0;RMAP_153_9_1;RMAP_153_9_2,RMAP_159_1_0
F153_051_00,D07_SAFETY_GOTO,6897,F159_004_00,20,field-and-entrance-resolved,,RMAP_153_1_0;RMAP_153_2_0;RMAP_153_3_0;RMAP_153_4_0;RMAP_153_5_0;RMAP_153_6_0;RMAP_153_6_1;RMAP_153_7_0;RMAP_153_7_1;RMAP_153_9_0;RMAP_153_9_1;RMAP_153_9_2,RMAP_159_3_0;RMAP_159_3_1
F153_051_00,D07_SAFETY_GOTO,6901,F159_051_00,11,entrance-id-missing,,RMAP_153_1_0;RMAP_153_2_0;RMAP_153_3_0;RMAP_153_4_0;RMAP_153_5_0;RMAP_153_6_0;RMAP_153_6_1;RMAP_153_7_0;RMAP_153_7_1;RMAP_153_9_0;RMAP_153_9_1;RMAP_153_9_2,RMAP_159_1_0;RMAP_159_3_0;RMAP_159_3_1;RMAP_159_6_0;RMAP_159_6_1;RMAP_159_6_2;RMAP_159_6_3;RMAP_159_7_0;RMAP_159_7_1;RMAP_159_10_0;RMAP_159_10_1;RMAP_159_11_0;RMAP_159_11_1;RMAP_159_11_2;RMAP_159_11_3
F153_051_00,D07_SAFETY_GOTO,6910,F159_020_00,20,field-and-entrance-resolved,,RMAP_153_1_0;RMAP_153_2_0;RMAP_153_3_0;RMAP_153_4_0;RMAP_153_5_0;RMAP_153_6_0;RMAP_153_6_1;RMAP_153_7_0;RMAP_153_7_1;RMAP_153_9_0;RMAP_153_9_1;RMAP_153_9_2,RMAP_159_20_0;RMAP_159_20_1
F153_051_00,D07_SAFETY_GOTO,6914,F159_051_00,12,entrance-id-missing,,RMAP_153_1_0;RMAP_153_2_0;RMAP_153_3_0;RMAP_153_4_0;RMAP_153_5_0;RMAP_153_6_0;RMAP_153_6_1;RMAP_153_7_0;RMAP_153_7_1;RMAP_153_9_0;RMAP_153_9_1;RMAP_153_9_2,RMAP_159_1_0;RMAP_159_3_0;RMAP_159_3_1;RMAP_159_6_0;RMAP_159_6_1;RMAP_159_6_2;RMAP_159_6_3;RMAP_159_7_0;RMAP_159_7_1;RMAP_159_10_0;RMAP_159_10_1;RMAP_159_11_0;RMAP_159_11_1;RMAP_159_11_2;RMAP_159_11_3
F153_051_00,D07_SAFETY_GOTO,6923,F159_010_00,20,field-and-entrance-resolved,,RMAP_153_1_0;RMAP_153_2_0;RMAP_153_3_0;RMAP_153_4_0;RMAP_153_5_0;RMAP_153_6_0;RMAP_153_6_1;RMAP_153_7_0;RMAP_153_7_1;RMAP_153_9_0;RMAP_153_9_1;RMAP_153_9_2,RMAP_159_10_0;RMAP_159_10_1
F153_051_00,D07_SAFETY_GOTO,6927,F159_051_00,13,entrance-id-missing,,RMAP_153_1_0;RMAP_153_2_0;RMAP_153_3_0;RMAP_153_4_0;RMAP_153_5_0;RMAP_153_6_0;RMAP_153_6_1;RMAP_153_7_0;RMAP_153_7_1;RMAP_153_9_0;RMAP_153_9_1;RMAP_153_9_2,RMAP_159_1_0;RMAP_159_3_0;RMAP_159_3_1;RMAP_159_6_0;RMAP_159_6_1;RMAP_159_6_2;RMAP_159_6_3;RMAP_159_7_0;RMAP_159_7_1;RMAP_159_10_0;RMAP_159_10_1;RMAP_159_11_0;RMAP_159_11_1;RMAP_159_11_2;RMAP_159_11_3
F153_051_00,D07_SAFETY_GOTO,6936,F159_025_00,20,field-and-entrance-resolved,,RMAP_153_1_0;RMAP_153_2_0;RMAP_153_3_0;RMAP_153_4_0;RMAP_153_5_0;RMAP_153_6_0;RMAP_153_6_1;RMAP_153_7_0;RMAP_153_7_1;RMAP_153_9_0;RMAP_153_9_1;RMAP_153_9_2,RMAP_159_25_0;RMAP_159_25_1
F153_051_00,D07_SAFETY_GOTO,6940,F159_051_00,17,entrance-id-missing,,RMAP_153_1_0;RMAP_153_2_0;RMAP_153_3_0;RMAP_153_4_0;RMAP_153_5_0;RMAP_153_6_0;RMAP_153_6_1;RMAP_153_7_0;RMAP_153_7_1;RMAP_153_9_0;RMAP_153_9_1;RMAP_153_9_2,RMAP_159_1_0;RMAP_159_3_0;RMAP_159_3_1;RMAP_159_6_0;RMAP_159_6_1;RMAP_159_6_2;RMAP_159_6_3;RMAP_159_7_0;RMAP_159_7_1;RMAP_159_10_0;RMAP_159_10_1;RMAP_159_11_0;RMAP_159_11_1;RMAP_159_11_2;RMAP_159_11_3
F153_051_00,D07_SAFETY_GOTO,6949,F159_007_00,20,field-and-entrance-resolved,,RMAP_153_1_0;RMAP_153_2_0;RMAP_153_3_0;RMAP_153_4_0;RMAP_153_5_0;RMAP_153_6_0;RMAP_153_6_1;RMAP_153_7_0;RMAP_153_7_1;RMAP_153_9_0;RMAP_153_9_1;RMAP_153_9_2,RMAP_159_7_0;RMAP_159_7_1
F153_051_00,D07_SAFETY_GOTO,6953,F159_051_00,14,entrance-id-missing,,RMAP_153_1_0;RMAP_153_2_0;RMAP_153_3_0;RMAP_153_4_0;RMAP_153_5_0;RMAP_153_6_0;RMAP_153_6_1;RMAP_153_7_0;RMAP_153_7_1;RMAP_153_9_0;RMAP_153_9_1;RMAP_153_9_2,RMAP_159_1_0;RMAP_159_3_0;RMAP_159_3_1;RMAP_159_6_0;RMAP_159_6_1;RMAP_159_6_2;RMAP_159_6_3;RMAP_159_7_0;RMAP_159_7_1;RMAP_159_10_0;RMAP_159_10_1;RMAP_159_11_0;RMAP_159_11_1;RMAP_159_11_2;RMAP_159_11_3
F153_051_00,D07_SAFETY_GOTO,6962,F159_006_00,20,field-and-entrance-resolved,,RMAP_153_1_0;RMAP_153_2_0;RMAP_153_3_0;RMAP_153_4_0;RMAP_153_5_0;RMAP_153_6_0;RMAP_153_6_1;RMAP_153_7_0;RMAP_153_7_1;RMAP_153_9_0;RMAP_153_9_1;RMAP_153_9_2,RMAP_159_6_0;RMAP_159_6_1;RMAP_159_6_2;RMAP_159_6_3
F153_051_00,D07_SAFETY_GOTO,6966,F159_051_00,15,entrance-id-missing,,RMAP_153_1_0;RMAP_153_2_0;RMAP_153_3_0;RMAP_153_4_0;RMAP_153_5_0;RMAP_153_6_0;RMAP_153_6_1;RMAP_153_7_0;RMAP_153_7_1;RMAP_153_9_0;RMAP_153_9_1;RMAP_153_9_2,RMAP_159_1_0;RMAP_159_3_0;RMAP_159_3_1;RMAP_159_6_0;RMAP_159_6_1;RMAP_159_6_2;RMAP_159_6_3;RMAP_159_7_0;RMAP_159_7_1;RMAP_159_10_0;RMAP_159_10_1;RMAP_159_11_0;RMAP_159_11_1;RMAP_159_11_2;RMAP_159_11_3
F153_051_00,D07_SAFETY_GOTO,6975,F159_011_00,20,field-and-entrance-resolved,,RMAP_153_1_0;RMAP_153_2_0;RMAP_153_3_0;RMAP_153_4_0;RMAP_153_5_0;RMAP_153_6_0;RMAP_153_6_1;RMAP_153_7_0;RMAP_153_7_1;RMAP_153_9_0;RMAP_153_9_1;RMAP_153_9_2,RMAP_159_11_0;RMAP_159_11_1;RMAP_159_11_2;RMAP_159_11_3;RMAP_159_11_4
F153_051_00,D07_SAFETY_GOTO,6979,,,dynamic-arguments,,RMAP_153_1_0;RMAP_153_2_0;RMAP_153_3_0;RMAP_153_4_0;RMAP_153_5_0;RMAP_153_6_0;RMAP_153_6_1;RMAP_153_7_0;RMAP_153_7_1;RMAP_153_9_0;RMAP_153_9_1;RMAP_153_9_2,
F153_051_00,D07_SAFETY_GOTO,6988,F159_003_00,20,field-and-entrance-resolved,,RMAP_153_1_0;RMAP_153_2_0;RMAP_153_3_0;RMAP_153_4_0;RMAP_153_5_0;RMAP_153_6_0;RMAP_153_6_1;RMAP_153_7_0;RMAP_153_7_1;RMAP_153_9_0;RMAP_153_9_1;RMAP_153_9_2,RMAP_159_3_0;RMAP_159_3_1
F153_051_00,D07_SAFETY_GOTO,6992,F159_051_00,18,entrance-id-missing,,RMAP_153_1_0;RMAP_153_2_0;RMAP_153_3_0;RMAP_153_4_0;RMAP_153_5_0;RMAP_153_6_0;RMAP_153_6_1;RMAP_153_7_0;RMAP_153_7_1;RMAP_153_9_0;RMAP_153_9_1;RMAP_153_9_2,RMAP_159_1_0;RMAP_159_3_0;RMAP_159_3_1;RMAP_159_6_0;RMAP_159_6_1;RMAP_159_6_2;RMAP_159_6_3;RMAP_159_7_0;RMAP_159_7_1;RMAP_159_10_0;RMAP_159_10_1;RMAP_159_11_0;RMAP_159_11_1;RMAP_159_11_2;RMAP_159_11_3
F153_051_00,D08_SAFETY_GOTO,7022,F161_001_00,0,field-and-entrance-resolved,,RMAP_153_1_0;RMAP_153_2_0;RMAP_153_3_0;RMAP_153_4_0;RMAP_153_5_0;RMAP_153_6_0;RMAP_153_6_1;RMAP_153_7_0;RMAP_153_7_1;RMAP_153_9_0;RMAP_153_9_1;RMAP_153_9_2,RMAP_161_1_0
F153_051_00,D08_SAFETY_GOTO,7029,F161_006_00,20,field-and-entrance-resolved,,RMAP_153_1_0;RMAP_153_2_0;RMAP_153_3_0;RMAP_153_4_0;RMAP_153_5_0;RMAP_153_6_0;RMAP_153_6_1;RMAP_153_7_0;RMAP_153_7_1;RMAP_153_9_0;RMAP_153_9_1;RMAP_153_9_2,RMAP_161_6_0
F153_051_00,D08_SAFETY_GOTO,7033,F161_051_00,11,entrance-id-missing,,RMAP_153_1_0;RMAP_153_2_0;RMAP_153_3_0;RMAP_153_4_0;RMAP_153_5_0;RMAP_153_6_0;RMAP_153_6_1;RMAP_153_7_0;RMAP_153_7_1;RMAP_153_9_0;RMAP_153_9_1;RMAP_153_9_2,RMAP_160_1_0;RMAP_160_6_0;RMAP_161_1_0;RMAP_161_6_0;RMAP_161_10_0
F153_051_00,D08_SAFETY_GOTO,7042,F161_010_00,20,field-and-entrance-resolved,,RMAP_153_1_0;RMAP_153_2_0;RMAP_153_3_0;RMAP_153_4_0;RMAP_153_5_0;RMAP_153_6_0;RMAP_153_6_1;RMAP_153_7_0;RMAP_153_7_1;RMAP_153_9_0;RMAP_153_9_1;RMAP_153_9_2,RMAP_161_10_0
F153_051_00,D08_SAFETY_GOTO,7046,F161_051_00,12,entrance-id-missing,,RMAP_153_1_0;RMAP_153_2_0;RMAP_153_3_0;RMAP_153_4_0;RMAP_153_5_0;RMAP_153_6_0;RMAP_153_6_1;RMAP_153_7_0;RMAP_153_7_1;RMAP_153_9_0;RMAP_153_9_1;RMAP_153_9_2,RMAP_160_1_0;RMAP_160_6_0;RMAP_161_1_0;RMAP_161_6_0;RMAP_161_10_0
F153_051_00,D08_SAFETY_GOTO,7055,F161_003_00,20,field-and-entrance-resolved,,RMAP_153_1_0;RMAP_153_2_0;RMAP_153_3_0;RMAP_153_4_0;RMAP_153_5_0;RMAP_153_6_0;RMAP_153_6_1;RMAP_153_7_0;RMAP_153_7_1;RMAP_153_9_0;RMAP_153_9_1;RMAP_153_9_2,RMAP_161_3_0
F153_051_00,D08_SAFETY_GOTO,7059,F161_051_00,13,entrance-id-missing,,RMAP_153_1_0;RMAP_153_2_0;RMAP_153_3_0;RMAP_153_4_0;RMAP_153_5_0;RMAP_153_6_0;RMAP_153_6_1;RMAP_153_7_0;RMAP_153_7_1;RMAP_153_9_0;RMAP_153_9_1;RMAP_153_9_2,RMAP_160_1_0;RMAP_160_6_0;RMAP_161_1_0;RMAP_161_6_0;RMAP_161_10_0
F153_051_00,D08_SAFETY_GOTO,7068,F161_008_00,20,field-and-entrance-resolved,,RMAP_153_1_0;RMAP_153_2_0;RMAP_153_3_0;RMAP_153_4_0;RMAP_153_5_0;RMAP_153_6_0;RMAP_153_6_1;RMAP_153_7_0;RMAP_153_7_1;RMAP_153_9_0;RMAP_153_9_1;RMAP_153_9_2,RMAP_161_8_0
F153_051_00,D08_SAFETY_GOTO,7072,F161_051_00,14,entrance-id-missing,,RMAP_153_1_0;RMAP_153_2_0;RMAP_153_3_0;RMAP_153_4_0;RMAP_153_5_0;RMAP_153_6_0;RMAP_153_6_1;RMAP_153_7_0;RMAP_153_7_1;RMAP_153_9_0;RMAP_153_9_1;RMAP_153_9_2,RMAP_160_1_0;RMAP_160_6_0;RMAP_161_1_0;RMAP_161_6_0;RMAP_161_10_0
F153_051_00,LAST_SAFETY_GOTO,7102,F160_001_00,0,field-and-entrance-resolved,,RMAP_153_1_0;RMAP_153_2_0;RMAP_153_3_0;RMAP_153_4_0;RMAP_153_5_0;RMAP_153_6_0;RMAP_153_6_1;RMAP_153_7_0;RMAP_153_7_1;RMAP_153_9_0;RMAP_153_9_1;RMAP_153_9_2,RMAP_160_1_0
F153_051_00,LAST_SAFETY_GOTO,7109,F160_006_00,0,field-and-entrance-resolved,,RMAP_153_1_0;RMAP_153_2_0;RMAP_153_3_0;RMAP_153_4_0;RMAP_153_5_0;RMAP_153_6_0;RMAP_153_6_1;RMAP_153_7_0;RMAP_153_7_1;RMAP_153_9_0;RMAP_153_9_1;RMAP_153_9_2,RMAP_160_6_0
F153_051_00,LAST_SAFETY_GOTO,7113,F160_006_00,0,field-and-entrance-resolved,,RMAP_153_1_0;RMAP_153_2_0;RMAP_153_3_0;RMAP_153_4_0;RMAP_153_5_0;RMAP_153_6_0;RMAP_153_6_1;RMAP_153_7_0;RMAP_153_7_1;RMAP_153_9_0;RMAP_153_9_1;RMAP_153_9_2,RMAP_160_6_0
F153_051_00,D10_SAFETY_GOTO,7143,F162_001_00,20,field-and-entrance-resolved,,RMAP_153_1_0;RMAP_153_2_0;RMAP_153_3_0;RMAP_153_4_0;RMAP_153_5_0;RMAP_153_6_0;RMAP_153_6_1;RMAP_153_7_0;RMAP_153_7_1;RMAP_153_9_0;RMAP_153_9_1;RMAP_153_9_2,RMAP_162_1_0
F153_051_00,D10_SAFETY_GOTO,7150,F162_003_00,20,field-and-entrance-resolved,,RMAP_153_1_0;RMAP_153_2_0;RMAP_153_3_0;RMAP_153_4_0;RMAP_153_5_0;RMAP_153_6_0;RMAP_153_6_1;RMAP_153_7_0;RMAP_153_7_1;RMAP_153_9_0;RMAP_153_9_1;RMAP_153_9_2,RMAP_162_3_0;RMAP_162_3_1
F153_051_00,D10_SAFETY_GOTO,7154,F162_051_00,11,entrance-id-missing,,RMAP_153_1_0;RMAP_153_2_0;RMAP_153_3_0;RMAP_153_4_0;RMAP_153_5_0;RMAP_153_6_0;RMAP_153_6_1;RMAP_153_7_0;RMAP_153_7_1;RMAP_153_9_0;RMAP_153_9_1;RMAP_153_9_2,RMAP_162_1_0;RMAP_162_3_0;RMAP_162_4_0;RMAP_162_9_0;RMAP_162_11_0;RMAP_162_12_0;RMAP_162_14_0;RMAP_162_15_0
F153_051_00,D10_SAFETY_GOTO,7163,F162_009_00,20,field-and-entrance-resolved,,RMAP_153_1_0;RMAP_153_2_0;RMAP_153_3_0;RMAP_153_4_0;RMAP_153_5_0;RMAP_153_6_0;RMAP_153_6_1;RMAP_153_7_0;RMAP_153_7_1;RMAP_153_9_0;RMAP_153_9_1;RMAP_153_9_2,RMAP_162_9_0;RMAP_162_9_1;RMAP_162_9_2;RMAP_162_9_3;RMAP_162_9_4
F153_051_00,D10_SAFETY_GOTO,7167,F162_051_00,12,entrance-id-missing,,RMAP_153_1_0;RMAP_153_2_0;RMAP_153_3_0;RMAP_153_4_0;RMAP_153_5_0;RMAP_153_6_0;RMAP_153_6_1;RMAP_153_7_0;RMAP_153_7_1;RMAP_153_9_0;RMAP_153_9_1;RMAP_153_9_2,RMAP_162_1_0;RMAP_162_3_0;RMAP_162_4_0;RMAP_162_9_0;RMAP_162_11_0;RMAP_162_12_0;RMAP_162_14_0;RMAP_162_15_0
F153_051_00,D10_SAFETY_GOTO,7176,F162_014_00,20,field-and-entrance-resolved,,RMAP_153_1_0;RMAP_153_2_0;RMAP_153_3_0;RMAP_153_4_0;RMAP_153_5_0;RMAP_153_6_0;RMAP_153_6_1;RMAP_153_7_0;RMAP_153_7_1;RMAP_153_9_0;RMAP_153_9_1;RMAP_153_9_2,RMAP_162_14_0;RMAP_162_14_1;RMAP_162_14_2;RMAP_162_14_3
F153_051_00,D10_SAFETY_GOTO,7180,F162_052_00,13,entrance-id-missing,,RMAP_153_1_0;RMAP_153_2_0;RMAP_153_3_0;RMAP_153_4_0;RMAP_153_5_0;RMAP_153_6_0;RMAP_153_6_1;RMAP_153_7_0;RMAP_153_7_1;RMAP_153_9_0;RMAP_153_9_1;RMAP_153_9_2,RMAP_162_1_0;RMAP_162_3_0;RMAP_162_4_0;RMAP_162_9_0;RMAP_162_11_0;RMAP_162_12_0;RMAP_162_14_0;RMAP_162_15_0
F153_051_00,D10_SAFETY_GOTO,7189,F162_015_00,20,field-and-entrance-resolved,,RMAP_153_1_0;RMAP_153_2_0;RMAP_153_3_0;RMAP_153_4_0;RMAP_153_5_0;RMAP_153_6_0;RMAP_153_6_1;RMAP_153_7_0;RMAP_153_7_1;RMAP_153_9_0;RMAP_153_9_1;RMAP_153_9_2,RMAP_162_15_0;RMAP_162_15_1;RMAP_162_15_2
F153_051_00,D10_SAFETY_GOTO,7193,F162_052_00,14,entrance-id-missing,,RMAP_153_1_0;RMAP_153_2_0;RMAP_153_3_0;RMAP_153_4_0;RMAP_153_5_0;RMAP_153_6_0;RMAP_153_6_1;RMAP_153_7_0;RMAP_153_7_1;RMAP_153_9_0;RMAP_153_9_1;RMAP_153_9_2,RMAP_162_1_0;RMAP_162_3_0;RMAP_162_4_0;RMAP_162_9_0;RMAP_162_11_0;RMAP_162_12_0;RMAP_162_14_0;RMAP_162_15_0
F153_051_00,D10_SAFETY_GOTO,7202,F162_012_00,20,field-and-entrance-resolved,,RMAP_153_1_0;RMAP_153_2_0;RMAP_153_3_0;RMAP_153_4_0;RMAP_153_5_0;RMAP_153_6_0;RMAP_153_6_1;RMAP_153_7_0;RMAP_153_7_1;RMAP_153_9_0;RMAP_153_9_1;RMAP_153_9_2,RMAP_162_12_0;RMAP_162_12_1
F153_051_00,D10_SAFETY_GOTO,7206,F162_052_00,15,entrance-id-missing,,RMAP_153_1_0;RMAP_153_2_0;RMAP_153_3_0;RMAP_153_4_0;RMAP_153_5_0;RMAP_153_6_0;RMAP_153_6_1;RMAP_153_7_0;RMAP_153_7_1;RMAP_153_9_0;RMAP_153_9_1;RMAP_153_9_2,RMAP_162_1_0;RMAP_162_3_0;RMAP_162_4_0;RMAP_162_9_0;RMAP_162_11_0;RMAP_162_12_0;RMAP_162_14_0;RMAP_162_15_0
F153_051_00,D10_SAFETY_GOTO,7215,F162_005_00,20,entrance-id-missing,,RMAP_153_1_0;RMAP_153_2_0;RMAP_153_3_0;RMAP_153_4_0;RMAP_153_5_0;RMAP_153_6_0;RMAP_153_6_1;RMAP_153_7_0;RMAP_153_7_1;RMAP_153_9_0;RMAP_153_9_1;RMAP_153_9_2,RMAP_162_5_0
F153_051_00,D10_SAFETY_GOTO,7219,,,dynamic-arguments,,RMAP_153_1_0;RMAP_153_2_0;RMAP_153_3_0;RMAP_153_4_0;RMAP_153_5_0;RMAP_153_6_0;RMAP_153_6_1;RMAP_153_7_0;RMAP_153_7_1;RMAP_153_9_0;RMAP_153_9_1;RMAP_153_9_2,
F153_051_00,D10_SAFETY_GOTO,7228,,,dynamic-arguments,,RMAP_153_1_0;RMAP_153_2_0;RMAP_153_3_0;RMAP_153_4_0;RMAP_153_5_0;RMAP_153_6_0;RMAP_153_6_1;RMAP_153_7_0;RMAP_153_7_1;RMAP_153_9_0;RMAP_153_9_1;RMAP_153_9_2,
F153_051_00,D10_SAFETY_GOTO,7232,F162_052_00,17,entrance-id-missing,,RMAP_153_1_0;RMAP_153_2_0;RMAP_153_3_0;RMAP_153_4_0;RMAP_153_5_0;RMAP_153_6_0;RMAP_153_6_1;RMAP_153_7_0;RMAP_153_7_1;RMAP_153_9_0;RMAP_153_9_1;RMAP_153_9_2,RMAP_162_1_0;RMAP_162_3_0;RMAP_162_4_0;RMAP_162_9_0;RMAP_162_11_0;RMAP_162_12_0;RMAP_162_14_0;RMAP_162_15_0
F153_051_00,D10_SAFETY_GOTO,7241,F162_002_00,20,field-and-entrance-resolved,,RMAP_153_1_0;RMAP_153_2_0;RMAP_153_3_0;RMAP_153_4_0;RMAP_153_5_0;RMAP_153_6_0;RMAP_153_6_1;RMAP_153_7_0;RMAP_153_7_1;RMAP_153_9_0;RMAP_153_9_1;RMAP_153_9_2,RMAP_162_2_0;RMAP_162_2_1;RMAP_162_2_2;RMAP_162_2_3
F153_051_00,D10_SAFETY_GOTO,7245,F162_051_00,18,entrance-id-missing,,RMAP_153_1_0;RMAP_153_2_0;RMAP_153_3_0;RMAP_153_4_0;RMAP_153_5_0;RMAP_153_6_0;RMAP_153_6_1;RMAP_153_7_0;RMAP_153_7_1;RMAP_153_9_0;RMAP_153_9_1;RMAP_153_9_2,RMAP_162_1_0;RMAP_162_3_0;RMAP_162_4_0;RMAP_162_9_0;RMAP_162_11_0;RMAP_162_12_0;RMAP_162_14_0;RMAP_162_15_0
F153_051_00,D10_SAFETY_GOTO,7254,F162_011_00,20,field-and-entrance-resolved,,RMAP_153_1_0;RMAP_153_2_0;RMAP_153_3_0;RMAP_153_4_0;RMAP_153_5_0;RMAP_153_6_0;RMAP_153_6_1;RMAP_153_7_0;RMAP_153_7_1;RMAP_153_9_0;RMAP_153_9_1;RMAP_153_9_2,RMAP_162_11_0;RMAP_162_11_1;RMAP_162_11_2
F153_051_00,D10_SAFETY_GOTO,7258,F162_052_00,19,entrance-id-missing,,RMAP_153_1_0;RMAP_153_2_0;RMAP_153_3_0;RMAP_153_4_0;RMAP_153_5_0;RMAP_153_6_0;RMAP_153_6_1;RMAP_153_7_0;RMAP_153_7_1;RMAP_153_9_0;RMAP_153_9_1;RMAP_153_9_2,RMAP_162_1_0;RMAP_162_3_0;RMAP_162_4_0;RMAP_162_9_0;RMAP_162_11_0;RMAP_162_12_0;RMAP_162_14_0;RMAP_162_15_0
F154_001_00,D03_STEALTH_IN,185,F154_002_00,1,field-and-entrance-resolved,5,RMAP_154_1_0,RMAP_154_2_0;RMAP_154_2_1
F154_001_00,D03_02_e255_102_START,233,F154_002_00,0,field-and-entrance-resolved,2,RMAP_154_1_0,RMAP_154_2_0;RMAP_154_2_1
F154_001_00,D_VELVET_ROOM,2768,F010_003_00,0,field-and-entrance-resolved,1,RMAP_154_1_0,RMAP_001_1_0
F154_001_00,DUNGEON_EXIT_DEBUG,3122,F001_006_00,10,field-and-entrance-resolved,0,RMAP_154_1_0,RMAP_001_5_0
F154_001_00,DUNGEON_EXIT_DEBUG_EX,3129,F154_001_00,2,field-and-entrance-resolved,0,RMAP_154_1_0,RMAP_154_1_0
F154_002_00,D03_002_MOVE_EV_003,172,F154_003_00,0,field-and-entrance-resolved,1,RMAP_154_2_0;RMAP_154_2_1,RMAP_154_3_0;RMAP_154_3_1;RMAP_154_3_2
F154_002_00,GOTO_154_001_01,179,F154_001_00,3,field-and-entrance-resolved,0,RMAP_154_2_0;RMAP_154_2_1,RMAP_154_1_0
F154_002_00,GOTO_154_003_02,187,F154_003_00,2,field-and-entrance-resolved,2,RMAP_154_2_0;RMAP_154_2_1,RMAP_154_3_0;RMAP_154_3_1;RMAP_154_3_2
F154_003_00,D03_MOVE_154_11_00,168,F154_011_00,0,field-and-entrance-resolved,0,RMAP_154_3_0;RMAP_154_3_1;RMAP_154_3_2,RMAP_154_11_0;RMAP_154_11_1;RMAP_154_11_2
F154_003_00,D03_MOVE_154_02_02,176,F154_002_00,2,field-and-entrance-resolved,1,RMAP_154_3_0;RMAP_154_3_1;RMAP_154_3_2,RMAP_154_2_0;RMAP_154_2_1
F154_003_00,D03_03_GuardRoomLook_Right,1052,F154_002_00,65,field-and-entrance-resolved,64,RMAP_154_3_0;RMAP_154_3_1;RMAP_154_3_2,RMAP_154_2_0;RMAP_154_2_1
F154_003_00,D03_03_GuardRoomLook_Left,1081,F154_002_00,65,field-and-entrance-resolved,63,RMAP_154_3_0;RMAP_154_3_1;RMAP_154_3_2,RMAP_154_2_0;RMAP_154_2_1
F154_004_00,D03_MOVE_154_005,20,F154_005_00,0,field-and-entrance-resolved,0,,RMAP_154_5_0;RMAP_154_5_1
F154_005_00,GOTO_154_14_01,170,F154_014_00,1,field-and-entrance-resolved,0,RMAP_154_5_0;RMAP_154_5_1,RMAP_154_14_0;RMAP_154_14_1
F154_005_00,GOTO_154_10_00,240,F154_010_00,0,field-and-entrance-resolved,1,RMAP_154_5_0;RMAP_154_5_1,RMAP_154_10_0
F154_007_00,D03_07_KINKO_KAITEN,141,F154_005_00,1,field-and-entrance-resolved,0,RMAP_154_7_0;RMAP_154_7_1,RMAP_154_5_0;RMAP_154_5_1
F154_008_00,D03_08_KINKO_KAITEN,140,F154_005_00,1,field-and-entrance-resolved,0,RMAP_154_8_0;RMAP_154_8_1,RMAP_154_5_0;RMAP_154_5_1
F154_009_00,D03_09_KINKO_KAITEN,158,F154_005_00,3,field-and-entrance-resolved,0,RMAP_154_9_0;RMAP_154_9_1,RMAP_154_5_0;RMAP_154_5_1
F154_010_00,GOTO_154_05_01,34,F154_005_00,1,field-and-entrance-resolved,0,RMAP_154_10_0,RMAP_154_5_0;RMAP_154_5_1
F154_011_00,GOTO_154_03_01,91,F154_003_00,1,field-and-entrance-resolved,14,RMAP_154_11_0;RMAP_154_11_1;RMAP_154_11_2,RMAP_154_3_0;RMAP_154_3_1;RMAP_154_3_2
F154_011_00,D03_154_011_Go_154_012,189,F154_014_00,0,field-and-entrance-resolved,0,RMAP_154_11_0;RMAP_154_11_1;RMAP_154_11_2,RMAP_154_14_0;RMAP_154_14_1
F154_014_00,D03_154_014_Go_154_013,94,F154_011_00,1,field-and-entrance-resolved,0,RMAP_154_14_0;RMAP_154_14_1,RMAP_154_11_0;RMAP_154_11_1;RMAP_154_11_2
F154_014_00,D03_154_014_Go_154_005,205,F154_005_00,0,field-and-entrance-resolved,1,RMAP_154_14_0;RMAP_154_14_1,RMAP_154_5_0;RMAP_154_5_1
F154_014_00,D03_154_014_Go_154_005,209,F154_005_00,0,field-and-entrance-resolved,1,RMAP_154_14_0;RMAP_154_14_1,RMAP_154_5_0;RMAP_154_5_1
F154_015_00,GOTO_154_01,37,F154_001_00,5,field-and-entrance-resolved,,RMAP_154_15_0,RMAP_154_1_0
F154_015_00,D03_02_miniEV02_START,302,F154_001_00,0,field-and-entrance-resolved,,RMAP_154_15_0,RMAP_154_1_0
F154_015_00,DUNGEON_EXIT_DEBUG,781,F001_006_00,10,field-and-entrance-resolved,6,RMAP_154_15_0,RMAP_001_5_0
F154_051_00,GOTO_ENTRANCE_ACTION,4264,F151_001_00,2,field-and-entrance-resolved,"1,2",RMAP_154_1_0;RMAP_154_3_0;RMAP_154_3_1;RMAP_154_3_2;RMAP_154_5_0;RMAP_154_14_0;RMAP_154_14_1,RMAP_151_1_0;RMAP_151_1_1
F154_051_00,GOTO_ENTRANCE_ACTION,4268,F153_001_00,2,field-and-entrance-resolved,"1,2",RMAP_154_1_0;RMAP_154_3_0;RMAP_154_3_1;RMAP_154_3_2;RMAP_154_5_0;RMAP_154_14_0;RMAP_154_14_1,RMAP_153_1_0
F154_051_00,GOTO_ENTRANCE_ACTION,4272,F154_001_00,2,field-and-entrance-resolved,"1,2",RMAP_154_1_0;RMAP_154_3_0;RMAP_154_3_1;RMAP_154_3_2;RMAP_154_5_0;RMAP_154_14_0;RMAP_154_14_1,RMAP_154_1_0
F154_051_00,GOTO_ENTRANCE_ACTION,4276,F155_001_00,5,field-and-entrance-resolved,"1,2",RMAP_154_1_0;RMAP_154_3_0;RMAP_154_3_1;RMAP_154_3_2;RMAP_154_5_0;RMAP_154_14_0;RMAP_154_14_1,RMAP_155_1_0
F154_051_00,GOTO_ENTRANCE_ACTION,4280,F156_001_00,2,field-and-entrance-resolved,"1,2",RMAP_154_1_0;RMAP_154_3_0;RMAP_154_3_1;RMAP_154_3_2;RMAP_154_5_0;RMAP_154_14_0;RMAP_154_14_1,RMAP_156_1_0
F154_051_00,GOTO_ENTRANCE_ACTION,4284,F157_001_00,2,field-and-entrance-resolved,"1,2",RMAP_154_1_0;RMAP_154_3_0;RMAP_154_3_1;RMAP_154_3_2;RMAP_154_5_0;RMAP_154_14_0;RMAP_154_14_1,RMAP_157_1_0;RMAP_157_1_1
F154_051_00,GOTO_ENTRANCE_ACTION,4288,F159_001_00,2,field-and-entrance-resolved,"1,2",RMAP_154_1_0;RMAP_154_3_0;RMAP_154_3_1;RMAP_154_3_2;RMAP_154_5_0;RMAP_154_14_0;RMAP_154_14_1,RMAP_159_1_0
F154_051_00,GOTO_ENTRANCE_ACTION,4292,F161_001_00,0,field-and-entrance-resolved,"1,2",RMAP_154_1_0;RMAP_154_3_0;RMAP_154_3_1;RMAP_154_3_2;RMAP_154_5_0;RMAP_154_14_0;RMAP_154_14_1,RMAP_161_1_0
F154_051_00,GOTO_ENTRANCE_ACTION,4296,F162_001_00,20,field-and-entrance-resolved,"1,2",RMAP_154_1_0;RMAP_154_3_0;RMAP_154_3_1;RMAP_154_3_2;RMAP_154_5_0;RMAP_154_14_0;RMAP_154_14_1,RMAP_162_1_0
F154_051_00,GOTO_M_ENTRANCE_ACTION,4313,F190_001_00,1,field-and-entrance-resolved,"1,2",RMAP_154_1_0;RMAP_154_3_0;RMAP_154_3_1;RMAP_154_3_2;RMAP_154_5_0;RMAP_154_14_0;RMAP_154_14_1,RMAP_190_1_0
F154_051_00,DEBUG_GOTO_FIELD,4679,F002_005_00,10,field-and-entrance-resolved,,RMAP_154_1_0;RMAP_154_3_0;RMAP_154_3_1;RMAP_154_3_2;RMAP_154_5_0;RMAP_154_14_0;RMAP_154_14_1,RMAP_002_5_0
F154_051_00,DEBUG_GOTO_FIELD,4683,F001_006_00,10,field-and-entrance-resolved,,RMAP_154_1_0;RMAP_154_3_0;RMAP_154_3_1;RMAP_154_3_2;RMAP_154_5_0;RMAP_154_14_0;RMAP_154_14_1,RMAP_001_5_0
F154_051_00,DEBUG_GOTO_FIELD,4687,F001_006_00,10,field-and-entrance-resolved,,RMAP_154_1_0;RMAP_154_3_0;RMAP_154_3_1;RMAP_154_3_2;RMAP_154_5_0;RMAP_154_14_0;RMAP_154_14_1,RMAP_001_5_0
F154_051_00,DEBUG_GOTO_FIELD,4691,F003_002_01,50,field-and-entrance-resolved,,RMAP_154_1_0;RMAP_154_3_0;RMAP_154_3_1;RMAP_154_3_2;RMAP_154_5_0;RMAP_154_14_0;RMAP_154_14_1,RMAP_009_2_0
F154_051_00,DEBUG_GOTO_FIELD,4695,F003_002_01,50,field-and-entrance-resolved,,RMAP_154_1_0;RMAP_154_3_0;RMAP_154_3_1;RMAP_154_3_2;RMAP_154_5_0;RMAP_154_14_0;RMAP_154_14_1,RMAP_009_2_0
F154_051_00,DEBUG_GOTO_FIELD,4699,F003_002_01,50,field-and-entrance-resolved,,RMAP_154_1_0;RMAP_154_3_0;RMAP_154_3_1;RMAP_154_3_2;RMAP_154_5_0;RMAP_154_14_0;RMAP_154_14_1,RMAP_009_2_0
F154_051_00,DEBUG_GOTO_FIELD,4703,F003_002_00,51,field-and-entrance-resolved,,RMAP_154_1_0;RMAP_154_3_0;RMAP_154_3_1;RMAP_154_3_2;RMAP_154_5_0;RMAP_154_14_0;RMAP_154_14_1,RMAP_009_2_0
F154_051_00,DEBUG_GOTO_FIELD,4707,F003_002_00,51,field-and-entrance-resolved,,RMAP_154_1_0;RMAP_154_3_0;RMAP_154_3_1;RMAP_154_3_2;RMAP_154_5_0;RMAP_154_14_0;RMAP_154_14_1,RMAP_009_2_0
F154_051_00,DEBUG_GOTO_FIELD,4711,F003_002_00,51,field-and-entrance-resolved,,RMAP_154_1_0;RMAP_154_3_0;RMAP_154_3_1;RMAP_154_3_2;RMAP_154_5_0;RMAP_154_14_0;RMAP_154_14_1,RMAP_009_2_0
F154_051_00,DEBUG_GOTO_FIELD,4715,F003_002_00,51,field-and-entrance-resolved,,RMAP_154_1_0;RMAP_154_3_0;RMAP_154_3_1;RMAP_154_3_2;RMAP_154_5_0;RMAP_154_14_0;RMAP_154_14_1,RMAP_009_2_0
F154_051_00,D01_SAFETY_GOTO,6068,F151_001_00,2,field-and-entrance-resolved,,RMAP_154_1_0;RMAP_154_3_0;RMAP_154_3_1;RMAP_154_3_2;RMAP_154_5_0;RMAP_154_14_0;RMAP_154_14_1,RMAP_151_1_0;RMAP_151_1_1
F154_051_00,D01_SAFETY_GOTO,6075,F152_001_00,20,field-and-entrance-resolved,,RMAP_154_1_0;RMAP_154_3_0;RMAP_154_3_1;RMAP_154_3_2;RMAP_154_5_0;RMAP_154_14_0;RMAP_154_14_1,RMAP_152_1_0;RMAP_152_1_1
F154_051_00,D01_SAFETY_GOTO,6079,F152_051_00,21,entrance-id-missing,,RMAP_154_1_0;RMAP_154_3_0;RMAP_154_3_1;RMAP_154_3_2;RMAP_154_5_0;RMAP_154_14_0;RMAP_154_14_1,RMAP_151_1_0;RMAP_151_2_0;RMAP_151_3_0;RMAP_151_5_0;RMAP_151_7_0;RMAP_151_11_0;RMAP_152_1_0;RMAP_152_1_1
F154_051_00,D01_SAFETY_GOTO,6088,F151_014_00,20,field-and-entrance-resolved,,RMAP_154_1_0;RMAP_154_3_0;RMAP_154_3_1;RMAP_154_3_2;RMAP_154_5_0;RMAP_154_14_0;RMAP_154_14_1,RMAP_151_2_0;RMAP_151_2_1;RMAP_151_2_2
F154_051_00,D01_SAFETY_GOTO,6092,F151_051_00,11,entrance-id-missing,,RMAP_154_1_0;RMAP_154_3_0;RMAP_154_3_1;RMAP_154_3_2;RMAP_154_5_0;RMAP_154_14_0;RMAP_154_14_1,RMAP_151_1_0;RMAP_151_2_0;RMAP_151_3_0;RMAP_151_5_0;RMAP_151_7_0;RMAP_151_11_0;RMAP_152_1_0;RMAP_152_1_1
F154_051_00,D01_SAFETY_GOTO,6101,F151_002_00,20,field-and-entrance-resolved,,RMAP_154_1_0;RMAP_154_3_0;RMAP_154_3_1;RMAP_154_3_2;RMAP_154_5_0;RMAP_154_14_0;RMAP_154_14_1,RMAP_151_2_0;RMAP_151_2_1;RMAP_151_2_2
F154_051_00,D01_SAFETY_GOTO,6105,F151_051_00,12,entrance-id-missing,,RMAP_154_1_0;RMAP_154_3_0;RMAP_154_3_1;RMAP_154_3_2;RMAP_154_5_0;RMAP_154_14_0;RMAP_154_14_1,RMAP_151_1_0;RMAP_151_2_0;RMAP_151_3_0;RMAP_151_5_0;RMAP_151_7_0;RMAP_151_11_0;RMAP_152_1_0;RMAP_152_1_1
F154_051_00,D01_SAFETY_GOTO,6114,F151_004_00,20,field-and-entrance-resolved,,RMAP_154_1_0;RMAP_154_3_0;RMAP_154_3_1;RMAP_154_3_2;RMAP_154_5_0;RMAP_154_14_0;RMAP_154_14_1,RMAP_151_4_0;RMAP_151_4_1;RMAP_151_4_2
F154_051_00,D01_SAFETY_GOTO,6118,F151_051_00,13,entrance-id-missing,,RMAP_154_1_0;RMAP_154_3_0;RMAP_154_3_1;RMAP_154_3_2;RMAP_154_5_0;RMAP_154_14_0;RMAP_154_14_1,RMAP_151_1_0;RMAP_151_2_0;RMAP_151_3_0;RMAP_151_5_0;RMAP_151_7_0;RMAP_151_11_0;RMAP_152_1_0;RMAP_152_1_1
F154_051_00,D01_SAFETY_GOTO,6127,F151_005_00,20,field-and-entrance-resolved,,RMAP_154_1_0;RMAP_154_3_0;RMAP_154_3_1;RMAP_154_3_2;RMAP_154_5_0;RMAP_154_14_0;RMAP_154_14_1,RMAP_151_5_0;RMAP_151_5_1;RMAP_151_5_2
F154_051_00,D01_SAFETY_GOTO,6131,F151_051_00,14,entrance-id-missing,,RMAP_154_1_0;RMAP_154_3_0;RMAP_154_3_1;RMAP_154_3_2;RMAP_154_5_0;RMAP_154_14_0;RMAP_154_14_1,RMAP_151_1_0;RMAP_151_2_0;RMAP_151_3_0;RMAP_151_5_0;RMAP_151_7_0;RMAP_151_11_0;RMAP_152_1_0;RMAP_152_1_1
F154_051_00,D01_SAFETY_GOTO,6140,F151_007_00,20,field-and-entrance-resolved,,RMAP_154_1_0;RMAP_154_3_0;RMAP_154_3_1;RMAP_154_3_2;RMAP_154_5_0;RMAP_154_14_0;RMAP_154_14_1,RMAP_151_7_0
F154_051_00,D01_SAFETY_GOTO,6144,F151_051_00,31,entrance-id-missing,,RMAP_154_1_0;RMAP_154_3_0;RMAP_154_3_1;RMAP_154_3_2;RMAP_154_5_0;RMAP_154_14_0;RMAP_154_14_1,RMAP_151_1_0;RMAP_151_2_0;RMAP_151_3_0;RMAP_151_5_0;RMAP_151_7_0;RMAP_151_11_0;RMAP_152_1_0;RMAP_152_1_1
F154_051_00,D01_SAFETY_GOTO,6153,F151_011_00,1,field-and-entrance-resolved,,RMAP_154_1_0;RMAP_154_3_0;RMAP_154_3_1;RMAP_154_3_2;RMAP_154_5_0;RMAP_154_14_0;RMAP_154_14_1,RMAP_151_11_0;RMAP_151_11_1
F154_051_00,D01_SAFETY_GOTO,6157,,,dynamic-arguments,,RMAP_154_1_0;RMAP_154_3_0;RMAP_154_3_1;RMAP_154_3_2;RMAP_154_5_0;RMAP_154_14_0;RMAP_154_14_1,
F154_051_00,D02_SAFETY_GOTO,6187,F153_001_00,2,field-and-entrance-resolved,,RMAP_154_1_0;RMAP_154_3_0;RMAP_154_3_1;RMAP_154_3_2;RMAP_154_5_0;RMAP_154_14_0;RMAP_154_14_1,RMAP_153_1_0
F154_051_00,D02_SAFETY_GOTO,6194,F153_012_00,2,field-and-entrance-resolved,,RMAP_154_1_0;RMAP_154_3_0;RMAP_154_3_1;RMAP_154_3_2;RMAP_154_5_0;RMAP_154_14_0;RMAP_154_14_1,RMAP_153_2_0;RMAP_153_2_1
F154_051_00,D02_SAFETY_GOTO,6198,F153_051_00,12,entrance-id-missing,,RMAP_154_1_0;RMAP_154_3_0;RMAP_154_3_1;RMAP_154_3_2;RMAP_154_5_0;RMAP_154_14_0;RMAP_154_14_1,RMAP_153_1_0;RMAP_153_2_0;RMAP_153_3_0;RMAP_153_4_0;RMAP_153_5_0;RMAP_153_6_0;RMAP_153_6_1;RMAP_153_7_0;RMAP_153_7_1;RMAP_153_9_0;RMAP_153_9_1;RMAP_153_9_2
F154_051_00,D02_SAFETY_GOTO,6207,F153_003_00,4,field-and-entrance-resolved,,RMAP_154_1_0;RMAP_154_3_0;RMAP_154_3_1;RMAP_154_3_2;RMAP_154_5_0;RMAP_154_14_0;RMAP_154_14_1,RMAP_153_3_0;RMAP_153_3_1;RMAP_153_3_2;RMAP_153_3_3
F154_051_00,D02_SAFETY_GOTO,6211,F153_051_00,13,entrance-id-missing,,RMAP_154_1_0;RMAP_154_3_0;RMAP_154_3_1;RMAP_154_3_2;RMAP_154_5_0;RMAP_154_14_0;RMAP_154_14_1,RMAP_153_1_0;RMAP_153_2_0;RMAP_153_3_0;RMAP_153_4_0;RMAP_153_5_0;RMAP_153_6_0;RMAP_153_6_1;RMAP_153_7_0;RMAP_153_7_1;RMAP_153_9_0;RMAP_153_9_1;RMAP_153_9_2
F154_051_00,D02_SAFETY_GOTO,6220,F153_005_00,4,field-and-entrance-resolved,,RMAP_154_1_0;RMAP_154_3_0;RMAP_154_3_1;RMAP_154_3_2;RMAP_154_5_0;RMAP_154_14_0;RMAP_154_14_1,RMAP_153_5_0
F154_051_00,D02_SAFETY_GOTO,6224,F153_051_00,15,entrance-id-missing,,RMAP_154_1_0;RMAP_154_3_0;RMAP_154_3_1;RMAP_154_3_2;RMAP_154_5_0;RMAP_154_14_0;RMAP_154_14_1,RMAP_153_1_0;RMAP_153_2_0;RMAP_153_3_0;RMAP_153_4_0;RMAP_153_5_0;RMAP_153_6_0;RMAP_153_6_1;RMAP_153_7_0;RMAP_153_7_1;RMAP_153_9_0;RMAP_153_9_1;RMAP_153_9_2
F154_051_00,D02_SAFETY_GOTO,6233,F153_006_00,20,field-and-entrance-resolved,,RMAP_154_1_0;RMAP_154_3_0;RMAP_154_3_1;RMAP_154_3_2;RMAP_154_5_0;RMAP_154_14_0;RMAP_154_14_1,RMAP_153_6_0;RMAP_153_6_1
F154_051_00,D02_SAFETY_GOTO,6237,,,dynamic-arguments,,RMAP_154_1_0;RMAP_154_3_0;RMAP_154_3_1;RMAP_154_3_2;RMAP_154_5_0;RMAP_154_14_0;RMAP_154_14_1,
F154_051_00,D02_SAFETY_GOTO,6246,F153_007_00,20,entrance-id-missing,,RMAP_154_1_0;RMAP_154_3_0;RMAP_154_3_1;RMAP_154_3_2;RMAP_154_5_0;RMAP_154_14_0;RMAP_154_14_1,RMAP_153_7_0;RMAP_153_7_1;RMAP_153_7_2
F154_051_00,D02_SAFETY_GOTO,6250,F153_051_00,17,entrance-id-missing,,RMAP_154_1_0;RMAP_154_3_0;RMAP_154_3_1;RMAP_154_3_2;RMAP_154_5_0;RMAP_154_14_0;RMAP_154_14_1,RMAP_153_1_0;RMAP_153_2_0;RMAP_153_3_0;RMAP_153_4_0;RMAP_153_5_0;RMAP_153_6_0;RMAP_153_6_1;RMAP_153_7_0;RMAP_153_7_1;RMAP_153_9_0;RMAP_153_9_1;RMAP_153_9_2
F154_051_00,D02_SAFETY_GOTO,6259,F153_009_00,20,field-and-entrance-resolved,,RMAP_154_1_0;RMAP_154_3_0;RMAP_154_3_1;RMAP_154_3_2;RMAP_154_5_0;RMAP_154_14_0;RMAP_154_14_1,RMAP_153_9_0;RMAP_153_9_1;RMAP_153_9_2
F154_051_00,D02_SAFETY_GOTO,6263,F153_051_00,18,entrance-id-missing,,RMAP_154_1_0;RMAP_154_3_0;RMAP_154_3_1;RMAP_154_3_2;RMAP_154_5_0;RMAP_154_14_0;RMAP_154_14_1,RMAP_153_1_0;RMAP_153_2_0;RMAP_153_3_0;RMAP_153_4_0;RMAP_153_5_0;RMAP_153_6_0;RMAP_153_6_1;RMAP_153_7_0;RMAP_153_7_1;RMAP_153_9_0;RMAP_153_9_1;RMAP_153_9_2
F154_051_00,D02_SAFETY_GOTO,6272,F153_009_00,21,field-and-entrance-resolved,,RMAP_154_1_0;RMAP_154_3_0;RMAP_154_3_1;RMAP_154_3_2;RMAP_154_5_0;RMAP_154_14_0;RMAP_154_14_1,RMAP_153_9_0;RMAP_153_9_1;RMAP_153_9_2
F154_051_00,D02_SAFETY_GOTO,6276,F153_051_00,19,entrance-id-missing,,RMAP_154_1_0;RMAP_154_3_0;RMAP_154_3_1;RMAP_154_3_2;RMAP_154_5_0;RMAP_154_14_0;RMAP_154_14_1,RMAP_153_1_0;RMAP_153_2_0;RMAP_153_3_0;RMAP_153_4_0;RMAP_153_5_0;RMAP_153_6_0;RMAP_153_6_1;RMAP_153_7_0;RMAP_153_7_1;RMAP_153_9_0;RMAP_153_9_1;RMAP_153_9_2
F154_051_00,D03_SAFETY_GOTO,6306,F154_001_00,2,field-and-entrance-resolved,"0,3,4",RMAP_154_1_0;RMAP_154_3_0;RMAP_154_3_1;RMAP_154_3_2;RMAP_154_5_0;RMAP_154_14_0;RMAP_154_14_1,RMAP_154_1_0
F154_051_00,D03_SAFETY_GOTO,6313,F154_002_00,10,field-and-entrance-resolved,"0,3,4",RMAP_154_1_0;RMAP_154_3_0;RMAP_154_3_1;RMAP_154_3_2;RMAP_154_5_0;RMAP_154_14_0;RMAP_154_14_1,RMAP_154_2_0;RMAP_154_2_1
F154_051_00,D03_SAFETY_GOTO,6317,F154_051_00,11,entrance-id-missing,"0,3,4",RMAP_154_1_0;RMAP_154_3_0;RMAP_154_3_1;RMAP_154_3_2;RMAP_154_5_0;RMAP_154_14_0;RMAP_154_14_1,RMAP_154_1_0;RMAP_154_3_0;RMAP_154_3_1;RMAP_154_3_2;RMAP_154_5_0;RMAP_154_14_0;RMAP_154_14_1
F154_051_00,D03_SAFETY_GOTO,6326,F154_002_00,11,field-and-entrance-resolved,"0,3,4",RMAP_154_1_0;RMAP_154_3_0;RMAP_154_3_1;RMAP_154_3_2;RMAP_154_5_0;RMAP_154_14_0;RMAP_154_14_1,RMAP_154_2_0;RMAP_154_2_1
F154_051_00,D03_SAFETY_GOTO,6330,F154_051_00,12,entrance-id-missing,"0,3,4",RMAP_154_1_0;RMAP_154_3_0;RMAP_154_3_1;RMAP_154_3_2;RMAP_154_5_0;RMAP_154_14_0;RMAP_154_14_1,RMAP_154_1_0;RMAP_154_3_0;RMAP_154_3_1;RMAP_154_3_2;RMAP_154_5_0;RMAP_154_14_0;RMAP_154_14_1
F154_051_00,D03_SAFETY_GOTO,6339,F154_003_00,10,field-and-entrance-resolved,"0,3,4",RMAP_154_1_0;RMAP_154_3_0;RMAP_154_3_1;RMAP_154_3_2;RMAP_154_5_0;RMAP_154_14_0;RMAP_154_14_1,RMAP_154_3_0;RMAP_154_3_1;RMAP_154_3_2
F154_051_00,D03_SAFETY_GOTO,6343,F154_051_00,13,entrance-id-missing,"0,3,4",RMAP_154_1_0;RMAP_154_3_0;RMAP_154_3_1;RMAP_154_3_2;RMAP_154_5_0;RMAP_154_14_0;RMAP_154_14_1,RMAP_154_1_0;RMAP_154_3_0;RMAP_154_3_1;RMAP_154_3_2;RMAP_154_5_0;RMAP_154_14_0;RMAP_154_14_1
F154_051_00,D03_SAFETY_GOTO,6352,F154_003_00,11,field-and-entrance-resolved,"0,3,4",RMAP_154_1_0;RMAP_154_3_0;RMAP_154_3_1;RMAP_154_3_2;RMAP_154_5_0;RMAP_154_14_0;RMAP_154_14_1,RMAP_154_3_0;RMAP_154_3_1;RMAP_154_3_2
F154_051_00,D03_SAFETY_GOTO,6356,F154_051_00,14,entrance-id-missing,"0,3,4",RMAP_154_1_0;RMAP_154_3_0;RMAP_154_3_1;RMAP_154_3_2;RMAP_154_5_0;RMAP_154_14_0;RMAP_154_14_1,RMAP_154_1_0;RMAP_154_3_0;RMAP_154_3_1;RMAP_154_3_2;RMAP_154_5_0;RMAP_154_14_0;RMAP_154_14_1
F154_051_00,D03_SAFETY_GOTO,6365,F154_012_00,10,target-fbn-missing,"0,3,4",RMAP_154_1_0;RMAP_154_3_0;RMAP_154_3_1;RMAP_154_3_2;RMAP_154_5_0;RMAP_154_14_0;RMAP_154_14_1,RMAP_154_12_0;RMAP_154_12_1;RMAP_154_12_2
F154_051_00,D03_SAFETY_GOTO,6369,F154_051_00,15,entrance-id-missing,"0,3,4",RMAP_154_1_0;RMAP_154_3_0;RMAP_154_3_1;RMAP_154_3_2;RMAP_154_5_0;RMAP_154_14_0;RMAP_154_14_1,RMAP_154_1_0;RMAP_154_3_0;RMAP_154_3_1;RMAP_154_3_2;RMAP_154_5_0;RMAP_154_14_0;RMAP_154_14_1
F154_051_00,D03_SAFETY_GOTO,6378,F154_014_00,10,field-and-entrance-resolved,"0,3,4",RMAP_154_1_0;RMAP_154_3_0;RMAP_154_3_1;RMAP_154_3_2;RMAP_154_5_0;RMAP_154_14_0;RMAP_154_14_1,RMAP_154_14_0;RMAP_154_14_1
F154_051_00,D03_SAFETY_GOTO,6382,,,dynamic-arguments,"0,3,4",RMAP_154_1_0;RMAP_154_3_0;RMAP_154_3_1;RMAP_154_3_2;RMAP_154_5_0;RMAP_154_14_0;RMAP_154_14_1,
F154_051_00,D03_SAFETY_GOTO,6391,F154_005_00,10,field-and-entrance-resolved,"0,3,4",RMAP_154_1_0;RMAP_154_3_0;RMAP_154_3_1;RMAP_154_3_2;RMAP_154_5_0;RMAP_154_14_0;RMAP_154_14_1,RMAP_154_5_0;RMAP_154_5_1
F154_051_00,D03_SAFETY_GOTO,6395,F154_051_00,17,entrance-id-missing,"0,3,4",RMAP_154_1_0;RMAP_154_3_0;RMAP_154_3_1;RMAP_154_3_2;RMAP_154_5_0;RMAP_154_14_0;RMAP_154_14_1,RMAP_154_1_0;RMAP_154_3_0;RMAP_154_3_1;RMAP_154_3_2;RMAP_154_5_0;RMAP_154_14_0;RMAP_154_14_1
F154_051_00,D04_SAFETY_GOTO,6428,F155_001_00,10,field-and-entrance-resolved,,RMAP_154_1_0;RMAP_154_3_0;RMAP_154_3_1;RMAP_154_3_2;RMAP_154_5_0;RMAP_154_14_0;RMAP_154_14_1,RMAP_155_1_0
F154_051_00,D04_SAFETY_GOTO,6432,F155_001_00,5,field-and-entrance-resolved,,RMAP_154_1_0;RMAP_154_3_0;RMAP_154_3_1;RMAP_154_3_2;RMAP_154_5_0;RMAP_154_14_0;RMAP_154_14_1,RMAP_155_1_0
F154_051_00,D04_SAFETY_GOTO,6441,F155_011_00,20,field-and-entrance-resolved,,RMAP_154_1_0;RMAP_154_3_0;RMAP_154_3_1;RMAP_154_3_2;RMAP_154_5_0;RMAP_154_14_0;RMAP_154_14_1,RMAP_155_11_0;RMAP_155_11_1;RMAP_155_11_2;RMAP_155_11_3
F154_051_00,D04_SAFETY_GOTO,6445,F155_051_00,11,entrance-id-missing,,RMAP_154_1_0;RMAP_154_3_0;RMAP_154_3_1;RMAP_154_3_2;RMAP_154_5_0;RMAP_154_14_0;RMAP_154_14_1,RMAP_155_1_0;RMAP_155_2_0;RMAP_155_2_1;RMAP_155_4_0;RMAP_155_4_1;RMAP_155_9_0;RMAP_155_9_1
F154_051_00,D04_SAFETY_GOTO,6454,F155_002_00,20,field-and-entrance-resolved,,RMAP_154_1_0;RMAP_154_3_0;RMAP_154_3_1;RMAP_154_3_2;RMAP_154_5_0;RMAP_154_14_0;RMAP_154_14_1,RMAP_155_2_0;RMAP_155_2_1;RMAP_155_12_0;RMAP_155_12_1
F154_051_00,D04_SAFETY_GOTO,6458,F155_051_00,12,entrance-id-missing,,RMAP_154_1_0;RMAP_154_3_0;RMAP_154_3_1;RMAP_154_3_2;RMAP_154_5_0;RMAP_154_14_0;RMAP_154_14_1,RMAP_155_1_0;RMAP_155_2_0;RMAP_155_2_1;RMAP_155_4_0;RMAP_155_4_1;RMAP_155_9_0;RMAP_155_9_1
F154_051_00,D04_SAFETY_GOTO,6467,F155_002_00,21,field-and-entrance-resolved,,RMAP_154_1_0;RMAP_154_3_0;RMAP_154_3_1;RMAP_154_3_2;RMAP_154_5_0;RMAP_154_14_0;RMAP_154_14_1,RMAP_155_2_0;RMAP_155_2_1;RMAP_155_12_0;RMAP_155_12_1
F154_051_00,D04_SAFETY_GOTO,6471,F155_051_00,13,entrance-id-missing,,RMAP_154_1_0;RMAP_154_3_0;RMAP_154_3_1;RMAP_154_3_2;RMAP_154_5_0;RMAP_154_14_0;RMAP_154_14_1,RMAP_155_1_0;RMAP_155_2_0;RMAP_155_2_1;RMAP_155_4_0;RMAP_155_4_1;RMAP_155_9_0;RMAP_155_9_1
F154_051_00,D04_SAFETY_GOTO,6480,F155_002_00,22,field-and-entrance-resolved,,RMAP_154_1_0;RMAP_154_3_0;RMAP_154_3_1;RMAP_154_3_2;RMAP_154_5_0;RMAP_154_14_0;RMAP_154_14_1,RMAP_155_2_0;RMAP_155_2_1;RMAP_155_12_0;RMAP_155_12_1
F154_051_00,D04_SAFETY_GOTO,6484,F155_051_00,14,entrance-id-missing,,RMAP_154_1_0;RMAP_154_3_0;RMAP_154_3_1;RMAP_154_3_2;RMAP_154_5_0;RMAP_154_14_0;RMAP_154_14_1,RMAP_155_1_0;RMAP_155_2_0;RMAP_155_2_1;RMAP_155_4_0;RMAP_155_4_1;RMAP_155_9_0;RMAP_155_9_1
F154_051_00,D04_SAFETY_GOTO,6493,F155_004_00,21,field-and-entrance-resolved,,RMAP_154_1_0;RMAP_154_3_0;RMAP_154_3_1;RMAP_154_3_2;RMAP_154_5_0;RMAP_154_14_0;RMAP_154_14_1,RMAP_155_4_0;RMAP_155_4_1
F154_051_00,D04_SAFETY_GOTO,6497,F155_051_00,15,entrance-id-missing,,RMAP_154_1_0;RMAP_154_3_0;RMAP_154_3_1;RMAP_154_3_2;RMAP_154_5_0;RMAP_154_14_0;RMAP_154_14_1,RMAP_155_1_0;RMAP_155_2_0;RMAP_155_2_1;RMAP_155_4_0;RMAP_155_4_1;RMAP_155_9_0;RMAP_155_9_1
F154_051_00,D04_SAFETY_GOTO,6506,F155_004_00,20,field-and-entrance-resolved,,RMAP_154_1_0;RMAP_154_3_0;RMAP_154_3_1;RMAP_154_3_2;RMAP_154_5_0;RMAP_154_14_0;RMAP_154_14_1,RMAP_155_4_0;RMAP_155_4_1
F154_051_00,D04_SAFETY_GOTO,6510,F155_051_00,17,entrance-id-missing,,RMAP_154_1_0;RMAP_154_3_0;RMAP_154_3_1;RMAP_154_3_2;RMAP_154_5_0;RMAP_154_14_0;RMAP_154_14_1,RMAP_155_1_0;RMAP_155_2_0;RMAP_155_2_1;RMAP_155_4_0;RMAP_155_4_1;RMAP_155_9_0;RMAP_155_9_1
F154_051_00,D05_SAFETY_GOTO,6540,F156_001_00,5,entrance-id-missing,,RMAP_154_1_0;RMAP_154_3_0;RMAP_154_3_1;RMAP_154_3_2;RMAP_154_5_0;RMAP_154_14_0;RMAP_154_14_1,RMAP_156_1_0
F154_051_00,D05_SAFETY_GOTO,6547,F156_003_00,20,field-and-entrance-resolved,,RMAP_154_1_0;RMAP_154_3_0;RMAP_154_3_1;RMAP_154_3_2;RMAP_154_5_0;RMAP_154_14_0;RMAP_154_14_1,RMAP_156_3_0;RMAP_156_3_1
F154_051_00,D05_SAFETY_GOTO,6551,F156_051_00,11,entrance-id-missing,,RMAP_154_1_0;RMAP_154_3_0;RMAP_154_3_1;RMAP_154_3_2;RMAP_154_5_0;RMAP_154_14_0;RMAP_154_14_1,RMAP_156_1_0;RMAP_156_3_0;RMAP_156_3_1;RMAP_156_4_0;RMAP_156_6_0;RMAP_156_7_0;RMAP_156_7_1;RMAP_156_9_0;RMAP_156_10_0;RMAP_156_10_1;RMAP_156_12_0;RMAP_156_13_0
F154_051_00,D05_SAFETY_GOTO,6560,F156_013_00,2,field-and-entrance-resolved,,RMAP_154_1_0;RMAP_154_3_0;RMAP_154_3_1;RMAP_154_3_2;RMAP_154_5_0;RMAP_154_14_0;RMAP_154_14_1,RMAP_156_13_0
F154_051_00,D05_SAFETY_GOTO,6564,F156_051_00,12,entrance-id-missing,,RMAP_154_1_0;RMAP_154_3_0;RMAP_154_3_1;RMAP_154_3_2;RMAP_154_5_0;RMAP_154_14_0;RMAP_154_14_1,RMAP_156_1_0;RMAP_156_3_0;RMAP_156_3_1;RMAP_156_4_0;RMAP_156_6_0;RMAP_156_7_0;RMAP_156_7_1;RMAP_156_9_0;RMAP_156_10_0;RMAP_156_10_1;RMAP_156_12_0;RMAP_156_13_0
F154_051_00,D05_SAFETY_GOTO,6573,F156_004_00,20,field-and-entrance-resolved,,RMAP_154_1_0;RMAP_154_3_0;RMAP_154_3_1;RMAP_154_3_2;RMAP_154_5_0;RMAP_154_14_0;RMAP_154_14_1,RMAP_156_4_0
F154_051_00,D05_SAFETY_GOTO,6577,F156_051_00,13,entrance-id-missing,,RMAP_154_1_0;RMAP_154_3_0;RMAP_154_3_1;RMAP_154_3_2;RMAP_154_5_0;RMAP_154_14_0;RMAP_154_14_1,RMAP_156_1_0;RMAP_156_3_0;RMAP_156_3_1;RMAP_156_4_0;RMAP_156_6_0;RMAP_156_7_0;RMAP_156_7_1;RMAP_156_9_0;RMAP_156_10_0;RMAP_156_10_1;RMAP_156_12_0;RMAP_156_13_0
F154_051_00,D05_SAFETY_GOTO,6586,F156_007_00,20,field-and-entrance-resolved,,RMAP_154_1_0;RMAP_154_3_0;RMAP_154_3_1;RMAP_154_3_2;RMAP_154_5_0;RMAP_154_14_0;RMAP_154_14_1,RMAP_156_7_0;RMAP_156_7_1
F154_051_00,D05_SAFETY_GOTO,6590,F156_051_00,14,entrance-id-missing,,RMAP_154_1_0;RMAP_154_3_0;RMAP_154_3_1;RMAP_154_3_2;RMAP_154_5_0;RMAP_154_14_0;RMAP_154_14_1,RMAP_156_1_0;RMAP_156_3_0;RMAP_156_3_1;RMAP_156_4_0;RMAP_156_6_0;RMAP_156_7_0;RMAP_156_7_1;RMAP_156_9_0;RMAP_156_10_0;RMAP_156_10_1;RMAP_156_12_0;RMAP_156_13_0
F154_051_00,D05_SAFETY_GOTO,6599,F156_009_00,20,field-and-entrance-resolved,,RMAP_154_1_0;RMAP_154_3_0;RMAP_154_3_1;RMAP_154_3_2;RMAP_154_5_0;RMAP_154_14_0;RMAP_154_14_1,RMAP_156_9_0
F154_051_00,D05_SAFETY_GOTO,6603,F156_051_00,15,entrance-id-missing,,RMAP_154_1_0;RMAP_154_3_0;RMAP_154_3_1;RMAP_154_3_2;RMAP_154_5_0;RMAP_154_14_0;RMAP_154_14_1,RMAP_156_1_0;RMAP_156_3_0;RMAP_156_3_1;RMAP_156_4_0;RMAP_156_6_0;RMAP_156_7_0;RMAP_156_7_1;RMAP_156_9_0;RMAP_156_10_0;RMAP_156_10_1;RMAP_156_12_0;RMAP_156_13_0
F154_051_00,D05_SAFETY_GOTO,6612,F156_012_00,20,field-and-entrance-resolved,,RMAP_154_1_0;RMAP_154_3_0;RMAP_154_3_1;RMAP_154_3_2;RMAP_154_5_0;RMAP_154_14_0;RMAP_154_14_1,RMAP_156_12_0
F154_051_00,D05_SAFETY_GOTO,6616,,,dynamic-arguments,,RMAP_154_1_0;RMAP_154_3_0;RMAP_154_3_1;RMAP_154_3_2;RMAP_154_5_0;RMAP_154_14_0;RMAP_154_14_1,
F154_051_00,D05_SAFETY_GOTO,6625,F156_006_00,50,field-and-entrance-resolved,,RMAP_154_1_0;RMAP_154_3_0;RMAP_154_3_1;RMAP_154_3_2;RMAP_154_5_0;RMAP_154_14_0;RMAP_154_14_1,RMAP_156_6_0
F154_051_00,D05_SAFETY_GOTO,6629,F156_051_00,17,entrance-id-missing,,RMAP_154_1_0;RMAP_154_3_0;RMAP_154_3_1;RMAP_154_3_2;RMAP_154_5_0;RMAP_154_14_0;RMAP_154_14_1,RMAP_156_1_0;RMAP_156_3_0;RMAP_156_3_1;RMAP_156_4_0;RMAP_156_6_0;RMAP_156_7_0;RMAP_156_7_1;RMAP_156_9_0;RMAP_156_10_0;RMAP_156_10_1;RMAP_156_12_0;RMAP_156_13_0
F154_051_00,D05_SAFETY_GOTO,6638,F156_010_00,20,field-and-entrance-resolved,,RMAP_154_1_0;RMAP_154_3_0;RMAP_154_3_1;RMAP_154_3_2;RMAP_154_5_0;RMAP_154_14_0;RMAP_154_14_1,RMAP_156_10_0;RMAP_156_10_1;RMAP_156_10_2
F154_051_00,D05_SAFETY_GOTO,6642,F156_051_00,18,entrance-id-missing,,RMAP_154_1_0;RMAP_154_3_0;RMAP_154_3_1;RMAP_154_3_2;RMAP_154_5_0;RMAP_154_14_0;RMAP_154_14_1,RMAP_156_1_0;RMAP_156_3_0;RMAP_156_3_1;RMAP_156_4_0;RMAP_156_6_0;RMAP_156_7_0;RMAP_156_7_1;RMAP_156_9_0;RMAP_156_10_0;RMAP_156_10_1;RMAP_156_12_0;RMAP_156_13_0
F154_051_00,D06_SAFETY_GOTO,6672,F157_001_00,2,field-and-entrance-resolved,,RMAP_154_1_0;RMAP_154_3_0;RMAP_154_3_1;RMAP_154_3_2;RMAP_154_5_0;RMAP_154_14_0;RMAP_154_14_1,RMAP_157_1_0;RMAP_157_1_1
F154_051_00,D06_SAFETY_GOTO,6679,F157_004_00,4,field-and-entrance-resolved,,RMAP_154_1_0;RMAP_154_3_0;RMAP_154_3_1;RMAP_154_3_2;RMAP_154_5_0;RMAP_154_14_0;RMAP_154_14_1,RMAP_157_4_0;RMAP_157_4_1
F154_051_00,D06_SAFETY_GOTO,6683,F157_051_00,11,entrance-id-missing,,RMAP_154_1_0;RMAP_154_3_0;RMAP_154_3_1;RMAP_154_3_2;RMAP_154_5_0;RMAP_154_14_0;RMAP_154_14_1,RMAP_157_1_0;RMAP_157_1_1;RMAP_157_4_0;RMAP_157_4_1;RMAP_157_5_0;RMAP_157_5_1;RMAP_157_6_0;RMAP_157_8_0;RMAP_157_8_1;RMAP_157_11_0;RMAP_157_12_0;RMAP_157_13_0;RMAP_157_15_0
F154_051_00,D06_SAFETY_GOTO,6692,F157_005_00,10,field-and-entrance-resolved,,RMAP_154_1_0;RMAP_154_3_0;RMAP_154_3_1;RMAP_154_3_2;RMAP_154_5_0;RMAP_154_14_0;RMAP_154_14_1,RMAP_157_5_0
F154_051_00,D06_SAFETY_GOTO,6696,F157_052_00,12,entrance-id-missing,,RMAP_154_1_0;RMAP_154_3_0;RMAP_154_3_1;RMAP_154_3_2;RMAP_154_5_0;RMAP_154_14_0;RMAP_154_14_1,RMAP_157_1_0;RMAP_157_1_1;RMAP_157_4_0;RMAP_157_4_1;RMAP_157_5_0;RMAP_157_5_1;RMAP_157_6_0;RMAP_157_8_0;RMAP_157_8_1;RMAP_157_11_0;RMAP_157_12_0;RMAP_157_13_0;RMAP_157_15_0
F154_051_00,D06_SAFETY_GOTO,6705,F157_006_00,3,field-and-entrance-resolved,,RMAP_154_1_0;RMAP_154_3_0;RMAP_154_3_1;RMAP_154_3_2;RMAP_154_5_0;RMAP_154_14_0;RMAP_154_14_1,RMAP_157_6_0
F154_051_00,D06_SAFETY_GOTO,6709,F157_051_00,13,entrance-id-missing,,RMAP_154_1_0;RMAP_154_3_0;RMAP_154_3_1;RMAP_154_3_2;RMAP_154_5_0;RMAP_154_14_0;RMAP_154_14_1,RMAP_157_1_0;RMAP_157_1_1;RMAP_157_4_0;RMAP_157_4_1;RMAP_157_5_0;RMAP_157_5_1;RMAP_157_6_0;RMAP_157_8_0;RMAP_157_8_1;RMAP_157_11_0;RMAP_157_12_0;RMAP_157_13_0;RMAP_157_15_0
F154_051_00,D06_SAFETY_GOTO,6718,F157_008_00,10,field-and-entrance-resolved,,RMAP_154_1_0;RMAP_154_3_0;RMAP_154_3_1;RMAP_154_3_2;RMAP_154_5_0;RMAP_154_14_0;RMAP_154_14_1,RMAP_157_8_0;RMAP_157_8_1
F154_051_00,D06_SAFETY_GOTO,6722,F157_052_00,14,entrance-id-missing,,RMAP_154_1_0;RMAP_154_3_0;RMAP_154_3_1;RMAP_154_3_2;RMAP_154_5_0;RMAP_154_14_0;RMAP_154_14_1,RMAP_157_1_0;RMAP_157_1_1;RMAP_157_4_0;RMAP_157_4_1;RMAP_157_5_0;RMAP_157_5_1;RMAP_157_6_0;RMAP_157_8_0;RMAP_157_8_1;RMAP_157_11_0;RMAP_157_12_0;RMAP_157_13_0;RMAP_157_15_0
F154_051_00,D06_SAFETY_GOTO,6731,F157_011_00,10,field-and-entrance-resolved,,RMAP_154_1_0;RMAP_154_3_0;RMAP_154_3_1;RMAP_154_3_2;RMAP_154_5_0;RMAP_154_14_0;RMAP_154_14_1,RMAP_157_11_0;RMAP_157_11_1;RMAP_157_11_2
F154_051_00,D06_SAFETY_GOTO,6735,F157_051_00,15,entrance-id-missing,,RMAP_154_1_0;RMAP_154_3_0;RMAP_154_3_1;RMAP_154_3_2;RMAP_154_5_0;RMAP_154_14_0;RMAP_154_14_1,RMAP_157_1_0;RMAP_157_1_1;RMAP_157_4_0;RMAP_157_4_1;RMAP_157_5_0;RMAP_157_5_1;RMAP_157_6_0;RMAP_157_8_0;RMAP_157_8_1;RMAP_157_11_0;RMAP_157_12_0;RMAP_157_13_0;RMAP_157_15_0
F154_051_00,D06_SAFETY_GOTO,6744,F157_012_00,10,field-and-entrance-resolved,,RMAP_154_1_0;RMAP_154_3_0;RMAP_154_3_1;RMAP_154_3_2;RMAP_154_5_0;RMAP_154_14_0;RMAP_154_14_1,RMAP_157_12_0
F154_051_00,D06_SAFETY_GOTO,6748,,,dynamic-arguments,,RMAP_154_1_0;RMAP_154_3_0;RMAP_154_3_1;RMAP_154_3_2;RMAP_154_5_0;RMAP_154_14_0;RMAP_154_14_1,
F154_051_00,D06_SAFETY_GOTO,6757,F157_013_00,10,field-and-entrance-resolved,,RMAP_154_1_0;RMAP_154_3_0;RMAP_154_3_1;RMAP_154_3_2;RMAP_154_5_0;RMAP_154_14_0;RMAP_154_14_1,RMAP_157_13_0
F154_051_00,D06_SAFETY_GOTO,6761,F157_051_00,17,entrance-id-missing,,RMAP_154_1_0;RMAP_154_3_0;RMAP_154_3_1;RMAP_154_3_2;RMAP_154_5_0;RMAP_154_14_0;RMAP_154_14_1,RMAP_157_1_0;RMAP_157_1_1;RMAP_157_4_0;RMAP_157_4_1;RMAP_157_5_0;RMAP_157_5_1;RMAP_157_6_0;RMAP_157_8_0;RMAP_157_8_1;RMAP_157_11_0;RMAP_157_12_0;RMAP_157_13_0;RMAP_157_15_0
F154_051_00,D06_SAFETY_GOTO,6770,F157_015_00,10,field-and-entrance-resolved,,RMAP_154_1_0;RMAP_154_3_0;RMAP_154_3_1;RMAP_154_3_2;RMAP_154_5_0;RMAP_154_14_0;RMAP_154_14_1,RMAP_157_15_0
F154_051_00,D06_SAFETY_GOTO,6774,F157_051_00,18,entrance-id-missing,,RMAP_154_1_0;RMAP_154_3_0;RMAP_154_3_1;RMAP_154_3_2;RMAP_154_5_0;RMAP_154_14_0;RMAP_154_14_1,RMAP_157_1_0;RMAP_157_1_1;RMAP_157_4_0;RMAP_157_4_1;RMAP_157_5_0;RMAP_157_5_1;RMAP_157_6_0;RMAP_157_8_0;RMAP_157_8_1;RMAP_157_11_0;RMAP_157_12_0;RMAP_157_13_0;RMAP_157_15_0
F154_051_00,D07_SAFETY_GOTO,6804,F159_001_00,2,field-and-entrance-resolved,,RMAP_154_1_0;RMAP_154_3_0;RMAP_154_3_1;RMAP_154_3_2;RMAP_154_5_0;RMAP_154_14_0;RMAP_154_14_1,RMAP_159_1_0
F154_051_00,D07_SAFETY_GOTO,6811,F159_004_00,20,field-and-entrance-resolved,,RMAP_154_1_0;RMAP_154_3_0;RMAP_154_3_1;RMAP_154_3_2;RMAP_154_5_0;RMAP_154_14_0;RMAP_154_14_1,RMAP_159_3_0;RMAP_159_3_1
F154_051_00,D07_SAFETY_GOTO,6815,F159_051_00,11,entrance-id-missing,,RMAP_154_1_0;RMAP_154_3_0;RMAP_154_3_1;RMAP_154_3_2;RMAP_154_5_0;RMAP_154_14_0;RMAP_154_14_1,RMAP_159_1_0;RMAP_159_3_0;RMAP_159_3_1;RMAP_159_6_0;RMAP_159_6_1;RMAP_159_6_2;RMAP_159_6_3;RMAP_159_7_0;RMAP_159_7_1;RMAP_159_10_0;RMAP_159_10_1;RMAP_159_11_0;RMAP_159_11_1;RMAP_159_11_2;RMAP_159_11_3
F154_051_00,D07_SAFETY_GOTO,6824,F159_020_00,20,field-and-entrance-resolved,,RMAP_154_1_0;RMAP_154_3_0;RMAP_154_3_1;RMAP_154_3_2;RMAP_154_5_0;RMAP_154_14_0;RMAP_154_14_1,RMAP_159_20_0;RMAP_159_20_1
F154_051_00,D07_SAFETY_GOTO,6828,F159_051_00,12,entrance-id-missing,,RMAP_154_1_0;RMAP_154_3_0;RMAP_154_3_1;RMAP_154_3_2;RMAP_154_5_0;RMAP_154_14_0;RMAP_154_14_1,RMAP_159_1_0;RMAP_159_3_0;RMAP_159_3_1;RMAP_159_6_0;RMAP_159_6_1;RMAP_159_6_2;RMAP_159_6_3;RMAP_159_7_0;RMAP_159_7_1;RMAP_159_10_0;RMAP_159_10_1;RMAP_159_11_0;RMAP_159_11_1;RMAP_159_11_2;RMAP_159_11_3
F154_051_00,D07_SAFETY_GOTO,6837,F159_010_00,20,field-and-entrance-resolved,,RMAP_154_1_0;RMAP_154_3_0;RMAP_154_3_1;RMAP_154_3_2;RMAP_154_5_0;RMAP_154_14_0;RMAP_154_14_1,RMAP_159_10_0;RMAP_159_10_1
F154_051_00,D07_SAFETY_GOTO,6841,F159_051_00,13,entrance-id-missing,,RMAP_154_1_0;RMAP_154_3_0;RMAP_154_3_1;RMAP_154_3_2;RMAP_154_5_0;RMAP_154_14_0;RMAP_154_14_1,RMAP_159_1_0;RMAP_159_3_0;RMAP_159_3_1;RMAP_159_6_0;RMAP_159_6_1;RMAP_159_6_2;RMAP_159_6_3;RMAP_159_7_0;RMAP_159_7_1;RMAP_159_10_0;RMAP_159_10_1;RMAP_159_11_0;RMAP_159_11_1;RMAP_159_11_2;RMAP_159_11_3
F154_051_00,D07_SAFETY_GOTO,6850,F159_025_00,20,field-and-entrance-resolved,,RMAP_154_1_0;RMAP_154_3_0;RMAP_154_3_1;RMAP_154_3_2;RMAP_154_5_0;RMAP_154_14_0;RMAP_154_14_1,RMAP_159_25_0;RMAP_159_25_1
F154_051_00,D07_SAFETY_GOTO,6854,F159_051_00,17,entrance-id-missing,,RMAP_154_1_0;RMAP_154_3_0;RMAP_154_3_1;RMAP_154_3_2;RMAP_154_5_0;RMAP_154_14_0;RMAP_154_14_1,RMAP_159_1_0;RMAP_159_3_0;RMAP_159_3_1;RMAP_159_6_0;RMAP_159_6_1;RMAP_159_6_2;RMAP_159_6_3;RMAP_159_7_0;RMAP_159_7_1;RMAP_159_10_0;RMAP_159_10_1;RMAP_159_11_0;RMAP_159_11_1;RMAP_159_11_2;RMAP_159_11_3
F154_051_00,D07_SAFETY_GOTO,6863,F159_007_00,20,field-and-entrance-resolved,,RMAP_154_1_0;RMAP_154_3_0;RMAP_154_3_1;RMAP_154_3_2;RMAP_154_5_0;RMAP_154_14_0;RMAP_154_14_1,RMAP_159_7_0;RMAP_159_7_1
F154_051_00,D07_SAFETY_GOTO,6867,F159_051_00,14,entrance-id-missing,,RMAP_154_1_0;RMAP_154_3_0;RMAP_154_3_1;RMAP_154_3_2;RMAP_154_5_0;RMAP_154_14_0;RMAP_154_14_1,RMAP_159_1_0;RMAP_159_3_0;RMAP_159_3_1;RMAP_159_6_0;RMAP_159_6_1;RMAP_159_6_2;RMAP_159_6_3;RMAP_159_7_0;RMAP_159_7_1;RMAP_159_10_0;RMAP_159_10_1;RMAP_159_11_0;RMAP_159_11_1;RMAP_159_11_2;RMAP_159_11_3
F154_051_00,D07_SAFETY_GOTO,6876,F159_006_00,20,field-and-entrance-resolved,,RMAP_154_1_0;RMAP_154_3_0;RMAP_154_3_1;RMAP_154_3_2;RMAP_154_5_0;RMAP_154_14_0;RMAP_154_14_1,RMAP_159_6_0;RMAP_159_6_1;RMAP_159_6_2;RMAP_159_6_3
F154_051_00,D07_SAFETY_GOTO,6880,F159_051_00,15,entrance-id-missing,,RMAP_154_1_0;RMAP_154_3_0;RMAP_154_3_1;RMAP_154_3_2;RMAP_154_5_0;RMAP_154_14_0;RMAP_154_14_1,RMAP_159_1_0;RMAP_159_3_0;RMAP_159_3_1;RMAP_159_6_0;RMAP_159_6_1;RMAP_159_6_2;RMAP_159_6_3;RMAP_159_7_0;RMAP_159_7_1;RMAP_159_10_0;RMAP_159_10_1;RMAP_159_11_0;RMAP_159_11_1;RMAP_159_11_2;RMAP_159_11_3
F154_051_00,D07_SAFETY_GOTO,6889,F159_011_00,20,field-and-entrance-resolved,,RMAP_154_1_0;RMAP_154_3_0;RMAP_154_3_1;RMAP_154_3_2;RMAP_154_5_0;RMAP_154_14_0;RMAP_154_14_1,RMAP_159_11_0;RMAP_159_11_1;RMAP_159_11_2;RMAP_159_11_3;RMAP_159_11_4
F154_051_00,D07_SAFETY_GOTO,6893,,,dynamic-arguments,,RMAP_154_1_0;RMAP_154_3_0;RMAP_154_3_1;RMAP_154_3_2;RMAP_154_5_0;RMAP_154_14_0;RMAP_154_14_1,
F154_051_00,D07_SAFETY_GOTO,6902,F159_003_00,20,field-and-entrance-resolved,,RMAP_154_1_0;RMAP_154_3_0;RMAP_154_3_1;RMAP_154_3_2;RMAP_154_5_0;RMAP_154_14_0;RMAP_154_14_1,RMAP_159_3_0;RMAP_159_3_1
F154_051_00,D07_SAFETY_GOTO,6906,F159_051_00,18,entrance-id-missing,,RMAP_154_1_0;RMAP_154_3_0;RMAP_154_3_1;RMAP_154_3_2;RMAP_154_5_0;RMAP_154_14_0;RMAP_154_14_1,RMAP_159_1_0;RMAP_159_3_0;RMAP_159_3_1;RMAP_159_6_0;RMAP_159_6_1;RMAP_159_6_2;RMAP_159_6_3;RMAP_159_7_0;RMAP_159_7_1;RMAP_159_10_0;RMAP_159_10_1;RMAP_159_11_0;RMAP_159_11_1;RMAP_159_11_2;RMAP_159_11_3
F154_051_00,D08_SAFETY_GOTO,6936,F161_001_00,0,field-and-entrance-resolved,,RMAP_154_1_0;RMAP_154_3_0;RMAP_154_3_1;RMAP_154_3_2;RMAP_154_5_0;RMAP_154_14_0;RMAP_154_14_1,RMAP_161_1_0
F154_051_00,D08_SAFETY_GOTO,6943,F161_006_00,20,field-and-entrance-resolved,,RMAP_154_1_0;RMAP_154_3_0;RMAP_154_3_1;RMAP_154_3_2;RMAP_154_5_0;RMAP_154_14_0;RMAP_154_14_1,RMAP_161_6_0
F154_051_00,D08_SAFETY_GOTO,6947,F161_051_00,11,entrance-id-missing,,RMAP_154_1_0;RMAP_154_3_0;RMAP_154_3_1;RMAP_154_3_2;RMAP_154_5_0;RMAP_154_14_0;RMAP_154_14_1,RMAP_160_1_0;RMAP_160_6_0;RMAP_161_1_0;RMAP_161_6_0;RMAP_161_10_0
F154_051_00,D08_SAFETY_GOTO,6956,F161_010_00,20,field-and-entrance-resolved,,RMAP_154_1_0;RMAP_154_3_0;RMAP_154_3_1;RMAP_154_3_2;RMAP_154_5_0;RMAP_154_14_0;RMAP_154_14_1,RMAP_161_10_0
F154_051_00,D08_SAFETY_GOTO,6960,F161_051_00,12,entrance-id-missing,,RMAP_154_1_0;RMAP_154_3_0;RMAP_154_3_1;RMAP_154_3_2;RMAP_154_5_0;RMAP_154_14_0;RMAP_154_14_1,RMAP_160_1_0;RMAP_160_6_0;RMAP_161_1_0;RMAP_161_6_0;RMAP_161_10_0
F154_051_00,D08_SAFETY_GOTO,6969,F161_003_00,20,field-and-entrance-resolved,,RMAP_154_1_0;RMAP_154_3_0;RMAP_154_3_1;RMAP_154_3_2;RMAP_154_5_0;RMAP_154_14_0;RMAP_154_14_1,RMAP_161_3_0
F154_051_00,D08_SAFETY_GOTO,6973,F161_051_00,13,entrance-id-missing,,RMAP_154_1_0;RMAP_154_3_0;RMAP_154_3_1;RMAP_154_3_2;RMAP_154_5_0;RMAP_154_14_0;RMAP_154_14_1,RMAP_160_1_0;RMAP_160_6_0;RMAP_161_1_0;RMAP_161_6_0;RMAP_161_10_0
F154_051_00,D08_SAFETY_GOTO,6982,F161_008_00,20,field-and-entrance-resolved,,RMAP_154_1_0;RMAP_154_3_0;RMAP_154_3_1;RMAP_154_3_2;RMAP_154_5_0;RMAP_154_14_0;RMAP_154_14_1,RMAP_161_8_0
F154_051_00,D08_SAFETY_GOTO,6986,F161_051_00,14,entrance-id-missing,,RMAP_154_1_0;RMAP_154_3_0;RMAP_154_3_1;RMAP_154_3_2;RMAP_154_5_0;RMAP_154_14_0;RMAP_154_14_1,RMAP_160_1_0;RMAP_160_6_0;RMAP_161_1_0;RMAP_161_6_0;RMAP_161_10_0
F154_051_00,LAST_SAFETY_GOTO,7016,F160_001_00,0,field-and-entrance-resolved,,RMAP_154_1_0;RMAP_154_3_0;RMAP_154_3_1;RMAP_154_3_2;RMAP_154_5_0;RMAP_154_14_0;RMAP_154_14_1,RMAP_160_1_0
F154_051_00,LAST_SAFETY_GOTO,7023,F160_006_00,0,field-and-entrance-resolved,,RMAP_154_1_0;RMAP_154_3_0;RMAP_154_3_1;RMAP_154_3_2;RMAP_154_5_0;RMAP_154_14_0;RMAP_154_14_1,RMAP_160_6_0
F154_051_00,LAST_SAFETY_GOTO,7027,F160_006_00,0,field-and-entrance-resolved,,RMAP_154_1_0;RMAP_154_3_0;RMAP_154_3_1;RMAP_154_3_2;RMAP_154_5_0;RMAP_154_14_0;RMAP_154_14_1,RMAP_160_6_0
F154_051_00,D10_SAFETY_GOTO,7057,F162_001_00,20,field-and-entrance-resolved,,RMAP_154_1_0;RMAP_154_3_0;RMAP_154_3_1;RMAP_154_3_2;RMAP_154_5_0;RMAP_154_14_0;RMAP_154_14_1,RMAP_162_1_0
F154_051_00,D10_SAFETY_GOTO,7064,F162_003_00,20,field-and-entrance-resolved,,RMAP_154_1_0;RMAP_154_3_0;RMAP_154_3_1;RMAP_154_3_2;RMAP_154_5_0;RMAP_154_14_0;RMAP_154_14_1,RMAP_162_3_0;RMAP_162_3_1
F154_051_00,D10_SAFETY_GOTO,7068,F162_051_00,11,entrance-id-missing,,RMAP_154_1_0;RMAP_154_3_0;RMAP_154_3_1;RMAP_154_3_2;RMAP_154_5_0;RMAP_154_14_0;RMAP_154_14_1,RMAP_162_1_0;RMAP_162_3_0;RMAP_162_4_0;RMAP_162_9_0;RMAP_162_11_0;RMAP_162_12_0;RMAP_162_14_0;RMAP_162_15_0
F154_051_00,D10_SAFETY_GOTO,7077,F162_009_00,20,field-and-entrance-resolved,,RMAP_154_1_0;RMAP_154_3_0;RMAP_154_3_1;RMAP_154_3_2;RMAP_154_5_0;RMAP_154_14_0;RMAP_154_14_1,RMAP_162_9_0;RMAP_162_9_1;RMAP_162_9_2;RMAP_162_9_3;RMAP_162_9_4
F154_051_00,D10_SAFETY_GOTO,7081,F162_051_00,12,entrance-id-missing,,RMAP_154_1_0;RMAP_154_3_0;RMAP_154_3_1;RMAP_154_3_2;RMAP_154_5_0;RMAP_154_14_0;RMAP_154_14_1,RMAP_162_1_0;RMAP_162_3_0;RMAP_162_4_0;RMAP_162_9_0;RMAP_162_11_0;RMAP_162_12_0;RMAP_162_14_0;RMAP_162_15_0
F154_051_00,D10_SAFETY_GOTO,7090,F162_014_00,20,field-and-entrance-resolved,,RMAP_154_1_0;RMAP_154_3_0;RMAP_154_3_1;RMAP_154_3_2;RMAP_154_5_0;RMAP_154_14_0;RMAP_154_14_1,RMAP_162_14_0;RMAP_162_14_1;RMAP_162_14_2;RMAP_162_14_3
F154_051_00,D10_SAFETY_GOTO,7094,F162_052_00,13,entrance-id-missing,,RMAP_154_1_0;RMAP_154_3_0;RMAP_154_3_1;RMAP_154_3_2;RMAP_154_5_0;RMAP_154_14_0;RMAP_154_14_1,RMAP_162_1_0;RMAP_162_3_0;RMAP_162_4_0;RMAP_162_9_0;RMAP_162_11_0;RMAP_162_12_0;RMAP_162_14_0;RMAP_162_15_0
F154_051_00,D10_SAFETY_GOTO,7103,F162_015_00,20,field-and-entrance-resolved,,RMAP_154_1_0;RMAP_154_3_0;RMAP_154_3_1;RMAP_154_3_2;RMAP_154_5_0;RMAP_154_14_0;RMAP_154_14_1,RMAP_162_15_0;RMAP_162_15_1;RMAP_162_15_2
F154_051_00,D10_SAFETY_GOTO,7107,F162_052_00,14,entrance-id-missing,,RMAP_154_1_0;RMAP_154_3_0;RMAP_154_3_1;RMAP_154_3_2;RMAP_154_5_0;RMAP_154_14_0;RMAP_154_14_1,RMAP_162_1_0;RMAP_162_3_0;RMAP_162_4_0;RMAP_162_9_0;RMAP_162_11_0;RMAP_162_12_0;RMAP_162_14_0;RMAP_162_15_0
F154_051_00,D10_SAFETY_GOTO,7116,F162_012_00,20,field-and-entrance-resolved,,RMAP_154_1_0;RMAP_154_3_0;RMAP_154_3_1;RMAP_154_3_2;RMAP_154_5_0;RMAP_154_14_0;RMAP_154_14_1,RMAP_162_12_0;RMAP_162_12_1
F154_051_00,D10_SAFETY_GOTO,7120,F162_052_00,15,entrance-id-missing,,RMAP_154_1_0;RMAP_154_3_0;RMAP_154_3_1;RMAP_154_3_2;RMAP_154_5_0;RMAP_154_14_0;RMAP_154_14_1,RMAP_162_1_0;RMAP_162_3_0;RMAP_162_4_0;RMAP_162_9_0;RMAP_162_11_0;RMAP_162_12_0;RMAP_162_14_0;RMAP_162_15_0
F154_051_00,D10_SAFETY_GOTO,7129,F162_005_00,20,entrance-id-missing,,RMAP_154_1_0;RMAP_154_3_0;RMAP_154_3_1;RMAP_154_3_2;RMAP_154_5_0;RMAP_154_14_0;RMAP_154_14_1,RMAP_162_5_0
F154_051_00,D10_SAFETY_GOTO,7133,,,dynamic-arguments,,RMAP_154_1_0;RMAP_154_3_0;RMAP_154_3_1;RMAP_154_3_2;RMAP_154_5_0;RMAP_154_14_0;RMAP_154_14_1,
F154_051_00,D10_SAFETY_GOTO,7142,,,dynamic-arguments,,RMAP_154_1_0;RMAP_154_3_0;RMAP_154_3_1;RMAP_154_3_2;RMAP_154_5_0;RMAP_154_14_0;RMAP_154_14_1,
F154_051_00,D10_SAFETY_GOTO,7146,F162_052_00,17,entrance-id-missing,,RMAP_154_1_0;RMAP_154_3_0;RMAP_154_3_1;RMAP_154_3_2;RMAP_154_5_0;RMAP_154_14_0;RMAP_154_14_1,RMAP_162_1_0;RMAP_162_3_0;RMAP_162_4_0;RMAP_162_9_0;RMAP_162_11_0;RMAP_162_12_0;RMAP_162_14_0;RMAP_162_15_0
F154_051_00,D10_SAFETY_GOTO,7155,F162_002_00,20,field-and-entrance-resolved,,RMAP_154_1_0;RMAP_154_3_0;RMAP_154_3_1;RMAP_154_3_2;RMAP_154_5_0;RMAP_154_14_0;RMAP_154_14_1,RMAP_162_2_0;RMAP_162_2_1;RMAP_162_2_2;RMAP_162_2_3
F154_051_00,D10_SAFETY_GOTO,7159,F162_051_00,18,entrance-id-missing,,RMAP_154_1_0;RMAP_154_3_0;RMAP_154_3_1;RMAP_154_3_2;RMAP_154_5_0;RMAP_154_14_0;RMAP_154_14_1,RMAP_162_1_0;RMAP_162_3_0;RMAP_162_4_0;RMAP_162_9_0;RMAP_162_11_0;RMAP_162_12_0;RMAP_162_14_0;RMAP_162_15_0
F154_051_00,D10_SAFETY_GOTO,7168,F162_011_00,20,field-and-entrance-resolved,,RMAP_154_1_0;RMAP_154_3_0;RMAP_154_3_1;RMAP_154_3_2;RMAP_154_5_0;RMAP_154_14_0;RMAP_154_14_1,RMAP_162_11_0;RMAP_162_11_1;RMAP_162_11_2
F154_051_00,D10_SAFETY_GOTO,7172,F162_052_00,19,entrance-id-missing,,RMAP_154_1_0;RMAP_154_3_0;RMAP_154_3_1;RMAP_154_3_2;RMAP_154_5_0;RMAP_154_14_0;RMAP_154_14_1,RMAP_162_1_0;RMAP_162_3_0;RMAP_162_4_0;RMAP_162_9_0;RMAP_162_11_0;RMAP_162_12_0;RMAP_162_14_0;RMAP_162_15_0
F155_001_00,D04_GO_TO_155_002_00,231,F155_002_00,0,field-and-entrance-resolved,3,RMAP_155_1_0,RMAP_155_2_0;RMAP_155_2_1;RMAP_155_12_0;RMAP_155_12_1
F155_001_00,D04_GO_TO_155_011_00,258,F155_011_00,0,field-and-entrance-resolved,4,RMAP_155_1_0,RMAP_155_11_0;RMAP_155_11_1;RMAP_155_11_2;RMAP_155_11_3
F155_001_00,D04_GO_TO_155_013_00,297,F155_013_00,0,field-and-entrance-resolved,5,RMAP_155_1_0,RMAP_155_13_0
F155_001_00,D04_01_e293_012_START,378,F155_002_00,0,field-and-entrance-resolved,3,RMAP_155_1_0,RMAP_155_2_0;RMAP_155_2_1;RMAP_155_12_0;RMAP_155_12_1
F155_001_00,D_VELVET_ROOM,2992,F010_003_00,0,field-and-entrance-resolved,2,RMAP_155_1_0,RMAP_001_1_0
F155_001_00,DUNGEON_EXIT_DEBUG,3346,F003_002_01,50,field-and-entrance-resolved,"0,1",RMAP_155_1_0,RMAP_009_2_0
F155_001_00,DUNGEON_EXIT_DEBUG_EX,3353,F155_001_00,5,field-and-entrance-resolved,"0,1",RMAP_155_1_0,RMAP_155_1_0
F155_002_00,D04_155_002_EXIT,42,F155_001_00,1,field-and-entrance-resolved,0,RMAP_155_2_0;RMAP_155_2_1;RMAP_155_12_0;RMAP_155_12_1,RMAP_155_1_0
F155_002_00,D04_155_002_GOTO,58,F155_009_00,0,field-and-entrance-resolved,1,RMAP_155_2_0;RMAP_155_2_1;RMAP_155_12_0;RMAP_155_12_1,RMAP_155_9_0;RMAP_155_9_1
F155_002_00,D04_155_002_GO_TO_155_007_01,66,F155_007_00,1,field-and-entrance-resolved,3,RMAP_155_2_0;RMAP_155_2_1;RMAP_155_12_0;RMAP_155_12_1,RMAP_155_7_0;RMAP_155_7_1
F155_002_00,D04_155_002_GO_TO_155_003_01,74,F155_003_00,1,field-and-entrance-resolved,4,RMAP_155_2_0;RMAP_155_2_1;RMAP_155_12_0;RMAP_155_12_1,RMAP_155_3_0;RMAP_155_3_1
F155_002_00,D04_155_002_GO_TO_155_006_03,82,F155_006_00,3,field-and-entrance-resolved,5,RMAP_155_2_0;RMAP_155_2_1;RMAP_155_12_0;RMAP_155_12_1,RMAP_155_6_0;RMAP_155_6_1;RMAP_155_6_2
F155_002_00,D04_01_e294_001_START,308,F155_002_00,15,field-and-entrance-resolved,16,RMAP_155_2_0;RMAP_155_2_1;RMAP_155_12_0;RMAP_155_12_1,RMAP_155_2_0;RMAP_155_2_1;RMAP_155_12_0;RMAP_155_12_1
F155_002_00,D04_03_e297_001_START,1133,F155_002_00,1,field-and-entrance-resolved,2,RMAP_155_2_0;RMAP_155_2_1;RMAP_155_12_0;RMAP_155_12_1,RMAP_155_2_0;RMAP_155_2_1;RMAP_155_12_0;RMAP_155_12_1
F155_003_00,D04_03_OUT,135,F155_002_00,8,field-and-entrance-resolved,0,RMAP_155_3_0;RMAP_155_3_1,RMAP_155_2_0;RMAP_155_2_1;RMAP_155_12_0;RMAP_155_12_1
F155_004_00,D04_04_OUT,134,F155_006_00,2,field-and-entrance-resolved,0,RMAP_155_4_0;RMAP_155_4_1,RMAP_155_6_0;RMAP_155_6_1;RMAP_155_6_2
F155_006_00,D04_06_IN,91,F155_004_00,1,field-and-entrance-resolved,0,RMAP_155_6_0;RMAP_155_6_1;RMAP_155_6_2,RMAP_155_4_0;RMAP_155_4_1
F155_006_00,D04_06_OUT,100,F155_002_00,11,field-and-entrance-resolved,1,RMAP_155_6_0;RMAP_155_6_1;RMAP_155_6_2,RMAP_155_2_0;RMAP_155_2_1;RMAP_155_12_0;RMAP_155_12_1
F155_007_00,D04_155_007_GO_TO_155_002_05,91,F155_002_00,5,field-and-entrance-resolved,0,RMAP_155_7_0;RMAP_155_7_1,RMAP_155_2_0;RMAP_155_2_1;RMAP_155_12_0;RMAP_155_12_1
F155_009_00,GOTO_155_002,27,F155_002_00,25,field-and-entrance-resolved,0,RMAP_155_9_0;RMAP_155_9_1,RMAP_155_2_0;RMAP_155_2_1;RMAP_155_12_0;RMAP_155_12_1
F155_011_00,D04_155_011_GOTO_001_02,25,F155_001_00,2,field-and-entrance-resolved,"0,19",RMAP_155_11_0;RMAP_155_11_1;RMAP_155_11_2;RMAP_155_11_3,RMAP_155_1_0
F155_011_00,D04_155_011_GOTO_001_02,29,F155_001_00,2,field-and-entrance-resolved,"0,19",RMAP_155_11_0;RMAP_155_11_1;RMAP_155_11_2;RMAP_155_11_3,RMAP_155_1_0
F155_013_00,GOTO_EXIT,42,F155_001_00,10,field-and-entrance-resolved,0,RMAP_155_13_0,RMAP_155_1_0
F155_051_00,GOTO_ENTRANCE_ACTION,4264,F151_001_00,2,field-and-entrance-resolved,"1,2",RMAP_155_1_0;RMAP_155_2_0;RMAP_155_2_1;RMAP_155_4_0;RMAP_155_4_1;RMAP_155_9_0;RMAP_155_9_1,RMAP_151_1_0;RMAP_151_1_1
F155_051_00,GOTO_ENTRANCE_ACTION,4268,F153_001_00,2,field-and-entrance-resolved,"1,2",RMAP_155_1_0;RMAP_155_2_0;RMAP_155_2_1;RMAP_155_4_0;RMAP_155_4_1;RMAP_155_9_0;RMAP_155_9_1,RMAP_153_1_0
F155_051_00,GOTO_ENTRANCE_ACTION,4272,F154_001_00,2,field-and-entrance-resolved,"1,2",RMAP_155_1_0;RMAP_155_2_0;RMAP_155_2_1;RMAP_155_4_0;RMAP_155_4_1;RMAP_155_9_0;RMAP_155_9_1,RMAP_154_1_0
F155_051_00,GOTO_ENTRANCE_ACTION,4276,F155_001_00,5,field-and-entrance-resolved,"1,2",RMAP_155_1_0;RMAP_155_2_0;RMAP_155_2_1;RMAP_155_4_0;RMAP_155_4_1;RMAP_155_9_0;RMAP_155_9_1,RMAP_155_1_0
F155_051_00,GOTO_ENTRANCE_ACTION,4280,F156_001_00,2,field-and-entrance-resolved,"1,2",RMAP_155_1_0;RMAP_155_2_0;RMAP_155_2_1;RMAP_155_4_0;RMAP_155_4_1;RMAP_155_9_0;RMAP_155_9_1,RMAP_156_1_0
F155_051_00,GOTO_ENTRANCE_ACTION,4284,F157_001_00,2,field-and-entrance-resolved,"1,2",RMAP_155_1_0;RMAP_155_2_0;RMAP_155_2_1;RMAP_155_4_0;RMAP_155_4_1;RMAP_155_9_0;RMAP_155_9_1,RMAP_157_1_0;RMAP_157_1_1
F155_051_00,GOTO_ENTRANCE_ACTION,4288,F159_001_00,2,field-and-entrance-resolved,"1,2",RMAP_155_1_0;RMAP_155_2_0;RMAP_155_2_1;RMAP_155_4_0;RMAP_155_4_1;RMAP_155_9_0;RMAP_155_9_1,RMAP_159_1_0
F155_051_00,GOTO_ENTRANCE_ACTION,4292,F161_001_00,0,field-and-entrance-resolved,"1,2",RMAP_155_1_0;RMAP_155_2_0;RMAP_155_2_1;RMAP_155_4_0;RMAP_155_4_1;RMAP_155_9_0;RMAP_155_9_1,RMAP_161_1_0
F155_051_00,GOTO_ENTRANCE_ACTION,4296,F162_001_00,20,field-and-entrance-resolved,"1,2",RMAP_155_1_0;RMAP_155_2_0;RMAP_155_2_1;RMAP_155_4_0;RMAP_155_4_1;RMAP_155_9_0;RMAP_155_9_1,RMAP_162_1_0
F155_051_00,GOTO_M_ENTRANCE_ACTION,4313,F190_001_00,1,field-and-entrance-resolved,"1,2",RMAP_155_1_0;RMAP_155_2_0;RMAP_155_2_1;RMAP_155_4_0;RMAP_155_4_1;RMAP_155_9_0;RMAP_155_9_1,RMAP_190_1_0
F155_051_00,DEBUG_GOTO_FIELD,4679,F002_005_00,10,field-and-entrance-resolved,,RMAP_155_1_0;RMAP_155_2_0;RMAP_155_2_1;RMAP_155_4_0;RMAP_155_4_1;RMAP_155_9_0;RMAP_155_9_1,RMAP_002_5_0
F155_051_00,DEBUG_GOTO_FIELD,4683,F001_006_00,10,field-and-entrance-resolved,,RMAP_155_1_0;RMAP_155_2_0;RMAP_155_2_1;RMAP_155_4_0;RMAP_155_4_1;RMAP_155_9_0;RMAP_155_9_1,RMAP_001_5_0
F155_051_00,DEBUG_GOTO_FIELD,4687,F001_006_00,10,field-and-entrance-resolved,,RMAP_155_1_0;RMAP_155_2_0;RMAP_155_2_1;RMAP_155_4_0;RMAP_155_4_1;RMAP_155_9_0;RMAP_155_9_1,RMAP_001_5_0
F155_051_00,DEBUG_GOTO_FIELD,4691,F003_002_01,50,field-and-entrance-resolved,,RMAP_155_1_0;RMAP_155_2_0;RMAP_155_2_1;RMAP_155_4_0;RMAP_155_4_1;RMAP_155_9_0;RMAP_155_9_1,RMAP_009_2_0
F155_051_00,DEBUG_GOTO_FIELD,4695,F003_002_01,50,field-and-entrance-resolved,,RMAP_155_1_0;RMAP_155_2_0;RMAP_155_2_1;RMAP_155_4_0;RMAP_155_4_1;RMAP_155_9_0;RMAP_155_9_1,RMAP_009_2_0
F155_051_00,DEBUG_GOTO_FIELD,4699,F003_002_01,50,field-and-entrance-resolved,,RMAP_155_1_0;RMAP_155_2_0;RMAP_155_2_1;RMAP_155_4_0;RMAP_155_4_1;RMAP_155_9_0;RMAP_155_9_1,RMAP_009_2_0
F155_051_00,DEBUG_GOTO_FIELD,4703,F003_002_00,51,field-and-entrance-resolved,,RMAP_155_1_0;RMAP_155_2_0;RMAP_155_2_1;RMAP_155_4_0;RMAP_155_4_1;RMAP_155_9_0;RMAP_155_9_1,RMAP_009_2_0
F155_051_00,DEBUG_GOTO_FIELD,4707,F003_002_00,51,field-and-entrance-resolved,,RMAP_155_1_0;RMAP_155_2_0;RMAP_155_2_1;RMAP_155_4_0;RMAP_155_4_1;RMAP_155_9_0;RMAP_155_9_1,RMAP_009_2_0
F155_051_00,DEBUG_GOTO_FIELD,4711,F003_002_00,51,field-and-entrance-resolved,,RMAP_155_1_0;RMAP_155_2_0;RMAP_155_2_1;RMAP_155_4_0;RMAP_155_4_1;RMAP_155_9_0;RMAP_155_9_1,RMAP_009_2_0
F155_051_00,DEBUG_GOTO_FIELD,4715,F003_002_00,51,field-and-entrance-resolved,,RMAP_155_1_0;RMAP_155_2_0;RMAP_155_2_1;RMAP_155_4_0;RMAP_155_4_1;RMAP_155_9_0;RMAP_155_9_1,RMAP_009_2_0
F155_051_00,D01_SAFETY_GOTO,6068,F151_001_00,2,field-and-entrance-resolved,,RMAP_155_1_0;RMAP_155_2_0;RMAP_155_2_1;RMAP_155_4_0;RMAP_155_4_1;RMAP_155_9_0;RMAP_155_9_1,RMAP_151_1_0;RMAP_151_1_1
F155_051_00,D01_SAFETY_GOTO,6075,F152_001_00,20,field-and-entrance-resolved,,RMAP_155_1_0;RMAP_155_2_0;RMAP_155_2_1;RMAP_155_4_0;RMAP_155_4_1;RMAP_155_9_0;RMAP_155_9_1,RMAP_152_1_0;RMAP_152_1_1
F155_051_00,D01_SAFETY_GOTO,6079,F152_051_00,21,entrance-id-missing,,RMAP_155_1_0;RMAP_155_2_0;RMAP_155_2_1;RMAP_155_4_0;RMAP_155_4_1;RMAP_155_9_0;RMAP_155_9_1,RMAP_151_1_0;RMAP_151_2_0;RMAP_151_3_0;RMAP_151_5_0;RMAP_151_7_0;RMAP_151_11_0;RMAP_152_1_0;RMAP_152_1_1
F155_051_00,D01_SAFETY_GOTO,6088,F151_014_00,20,field-and-entrance-resolved,,RMAP_155_1_0;RMAP_155_2_0;RMAP_155_2_1;RMAP_155_4_0;RMAP_155_4_1;RMAP_155_9_0;RMAP_155_9_1,RMAP_151_2_0;RMAP_151_2_1;RMAP_151_2_2
F155_051_00,D01_SAFETY_GOTO,6092,F151_051_00,11,entrance-id-missing,,RMAP_155_1_0;RMAP_155_2_0;RMAP_155_2_1;RMAP_155_4_0;RMAP_155_4_1;RMAP_155_9_0;RMAP_155_9_1,RMAP_151_1_0;RMAP_151_2_0;RMAP_151_3_0;RMAP_151_5_0;RMAP_151_7_0;RMAP_151_11_0;RMAP_152_1_0;RMAP_152_1_1
F155_051_00,D01_SAFETY_GOTO,6101,F151_002_00,20,field-and-entrance-resolved,,RMAP_155_1_0;RMAP_155_2_0;RMAP_155_2_1;RMAP_155_4_0;RMAP_155_4_1;RMAP_155_9_0;RMAP_155_9_1,RMAP_151_2_0;RMAP_151_2_1;RMAP_151_2_2
F155_051_00,D01_SAFETY_GOTO,6105,F151_051_00,12,entrance-id-missing,,RMAP_155_1_0;RMAP_155_2_0;RMAP_155_2_1;RMAP_155_4_0;RMAP_155_4_1;RMAP_155_9_0;RMAP_155_9_1,RMAP_151_1_0;RMAP_151_2_0;RMAP_151_3_0;RMAP_151_5_0;RMAP_151_7_0;RMAP_151_11_0;RMAP_152_1_0;RMAP_152_1_1
F155_051_00,D01_SAFETY_GOTO,6114,F151_004_00,20,field-and-entrance-resolved,,RMAP_155_1_0;RMAP_155_2_0;RMAP_155_2_1;RMAP_155_4_0;RMAP_155_4_1;RMAP_155_9_0;RMAP_155_9_1,RMAP_151_4_0;RMAP_151_4_1;RMAP_151_4_2
F155_051_00,D01_SAFETY_GOTO,6118,F151_051_00,13,entrance-id-missing,,RMAP_155_1_0;RMAP_155_2_0;RMAP_155_2_1;RMAP_155_4_0;RMAP_155_4_1;RMAP_155_9_0;RMAP_155_9_1,RMAP_151_1_0;RMAP_151_2_0;RMAP_151_3_0;RMAP_151_5_0;RMAP_151_7_0;RMAP_151_11_0;RMAP_152_1_0;RMAP_152_1_1
F155_051_00,D01_SAFETY_GOTO,6127,F151_005_00,20,field-and-entrance-resolved,,RMAP_155_1_0;RMAP_155_2_0;RMAP_155_2_1;RMAP_155_4_0;RMAP_155_4_1;RMAP_155_9_0;RMAP_155_9_1,RMAP_151_5_0;RMAP_151_5_1;RMAP_151_5_2
F155_051_00,D01_SAFETY_GOTO,6131,F151_051_00,14,entrance-id-missing,,RMAP_155_1_0;RMAP_155_2_0;RMAP_155_2_1;RMAP_155_4_0;RMAP_155_4_1;RMAP_155_9_0;RMAP_155_9_1,RMAP_151_1_0;RMAP_151_2_0;RMAP_151_3_0;RMAP_151_5_0;RMAP_151_7_0;RMAP_151_11_0;RMAP_152_1_0;RMAP_152_1_1
F155_051_00,D01_SAFETY_GOTO,6140,F151_007_00,20,field-and-entrance-resolved,,RMAP_155_1_0;RMAP_155_2_0;RMAP_155_2_1;RMAP_155_4_0;RMAP_155_4_1;RMAP_155_9_0;RMAP_155_9_1,RMAP_151_7_0
F155_051_00,D01_SAFETY_GOTO,6144,F151_051_00,31,entrance-id-missing,,RMAP_155_1_0;RMAP_155_2_0;RMAP_155_2_1;RMAP_155_4_0;RMAP_155_4_1;RMAP_155_9_0;RMAP_155_9_1,RMAP_151_1_0;RMAP_151_2_0;RMAP_151_3_0;RMAP_151_5_0;RMAP_151_7_0;RMAP_151_11_0;RMAP_152_1_0;RMAP_152_1_1
F155_051_00,D01_SAFETY_GOTO,6153,F151_011_00,1,field-and-entrance-resolved,,RMAP_155_1_0;RMAP_155_2_0;RMAP_155_2_1;RMAP_155_4_0;RMAP_155_4_1;RMAP_155_9_0;RMAP_155_9_1,RMAP_151_11_0;RMAP_151_11_1
F155_051_00,D01_SAFETY_GOTO,6157,,,dynamic-arguments,,RMAP_155_1_0;RMAP_155_2_0;RMAP_155_2_1;RMAP_155_4_0;RMAP_155_4_1;RMAP_155_9_0;RMAP_155_9_1,
F155_051_00,D02_SAFETY_GOTO,6187,F153_001_00,2,field-and-entrance-resolved,,RMAP_155_1_0;RMAP_155_2_0;RMAP_155_2_1;RMAP_155_4_0;RMAP_155_4_1;RMAP_155_9_0;RMAP_155_9_1,RMAP_153_1_0
F155_051_00,D02_SAFETY_GOTO,6194,F153_012_00,2,field-and-entrance-resolved,,RMAP_155_1_0;RMAP_155_2_0;RMAP_155_2_1;RMAP_155_4_0;RMAP_155_4_1;RMAP_155_9_0;RMAP_155_9_1,RMAP_153_2_0;RMAP_153_2_1
F155_051_00,D02_SAFETY_GOTO,6198,F153_051_00,12,entrance-id-missing,,RMAP_155_1_0;RMAP_155_2_0;RMAP_155_2_1;RMAP_155_4_0;RMAP_155_4_1;RMAP_155_9_0;RMAP_155_9_1,RMAP_153_1_0;RMAP_153_2_0;RMAP_153_3_0;RMAP_153_4_0;RMAP_153_5_0;RMAP_153_6_0;RMAP_153_6_1;RMAP_153_7_0;RMAP_153_7_1;RMAP_153_9_0;RMAP_153_9_1;RMAP_153_9_2
F155_051_00,D02_SAFETY_GOTO,6207,F153_003_00,4,field-and-entrance-resolved,,RMAP_155_1_0;RMAP_155_2_0;RMAP_155_2_1;RMAP_155_4_0;RMAP_155_4_1;RMAP_155_9_0;RMAP_155_9_1,RMAP_153_3_0;RMAP_153_3_1;RMAP_153_3_2;RMAP_153_3_3
F155_051_00,D02_SAFETY_GOTO,6211,F153_051_00,13,entrance-id-missing,,RMAP_155_1_0;RMAP_155_2_0;RMAP_155_2_1;RMAP_155_4_0;RMAP_155_4_1;RMAP_155_9_0;RMAP_155_9_1,RMAP_153_1_0;RMAP_153_2_0;RMAP_153_3_0;RMAP_153_4_0;RMAP_153_5_0;RMAP_153_6_0;RMAP_153_6_1;RMAP_153_7_0;RMAP_153_7_1;RMAP_153_9_0;RMAP_153_9_1;RMAP_153_9_2
F155_051_00,D02_SAFETY_GOTO,6220,F153_005_00,4,field-and-entrance-resolved,,RMAP_155_1_0;RMAP_155_2_0;RMAP_155_2_1;RMAP_155_4_0;RMAP_155_4_1;RMAP_155_9_0;RMAP_155_9_1,RMAP_153_5_0
F155_051_00,D02_SAFETY_GOTO,6224,F153_051_00,15,entrance-id-missing,,RMAP_155_1_0;RMAP_155_2_0;RMAP_155_2_1;RMAP_155_4_0;RMAP_155_4_1;RMAP_155_9_0;RMAP_155_9_1,RMAP_153_1_0;RMAP_153_2_0;RMAP_153_3_0;RMAP_153_4_0;RMAP_153_5_0;RMAP_153_6_0;RMAP_153_6_1;RMAP_153_7_0;RMAP_153_7_1;RMAP_153_9_0;RMAP_153_9_1;RMAP_153_9_2
F155_051_00,D02_SAFETY_GOTO,6233,F153_006_00,20,field-and-entrance-resolved,,RMAP_155_1_0;RMAP_155_2_0;RMAP_155_2_1;RMAP_155_4_0;RMAP_155_4_1;RMAP_155_9_0;RMAP_155_9_1,RMAP_153_6_0;RMAP_153_6_1
F155_051_00,D02_SAFETY_GOTO,6237,,,dynamic-arguments,,RMAP_155_1_0;RMAP_155_2_0;RMAP_155_2_1;RMAP_155_4_0;RMAP_155_4_1;RMAP_155_9_0;RMAP_155_9_1,
F155_051_00,D02_SAFETY_GOTO,6246,F153_007_00,20,entrance-id-missing,,RMAP_155_1_0;RMAP_155_2_0;RMAP_155_2_1;RMAP_155_4_0;RMAP_155_4_1;RMAP_155_9_0;RMAP_155_9_1,RMAP_153_7_0;RMAP_153_7_1;RMAP_153_7_2
F155_051_00,D02_SAFETY_GOTO,6250,F153_051_00,17,entrance-id-missing,,RMAP_155_1_0;RMAP_155_2_0;RMAP_155_2_1;RMAP_155_4_0;RMAP_155_4_1;RMAP_155_9_0;RMAP_155_9_1,RMAP_153_1_0;RMAP_153_2_0;RMAP_153_3_0;RMAP_153_4_0;RMAP_153_5_0;RMAP_153_6_0;RMAP_153_6_1;RMAP_153_7_0;RMAP_153_7_1;RMAP_153_9_0;RMAP_153_9_1;RMAP_153_9_2
F155_051_00,D02_SAFETY_GOTO,6259,F153_009_00,20,field-and-entrance-resolved,,RMAP_155_1_0;RMAP_155_2_0;RMAP_155_2_1;RMAP_155_4_0;RMAP_155_4_1;RMAP_155_9_0;RMAP_155_9_1,RMAP_153_9_0;RMAP_153_9_1;RMAP_153_9_2
F155_051_00,D02_SAFETY_GOTO,6263,F153_051_00,18,entrance-id-missing,,RMAP_155_1_0;RMAP_155_2_0;RMAP_155_2_1;RMAP_155_4_0;RMAP_155_4_1;RMAP_155_9_0;RMAP_155_9_1,RMAP_153_1_0;RMAP_153_2_0;RMAP_153_3_0;RMAP_153_4_0;RMAP_153_5_0;RMAP_153_6_0;RMAP_153_6_1;RMAP_153_7_0;RMAP_153_7_1;RMAP_153_9_0;RMAP_153_9_1;RMAP_153_9_2
F155_051_00,D02_SAFETY_GOTO,6272,F153_009_00,21,field-and-entrance-resolved,,RMAP_155_1_0;RMAP_155_2_0;RMAP_155_2_1;RMAP_155_4_0;RMAP_155_4_1;RMAP_155_9_0;RMAP_155_9_1,RMAP_153_9_0;RMAP_153_9_1;RMAP_153_9_2
F155_051_00,D02_SAFETY_GOTO,6276,F153_051_00,19,entrance-id-missing,,RMAP_155_1_0;RMAP_155_2_0;RMAP_155_2_1;RMAP_155_4_0;RMAP_155_4_1;RMAP_155_9_0;RMAP_155_9_1,RMAP_153_1_0;RMAP_153_2_0;RMAP_153_3_0;RMAP_153_4_0;RMAP_153_5_0;RMAP_153_6_0;RMAP_153_6_1;RMAP_153_7_0;RMAP_153_7_1;RMAP_153_9_0;RMAP_153_9_1;RMAP_153_9_2
F155_051_00,D03_SAFETY_GOTO,6306,F154_001_00,2,field-and-entrance-resolved,,RMAP_155_1_0;RMAP_155_2_0;RMAP_155_2_1;RMAP_155_4_0;RMAP_155_4_1;RMAP_155_9_0;RMAP_155_9_1,RMAP_154_1_0
F155_051_00,D03_SAFETY_GOTO,6313,F154_002_00,10,field-and-entrance-resolved,,RMAP_155_1_0;RMAP_155_2_0;RMAP_155_2_1;RMAP_155_4_0;RMAP_155_4_1;RMAP_155_9_0;RMAP_155_9_1,RMAP_154_2_0;RMAP_154_2_1
F155_051_00,D03_SAFETY_GOTO,6317,F154_051_00,11,entrance-id-missing,,RMAP_155_1_0;RMAP_155_2_0;RMAP_155_2_1;RMAP_155_4_0;RMAP_155_4_1;RMAP_155_9_0;RMAP_155_9_1,RMAP_154_1_0;RMAP_154_3_0;RMAP_154_3_1;RMAP_154_3_2;RMAP_154_5_0;RMAP_154_14_0;RMAP_154_14_1
F155_051_00,D03_SAFETY_GOTO,6326,F154_002_00,11,field-and-entrance-resolved,,RMAP_155_1_0;RMAP_155_2_0;RMAP_155_2_1;RMAP_155_4_0;RMAP_155_4_1;RMAP_155_9_0;RMAP_155_9_1,RMAP_154_2_0;RMAP_154_2_1
F155_051_00,D03_SAFETY_GOTO,6330,F154_051_00,12,entrance-id-missing,,RMAP_155_1_0;RMAP_155_2_0;RMAP_155_2_1;RMAP_155_4_0;RMAP_155_4_1;RMAP_155_9_0;RMAP_155_9_1,RMAP_154_1_0;RMAP_154_3_0;RMAP_154_3_1;RMAP_154_3_2;RMAP_154_5_0;RMAP_154_14_0;RMAP_154_14_1
F155_051_00,D03_SAFETY_GOTO,6339,F154_003_00,10,field-and-entrance-resolved,,RMAP_155_1_0;RMAP_155_2_0;RMAP_155_2_1;RMAP_155_4_0;RMAP_155_4_1;RMAP_155_9_0;RMAP_155_9_1,RMAP_154_3_0;RMAP_154_3_1;RMAP_154_3_2
F155_051_00,D03_SAFETY_GOTO,6343,F154_051_00,13,entrance-id-missing,,RMAP_155_1_0;RMAP_155_2_0;RMAP_155_2_1;RMAP_155_4_0;RMAP_155_4_1;RMAP_155_9_0;RMAP_155_9_1,RMAP_154_1_0;RMAP_154_3_0;RMAP_154_3_1;RMAP_154_3_2;RMAP_154_5_0;RMAP_154_14_0;RMAP_154_14_1
F155_051_00,D03_SAFETY_GOTO,6352,F154_003_00,11,field-and-entrance-resolved,,RMAP_155_1_0;RMAP_155_2_0;RMAP_155_2_1;RMAP_155_4_0;RMAP_155_4_1;RMAP_155_9_0;RMAP_155_9_1,RMAP_154_3_0;RMAP_154_3_1;RMAP_154_3_2
F155_051_00,D03_SAFETY_GOTO,6356,F154_051_00,14,entrance-id-missing,,RMAP_155_1_0;RMAP_155_2_0;RMAP_155_2_1;RMAP_155_4_0;RMAP_155_4_1;RMAP_155_9_0;RMAP_155_9_1,RMAP_154_1_0;RMAP_154_3_0;RMAP_154_3_1;RMAP_154_3_2;RMAP_154_5_0;RMAP_154_14_0;RMAP_154_14_1
F155_051_00,D03_SAFETY_GOTO,6365,F154_012_00,10,target-fbn-missing,,RMAP_155_1_0;RMAP_155_2_0;RMAP_155_2_1;RMAP_155_4_0;RMAP_155_4_1;RMAP_155_9_0;RMAP_155_9_1,RMAP_154_12_0;RMAP_154_12_1;RMAP_154_12_2
F155_051_00,D03_SAFETY_GOTO,6369,F154_051_00,15,entrance-id-missing,,RMAP_155_1_0;RMAP_155_2_0;RMAP_155_2_1;RMAP_155_4_0;RMAP_155_4_1;RMAP_155_9_0;RMAP_155_9_1,RMAP_154_1_0;RMAP_154_3_0;RMAP_154_3_1;RMAP_154_3_2;RMAP_154_5_0;RMAP_154_14_0;RMAP_154_14_1
F155_051_00,D03_SAFETY_GOTO,6378,F154_014_00,10,field-and-entrance-resolved,,RMAP_155_1_0;RMAP_155_2_0;RMAP_155_2_1;RMAP_155_4_0;RMAP_155_4_1;RMAP_155_9_0;RMAP_155_9_1,RMAP_154_14_0;RMAP_154_14_1
F155_051_00,D03_SAFETY_GOTO,6382,,,dynamic-arguments,,RMAP_155_1_0;RMAP_155_2_0;RMAP_155_2_1;RMAP_155_4_0;RMAP_155_4_1;RMAP_155_9_0;RMAP_155_9_1,
F155_051_00,D03_SAFETY_GOTO,6391,F154_005_00,10,field-and-entrance-resolved,,RMAP_155_1_0;RMAP_155_2_0;RMAP_155_2_1;RMAP_155_4_0;RMAP_155_4_1;RMAP_155_9_0;RMAP_155_9_1,RMAP_154_5_0;RMAP_154_5_1
F155_051_00,D03_SAFETY_GOTO,6395,F154_051_00,17,entrance-id-missing,,RMAP_155_1_0;RMAP_155_2_0;RMAP_155_2_1;RMAP_155_4_0;RMAP_155_4_1;RMAP_155_9_0;RMAP_155_9_1,RMAP_154_1_0;RMAP_154_3_0;RMAP_154_3_1;RMAP_154_3_2;RMAP_154_5_0;RMAP_154_14_0;RMAP_154_14_1
F155_051_00,D04_SAFETY_GOTO,6428,F155_001_00,10,field-and-entrance-resolved,"0,3,4",RMAP_155_1_0;RMAP_155_2_0;RMAP_155_2_1;RMAP_155_4_0;RMAP_155_4_1;RMAP_155_9_0;RMAP_155_9_1,RMAP_155_1_0
F155_051_00,D04_SAFETY_GOTO,6432,F155_001_00,5,field-and-entrance-resolved,"0,3,4",RMAP_155_1_0;RMAP_155_2_0;RMAP_155_2_1;RMAP_155_4_0;RMAP_155_4_1;RMAP_155_9_0;RMAP_155_9_1,RMAP_155_1_0
F155_051_00,D04_SAFETY_GOTO,6441,F155_011_00,20,field-and-entrance-resolved,"0,3,4",RMAP_155_1_0;RMAP_155_2_0;RMAP_155_2_1;RMAP_155_4_0;RMAP_155_4_1;RMAP_155_9_0;RMAP_155_9_1,RMAP_155_11_0;RMAP_155_11_1;RMAP_155_11_2;RMAP_155_11_3
F155_051_00,D04_SAFETY_GOTO,6445,F155_051_00,11,entrance-id-missing,"0,3,4",RMAP_155_1_0;RMAP_155_2_0;RMAP_155_2_1;RMAP_155_4_0;RMAP_155_4_1;RMAP_155_9_0;RMAP_155_9_1,RMAP_155_1_0;RMAP_155_2_0;RMAP_155_2_1;RMAP_155_4_0;RMAP_155_4_1;RMAP_155_9_0;RMAP_155_9_1
F155_051_00,D04_SAFETY_GOTO,6454,F155_002_00,20,field-and-entrance-resolved,"0,3,4",RMAP_155_1_0;RMAP_155_2_0;RMAP_155_2_1;RMAP_155_4_0;RMAP_155_4_1;RMAP_155_9_0;RMAP_155_9_1,RMAP_155_2_0;RMAP_155_2_1;RMAP_155_12_0;RMAP_155_12_1
F155_051_00,D04_SAFETY_GOTO,6458,F155_051_00,12,entrance-id-missing,"0,3,4",RMAP_155_1_0;RMAP_155_2_0;RMAP_155_2_1;RMAP_155_4_0;RMAP_155_4_1;RMAP_155_9_0;RMAP_155_9_1,RMAP_155_1_0;RMAP_155_2_0;RMAP_155_2_1;RMAP_155_4_0;RMAP_155_4_1;RMAP_155_9_0;RMAP_155_9_1
F155_051_00,D04_SAFETY_GOTO,6467,F155_002_00,21,field-and-entrance-resolved,"0,3,4",RMAP_155_1_0;RMAP_155_2_0;RMAP_155_2_1;RMAP_155_4_0;RMAP_155_4_1;RMAP_155_9_0;RMAP_155_9_1,RMAP_155_2_0;RMAP_155_2_1;RMAP_155_12_0;RMAP_155_12_1
F155_051_00,D04_SAFETY_GOTO,6471,F155_051_00,13,entrance-id-missing,"0,3,4",RMAP_155_1_0;RMAP_155_2_0;RMAP_155_2_1;RMAP_155_4_0;RMAP_155_4_1;RMAP_155_9_0;RMAP_155_9_1,RMAP_155_1_0;RMAP_155_2_0;RMAP_155_2_1;RMAP_155_4_0;RMAP_155_4_1;RMAP_155_9_0;RMAP_155_9_1
F155_051_00,D04_SAFETY_GOTO,6480,F155_002_00,22,field-and-entrance-resolved,"0,3,4",RMAP_155_1_0;RMAP_155_2_0;RMAP_155_2_1;RMAP_155_4_0;RMAP_155_4_1;RMAP_155_9_0;RMAP_155_9_1,RMAP_155_2_0;RMAP_155_2_1;RMAP_155_12_0;RMAP_155_12_1
F155_051_00,D04_SAFETY_GOTO,6484,F155_051_00,14,entrance-id-missing,"0,3,4",RMAP_155_1_0;RMAP_155_2_0;RMAP_155_2_1;RMAP_155_4_0;RMAP_155_4_1;RMAP_155_9_0;RMAP_155_9_1,RMAP_155_1_0;RMAP_155_2_0;RMAP_155_2_1;RMAP_155_4_0;RMAP_155_4_1;RMAP_155_9_0;RMAP_155_9_1
F155_051_00,D04_SAFETY_GOTO,6493,F155_004_00,21,field-and-entrance-resolved,"0,3,4",RMAP_155_1_0;RMAP_155_2_0;RMAP_155_2_1;RMAP_155_4_0;RMAP_155_4_1;RMAP_155_9_0;RMAP_155_9_1,RMAP_155_4_0;RMAP_155_4_1
F155_051_00,D04_SAFETY_GOTO,6497,F155_051_00,15,entrance-id-missing,"0,3,4",RMAP_155_1_0;RMAP_155_2_0;RMAP_155_2_1;RMAP_155_4_0;RMAP_155_4_1;RMAP_155_9_0;RMAP_155_9_1,RMAP_155_1_0;RMAP_155_2_0;RMAP_155_2_1;RMAP_155_4_0;RMAP_155_4_1;RMAP_155_9_0;RMAP_155_9_1
F155_051_00,D04_SAFETY_GOTO,6506,F155_004_00,20,field-and-entrance-resolved,"0,3,4",RMAP_155_1_0;RMAP_155_2_0;RMAP_155_2_1;RMAP_155_4_0;RMAP_155_4_1;RMAP_155_9_0;RMAP_155_9_1,RMAP_155_4_0;RMAP_155_4_1
F155_051_00,D04_SAFETY_GOTO,6510,F155_051_00,17,entrance-id-missing,"0,3,4",RMAP_155_1_0;RMAP_155_2_0;RMAP_155_2_1;RMAP_155_4_0;RMAP_155_4_1;RMAP_155_9_0;RMAP_155_9_1,RMAP_155_1_0;RMAP_155_2_0;RMAP_155_2_1;RMAP_155_4_0;RMAP_155_4_1;RMAP_155_9_0;RMAP_155_9_1
F155_051_00,D05_SAFETY_GOTO,6540,F156_001_00,5,entrance-id-missing,,RMAP_155_1_0;RMAP_155_2_0;RMAP_155_2_1;RMAP_155_4_0;RMAP_155_4_1;RMAP_155_9_0;RMAP_155_9_1,RMAP_156_1_0
F155_051_00,D05_SAFETY_GOTO,6547,F156_003_00,20,field-and-entrance-resolved,,RMAP_155_1_0;RMAP_155_2_0;RMAP_155_2_1;RMAP_155_4_0;RMAP_155_4_1;RMAP_155_9_0;RMAP_155_9_1,RMAP_156_3_0;RMAP_156_3_1
F155_051_00,D05_SAFETY_GOTO,6551,F156_051_00,11,entrance-id-missing,,RMAP_155_1_0;RMAP_155_2_0;RMAP_155_2_1;RMAP_155_4_0;RMAP_155_4_1;RMAP_155_9_0;RMAP_155_9_1,RMAP_156_1_0;RMAP_156_3_0;RMAP_156_3_1;RMAP_156_4_0;RMAP_156_6_0;RMAP_156_7_0;RMAP_156_7_1;RMAP_156_9_0;RMAP_156_10_0;RMAP_156_10_1;RMAP_156_12_0;RMAP_156_13_0
F155_051_00,D05_SAFETY_GOTO,6560,F156_013_00,2,field-and-entrance-resolved,,RMAP_155_1_0;RMAP_155_2_0;RMAP_155_2_1;RMAP_155_4_0;RMAP_155_4_1;RMAP_155_9_0;RMAP_155_9_1,RMAP_156_13_0
F155_051_00,D05_SAFETY_GOTO,6564,F156_051_00,12,entrance-id-missing,,RMAP_155_1_0;RMAP_155_2_0;RMAP_155_2_1;RMAP_155_4_0;RMAP_155_4_1;RMAP_155_9_0;RMAP_155_9_1,RMAP_156_1_0;RMAP_156_3_0;RMAP_156_3_1;RMAP_156_4_0;RMAP_156_6_0;RMAP_156_7_0;RMAP_156_7_1;RMAP_156_9_0;RMAP_156_10_0;RMAP_156_10_1;RMAP_156_12_0;RMAP_156_13_0
F155_051_00,D05_SAFETY_GOTO,6573,F156_004_00,20,field-and-entrance-resolved,,RMAP_155_1_0;RMAP_155_2_0;RMAP_155_2_1;RMAP_155_4_0;RMAP_155_4_1;RMAP_155_9_0;RMAP_155_9_1,RMAP_156_4_0
F155_051_00,D05_SAFETY_GOTO,6577,F156_051_00,13,entrance-id-missing,,RMAP_155_1_0;RMAP_155_2_0;RMAP_155_2_1;RMAP_155_4_0;RMAP_155_4_1;RMAP_155_9_0;RMAP_155_9_1,RMAP_156_1_0;RMAP_156_3_0;RMAP_156_3_1;RMAP_156_4_0;RMAP_156_6_0;RMAP_156_7_0;RMAP_156_7_1;RMAP_156_9_0;RMAP_156_10_0;RMAP_156_10_1;RMAP_156_12_0;RMAP_156_13_0
F155_051_00,D05_SAFETY_GOTO,6586,F156_007_00,20,field-and-entrance-resolved,,RMAP_155_1_0;RMAP_155_2_0;RMAP_155_2_1;RMAP_155_4_0;RMAP_155_4_1;RMAP_155_9_0;RMAP_155_9_1,RMAP_156_7_0;RMAP_156_7_1
F155_051_00,D05_SAFETY_GOTO,6590,F156_051_00,14,entrance-id-missing,,RMAP_155_1_0;RMAP_155_2_0;RMAP_155_2_1;RMAP_155_4_0;RMAP_155_4_1;RMAP_155_9_0;RMAP_155_9_1,RMAP_156_1_0;RMAP_156_3_0;RMAP_156_3_1;RMAP_156_4_0;RMAP_156_6_0;RMAP_156_7_0;RMAP_156_7_1;RMAP_156_9_0;RMAP_156_10_0;RMAP_156_10_1;RMAP_156_12_0;RMAP_156_13_0
F155_051_00,D05_SAFETY_GOTO,6599,F156_009_00,20,field-and-entrance-resolved,,RMAP_155_1_0;RMAP_155_2_0;RMAP_155_2_1;RMAP_155_4_0;RMAP_155_4_1;RMAP_155_9_0;RMAP_155_9_1,RMAP_156_9_0
F155_051_00,D05_SAFETY_GOTO,6603,F156_051_00,15,entrance-id-missing,,RMAP_155_1_0;RMAP_155_2_0;RMAP_155_2_1;RMAP_155_4_0;RMAP_155_4_1;RMAP_155_9_0;RMAP_155_9_1,RMAP_156_1_0;RMAP_156_3_0;RMAP_156_3_1;RMAP_156_4_0;RMAP_156_6_0;RMAP_156_7_0;RMAP_156_7_1;RMAP_156_9_0;RMAP_156_10_0;RMAP_156_10_1;RMAP_156_12_0;RMAP_156_13_0
F155_051_00,D05_SAFETY_GOTO,6612,F156_012_00,20,field-and-entrance-resolved,,RMAP_155_1_0;RMAP_155_2_0;RMAP_155_2_1;RMAP_155_4_0;RMAP_155_4_1;RMAP_155_9_0;RMAP_155_9_1,RMAP_156_12_0
F155_051_00,D05_SAFETY_GOTO,6616,,,dynamic-arguments,,RMAP_155_1_0;RMAP_155_2_0;RMAP_155_2_1;RMAP_155_4_0;RMAP_155_4_1;RMAP_155_9_0;RMAP_155_9_1,
F155_051_00,D05_SAFETY_GOTO,6625,F156_006_00,50,field-and-entrance-resolved,,RMAP_155_1_0;RMAP_155_2_0;RMAP_155_2_1;RMAP_155_4_0;RMAP_155_4_1;RMAP_155_9_0;RMAP_155_9_1,RMAP_156_6_0
F155_051_00,D05_SAFETY_GOTO,6629,F156_051_00,17,entrance-id-missing,,RMAP_155_1_0;RMAP_155_2_0;RMAP_155_2_1;RMAP_155_4_0;RMAP_155_4_1;RMAP_155_9_0;RMAP_155_9_1,RMAP_156_1_0;RMAP_156_3_0;RMAP_156_3_1;RMAP_156_4_0;RMAP_156_6_0;RMAP_156_7_0;RMAP_156_7_1;RMAP_156_9_0;RMAP_156_10_0;RMAP_156_10_1;RMAP_156_12_0;RMAP_156_13_0
F155_051_00,D05_SAFETY_GOTO,6638,F156_010_00,20,field-and-entrance-resolved,,RMAP_155_1_0;RMAP_155_2_0;RMAP_155_2_1;RMAP_155_4_0;RMAP_155_4_1;RMAP_155_9_0;RMAP_155_9_1,RMAP_156_10_0;RMAP_156_10_1;RMAP_156_10_2
F155_051_00,D05_SAFETY_GOTO,6642,F156_051_00,18,entrance-id-missing,,RMAP_155_1_0;RMAP_155_2_0;RMAP_155_2_1;RMAP_155_4_0;RMAP_155_4_1;RMAP_155_9_0;RMAP_155_9_1,RMAP_156_1_0;RMAP_156_3_0;RMAP_156_3_1;RMAP_156_4_0;RMAP_156_6_0;RMAP_156_7_0;RMAP_156_7_1;RMAP_156_9_0;RMAP_156_10_0;RMAP_156_10_1;RMAP_156_12_0;RMAP_156_13_0
F155_051_00,D06_SAFETY_GOTO,6672,F157_001_00,2,field-and-entrance-resolved,,RMAP_155_1_0;RMAP_155_2_0;RMAP_155_2_1;RMAP_155_4_0;RMAP_155_4_1;RMAP_155_9_0;RMAP_155_9_1,RMAP_157_1_0;RMAP_157_1_1
F155_051_00,D06_SAFETY_GOTO,6679,F157_004_00,4,field-and-entrance-resolved,,RMAP_155_1_0;RMAP_155_2_0;RMAP_155_2_1;RMAP_155_4_0;RMAP_155_4_1;RMAP_155_9_0;RMAP_155_9_1,RMAP_157_4_0;RMAP_157_4_1
F155_051_00,D06_SAFETY_GOTO,6683,F157_051_00,11,entrance-id-missing,,RMAP_155_1_0;RMAP_155_2_0;RMAP_155_2_1;RMAP_155_4_0;RMAP_155_4_1;RMAP_155_9_0;RMAP_155_9_1,RMAP_157_1_0;RMAP_157_1_1;RMAP_157_4_0;RMAP_157_4_1;RMAP_157_5_0;RMAP_157_5_1;RMAP_157_6_0;RMAP_157_8_0;RMAP_157_8_1;RMAP_157_11_0;RMAP_157_12_0;RMAP_157_13_0;RMAP_157_15_0
F155_051_00,D06_SAFETY_GOTO,6692,F157_005_00,10,field-and-entrance-resolved,,RMAP_155_1_0;RMAP_155_2_0;RMAP_155_2_1;RMAP_155_4_0;RMAP_155_4_1;RMAP_155_9_0;RMAP_155_9_1,RMAP_157_5_0
F155_051_00,D06_SAFETY_GOTO,6696,F157_052_00,12,entrance-id-missing,,RMAP_155_1_0;RMAP_155_2_0;RMAP_155_2_1;RMAP_155_4_0;RMAP_155_4_1;RMAP_155_9_0;RMAP_155_9_1,RMAP_157_1_0;RMAP_157_1_1;RMAP_157_4_0;RMAP_157_4_1;RMAP_157_5_0;RMAP_157_5_1;RMAP_157_6_0;RMAP_157_8_0;RMAP_157_8_1;RMAP_157_11_0;RMAP_157_12_0;RMAP_157_13_0;RMAP_157_15_0
F155_051_00,D06_SAFETY_GOTO,6705,F157_006_00,3,field-and-entrance-resolved,,RMAP_155_1_0;RMAP_155_2_0;RMAP_155_2_1;RMAP_155_4_0;RMAP_155_4_1;RMAP_155_9_0;RMAP_155_9_1,RMAP_157_6_0
F155_051_00,D06_SAFETY_GOTO,6709,F157_051_00,13,entrance-id-missing,,RMAP_155_1_0;RMAP_155_2_0;RMAP_155_2_1;RMAP_155_4_0;RMAP_155_4_1;RMAP_155_9_0;RMAP_155_9_1,RMAP_157_1_0;RMAP_157_1_1;RMAP_157_4_0;RMAP_157_4_1;RMAP_157_5_0;RMAP_157_5_1;RMAP_157_6_0;RMAP_157_8_0;RMAP_157_8_1;RMAP_157_11_0;RMAP_157_12_0;RMAP_157_13_0;RMAP_157_15_0
F155_051_00,D06_SAFETY_GOTO,6718,F157_008_00,10,field-and-entrance-resolved,,RMAP_155_1_0;RMAP_155_2_0;RMAP_155_2_1;RMAP_155_4_0;RMAP_155_4_1;RMAP_155_9_0;RMAP_155_9_1,RMAP_157_8_0;RMAP_157_8_1
F155_051_00,D06_SAFETY_GOTO,6722,F157_052_00,14,entrance-id-missing,,RMAP_155_1_0;RMAP_155_2_0;RMAP_155_2_1;RMAP_155_4_0;RMAP_155_4_1;RMAP_155_9_0;RMAP_155_9_1,RMAP_157_1_0;RMAP_157_1_1;RMAP_157_4_0;RMAP_157_4_1;RMAP_157_5_0;RMAP_157_5_1;RMAP_157_6_0;RMAP_157_8_0;RMAP_157_8_1;RMAP_157_11_0;RMAP_157_12_0;RMAP_157_13_0;RMAP_157_15_0
F155_051_00,D06_SAFETY_GOTO,6731,F157_011_00,10,field-and-entrance-resolved,,RMAP_155_1_0;RMAP_155_2_0;RMAP_155_2_1;RMAP_155_4_0;RMAP_155_4_1;RMAP_155_9_0;RMAP_155_9_1,RMAP_157_11_0;RMAP_157_11_1;RMAP_157_11_2
F155_051_00,D06_SAFETY_GOTO,6735,F157_051_00,15,entrance-id-missing,,RMAP_155_1_0;RMAP_155_2_0;RMAP_155_2_1;RMAP_155_4_0;RMAP_155_4_1;RMAP_155_9_0;RMAP_155_9_1,RMAP_157_1_0;RMAP_157_1_1;RMAP_157_4_0;RMAP_157_4_1;RMAP_157_5_0;RMAP_157_5_1;RMAP_157_6_0;RMAP_157_8_0;RMAP_157_8_1;RMAP_157_11_0;RMAP_157_12_0;RMAP_157_13_0;RMAP_157_15_0
F155_051_00,D06_SAFETY_GOTO,6744,F157_012_00,10,field-and-entrance-resolved,,RMAP_155_1_0;RMAP_155_2_0;RMAP_155_2_1;RMAP_155_4_0;RMAP_155_4_1;RMAP_155_9_0;RMAP_155_9_1,RMAP_157_12_0
F155_051_00,D06_SAFETY_GOTO,6748,,,dynamic-arguments,,RMAP_155_1_0;RMAP_155_2_0;RMAP_155_2_1;RMAP_155_4_0;RMAP_155_4_1;RMAP_155_9_0;RMAP_155_9_1,
F155_051_00,D06_SAFETY_GOTO,6757,F157_013_00,10,field-and-entrance-resolved,,RMAP_155_1_0;RMAP_155_2_0;RMAP_155_2_1;RMAP_155_4_0;RMAP_155_4_1;RMAP_155_9_0;RMAP_155_9_1,RMAP_157_13_0
F155_051_00,D06_SAFETY_GOTO,6761,F157_051_00,17,entrance-id-missing,,RMAP_155_1_0;RMAP_155_2_0;RMAP_155_2_1;RMAP_155_4_0;RMAP_155_4_1;RMAP_155_9_0;RMAP_155_9_1,RMAP_157_1_0;RMAP_157_1_1;RMAP_157_4_0;RMAP_157_4_1;RMAP_157_5_0;RMAP_157_5_1;RMAP_157_6_0;RMAP_157_8_0;RMAP_157_8_1;RMAP_157_11_0;RMAP_157_12_0;RMAP_157_13_0;RMAP_157_15_0
F155_051_00,D06_SAFETY_GOTO,6770,F157_015_00,10,field-and-entrance-resolved,,RMAP_155_1_0;RMAP_155_2_0;RMAP_155_2_1;RMAP_155_4_0;RMAP_155_4_1;RMAP_155_9_0;RMAP_155_9_1,RMAP_157_15_0
F155_051_00,D06_SAFETY_GOTO,6774,F157_051_00,18,entrance-id-missing,,RMAP_155_1_0;RMAP_155_2_0;RMAP_155_2_1;RMAP_155_4_0;RMAP_155_4_1;RMAP_155_9_0;RMAP_155_9_1,RMAP_157_1_0;RMAP_157_1_1;RMAP_157_4_0;RMAP_157_4_1;RMAP_157_5_0;RMAP_157_5_1;RMAP_157_6_0;RMAP_157_8_0;RMAP_157_8_1;RMAP_157_11_0;RMAP_157_12_0;RMAP_157_13_0;RMAP_157_15_0
F155_051_00,D07_SAFETY_GOTO,6804,F159_001_00,2,field-and-entrance-resolved,,RMAP_155_1_0;RMAP_155_2_0;RMAP_155_2_1;RMAP_155_4_0;RMAP_155_4_1;RMAP_155_9_0;RMAP_155_9_1,RMAP_159_1_0
F155_051_00,D07_SAFETY_GOTO,6811,F159_004_00,20,field-and-entrance-resolved,,RMAP_155_1_0;RMAP_155_2_0;RMAP_155_2_1;RMAP_155_4_0;RMAP_155_4_1;RMAP_155_9_0;RMAP_155_9_1,RMAP_159_3_0;RMAP_159_3_1
F155_051_00,D07_SAFETY_GOTO,6815,F159_051_00,11,entrance-id-missing,,RMAP_155_1_0;RMAP_155_2_0;RMAP_155_2_1;RMAP_155_4_0;RMAP_155_4_1;RMAP_155_9_0;RMAP_155_9_1,RMAP_159_1_0;RMAP_159_3_0;RMAP_159_3_1;RMAP_159_6_0;RMAP_159_6_1;RMAP_159_6_2;RMAP_159_6_3;RMAP_159_7_0;RMAP_159_7_1;RMAP_159_10_0;RMAP_159_10_1;RMAP_159_11_0;RMAP_159_11_1;RMAP_159_11_2;RMAP_159_11_3
F155_051_00,D07_SAFETY_GOTO,6824,F159_020_00,20,field-and-entrance-resolved,,RMAP_155_1_0;RMAP_155_2_0;RMAP_155_2_1;RMAP_155_4_0;RMAP_155_4_1;RMAP_155_9_0;RMAP_155_9_1,RMAP_159_20_0;RMAP_159_20_1
F155_051_00,D07_SAFETY_GOTO,6828,F159_051_00,12,entrance-id-missing,,RMAP_155_1_0;RMAP_155_2_0;RMAP_155_2_1;RMAP_155_4_0;RMAP_155_4_1;RMAP_155_9_0;RMAP_155_9_1,RMAP_159_1_0;RMAP_159_3_0;RMAP_159_3_1;RMAP_159_6_0;RMAP_159_6_1;RMAP_159_6_2;RMAP_159_6_3;RMAP_159_7_0;RMAP_159_7_1;RMAP_159_10_0;RMAP_159_10_1;RMAP_159_11_0;RMAP_159_11_1;RMAP_159_11_2;RMAP_159_11_3
F155_051_00,D07_SAFETY_GOTO,6837,F159_010_00,20,field-and-entrance-resolved,,RMAP_155_1_0;RMAP_155_2_0;RMAP_155_2_1;RMAP_155_4_0;RMAP_155_4_1;RMAP_155_9_0;RMAP_155_9_1,RMAP_159_10_0;RMAP_159_10_1
F155_051_00,D07_SAFETY_GOTO,6841,F159_051_00,13,entrance-id-missing,,RMAP_155_1_0;RMAP_155_2_0;RMAP_155_2_1;RMAP_155_4_0;RMAP_155_4_1;RMAP_155_9_0;RMAP_155_9_1,RMAP_159_1_0;RMAP_159_3_0;RMAP_159_3_1;RMAP_159_6_0;RMAP_159_6_1;RMAP_159_6_2;RMAP_159_6_3;RMAP_159_7_0;RMAP_159_7_1;RMAP_159_10_0;RMAP_159_10_1;RMAP_159_11_0;RMAP_159_11_1;RMAP_159_11_2;RMAP_159_11_3
F155_051_00,D07_SAFETY_GOTO,6850,F159_025_00,20,field-and-entrance-resolved,,RMAP_155_1_0;RMAP_155_2_0;RMAP_155_2_1;RMAP_155_4_0;RMAP_155_4_1;RMAP_155_9_0;RMAP_155_9_1,RMAP_159_25_0;RMAP_159_25_1
F155_051_00,D07_SAFETY_GOTO,6854,F159_051_00,17,entrance-id-missing,,RMAP_155_1_0;RMAP_155_2_0;RMAP_155_2_1;RMAP_155_4_0;RMAP_155_4_1;RMAP_155_9_0;RMAP_155_9_1,RMAP_159_1_0;RMAP_159_3_0;RMAP_159_3_1;RMAP_159_6_0;RMAP_159_6_1;RMAP_159_6_2;RMAP_159_6_3;RMAP_159_7_0;RMAP_159_7_1;RMAP_159_10_0;RMAP_159_10_1;RMAP_159_11_0;RMAP_159_11_1;RMAP_159_11_2;RMAP_159_11_3
F155_051_00,D07_SAFETY_GOTO,6863,F159_007_00,20,field-and-entrance-resolved,,RMAP_155_1_0;RMAP_155_2_0;RMAP_155_2_1;RMAP_155_4_0;RMAP_155_4_1;RMAP_155_9_0;RMAP_155_9_1,RMAP_159_7_0;RMAP_159_7_1
F155_051_00,D07_SAFETY_GOTO,6867,F159_051_00,14,entrance-id-missing,,RMAP_155_1_0;RMAP_155_2_0;RMAP_155_2_1;RMAP_155_4_0;RMAP_155_4_1;RMAP_155_9_0;RMAP_155_9_1,RMAP_159_1_0;RMAP_159_3_0;RMAP_159_3_1;RMAP_159_6_0;RMAP_159_6_1;RMAP_159_6_2;RMAP_159_6_3;RMAP_159_7_0;RMAP_159_7_1;RMAP_159_10_0;RMAP_159_10_1;RMAP_159_11_0;RMAP_159_11_1;RMAP_159_11_2;RMAP_159_11_3
F155_051_00,D07_SAFETY_GOTO,6876,F159_006_00,20,field-and-entrance-resolved,,RMAP_155_1_0;RMAP_155_2_0;RMAP_155_2_1;RMAP_155_4_0;RMAP_155_4_1;RMAP_155_9_0;RMAP_155_9_1,RMAP_159_6_0;RMAP_159_6_1;RMAP_159_6_2;RMAP_159_6_3
F155_051_00,D07_SAFETY_GOTO,6880,F159_051_00,15,entrance-id-missing,,RMAP_155_1_0;RMAP_155_2_0;RMAP_155_2_1;RMAP_155_4_0;RMAP_155_4_1;RMAP_155_9_0;RMAP_155_9_1,RMAP_159_1_0;RMAP_159_3_0;RMAP_159_3_1;RMAP_159_6_0;RMAP_159_6_1;RMAP_159_6_2;RMAP_159_6_3;RMAP_159_7_0;RMAP_159_7_1;RMAP_159_10_0;RMAP_159_10_1;RMAP_159_11_0;RMAP_159_11_1;RMAP_159_11_2;RMAP_159_11_3
F155_051_00,D07_SAFETY_GOTO,6889,F159_011_00,20,field-and-entrance-resolved,,RMAP_155_1_0;RMAP_155_2_0;RMAP_155_2_1;RMAP_155_4_0;RMAP_155_4_1;RMAP_155_9_0;RMAP_155_9_1,RMAP_159_11_0;RMAP_159_11_1;RMAP_159_11_2;RMAP_159_11_3;RMAP_159_11_4
F155_051_00,D07_SAFETY_GOTO,6893,,,dynamic-arguments,,RMAP_155_1_0;RMAP_155_2_0;RMAP_155_2_1;RMAP_155_4_0;RMAP_155_4_1;RMAP_155_9_0;RMAP_155_9_1,
F155_051_00,D07_SAFETY_GOTO,6902,F159_003_00,20,field-and-entrance-resolved,,RMAP_155_1_0;RMAP_155_2_0;RMAP_155_2_1;RMAP_155_4_0;RMAP_155_4_1;RMAP_155_9_0;RMAP_155_9_1,RMAP_159_3_0;RMAP_159_3_1
F155_051_00,D07_SAFETY_GOTO,6906,F159_051_00,18,entrance-id-missing,,RMAP_155_1_0;RMAP_155_2_0;RMAP_155_2_1;RMAP_155_4_0;RMAP_155_4_1;RMAP_155_9_0;RMAP_155_9_1,RMAP_159_1_0;RMAP_159_3_0;RMAP_159_3_1;RMAP_159_6_0;RMAP_159_6_1;RMAP_159_6_2;RMAP_159_6_3;RMAP_159_7_0;RMAP_159_7_1;RMAP_159_10_0;RMAP_159_10_1;RMAP_159_11_0;RMAP_159_11_1;RMAP_159_11_2;RMAP_159_11_3
F155_051_00,D08_SAFETY_GOTO,6936,F161_001_00,0,field-and-entrance-resolved,,RMAP_155_1_0;RMAP_155_2_0;RMAP_155_2_1;RMAP_155_4_0;RMAP_155_4_1;RMAP_155_9_0;RMAP_155_9_1,RMAP_161_1_0
F155_051_00,D08_SAFETY_GOTO,6943,F161_006_00,20,field-and-entrance-resolved,,RMAP_155_1_0;RMAP_155_2_0;RMAP_155_2_1;RMAP_155_4_0;RMAP_155_4_1;RMAP_155_9_0;RMAP_155_9_1,RMAP_161_6_0
F155_051_00,D08_SAFETY_GOTO,6947,F161_051_00,11,entrance-id-missing,,RMAP_155_1_0;RMAP_155_2_0;RMAP_155_2_1;RMAP_155_4_0;RMAP_155_4_1;RMAP_155_9_0;RMAP_155_9_1,RMAP_160_1_0;RMAP_160_6_0;RMAP_161_1_0;RMAP_161_6_0;RMAP_161_10_0
F155_051_00,D08_SAFETY_GOTO,6956,F161_010_00,20,field-and-entrance-resolved,,RMAP_155_1_0;RMAP_155_2_0;RMAP_155_2_1;RMAP_155_4_0;RMAP_155_4_1;RMAP_155_9_0;RMAP_155_9_1,RMAP_161_10_0
F155_051_00,D08_SAFETY_GOTO,6960,F161_051_00,12,entrance-id-missing,,RMAP_155_1_0;RMAP_155_2_0;RMAP_155_2_1;RMAP_155_4_0;RMAP_155_4_1;RMAP_155_9_0;RMAP_155_9_1,RMAP_160_1_0;RMAP_160_6_0;RMAP_161_1_0;RMAP_161_6_0;RMAP_161_10_0
F155_051_00,D08_SAFETY_GOTO,6969,F161_003_00,20,field-and-entrance-resolved,,RMAP_155_1_0;RMAP_155_2_0;RMAP_155_2_1;RMAP_155_4_0;RMAP_155_4_1;RMAP_155_9_0;RMAP_155_9_1,RMAP_161_3_0
F155_051_00,D08_SAFETY_GOTO,6973,F161_051_00,13,entrance-id-missing,,RMAP_155_1_0;RMAP_155_2_0;RMAP_155_2_1;RMAP_155_4_0;RMAP_155_4_1;RMAP_155_9_0;RMAP_155_9_1,RMAP_160_1_0;RMAP_160_6_0;RMAP_161_1_0;RMAP_161_6_0;RMAP_161_10_0
F155_051_00,D08_SAFETY_GOTO,6982,F161_008_00,20,field-and-entrance-resolved,,RMAP_155_1_0;RMAP_155_2_0;RMAP_155_2_1;RMAP_155_4_0;RMAP_155_4_1;RMAP_155_9_0;RMAP_155_9_1,RMAP_161_8_0
F155_051_00,D08_SAFETY_GOTO,6986,F161_051_00,14,entrance-id-missing,,RMAP_155_1_0;RMAP_155_2_0;RMAP_155_2_1;RMAP_155_4_0;RMAP_155_4_1;RMAP_155_9_0;RMAP_155_9_1,RMAP_160_1_0;RMAP_160_6_0;RMAP_161_1_0;RMAP_161_6_0;RMAP_161_10_0
F155_051_00,LAST_SAFETY_GOTO,7016,F160_001_00,0,field-and-entrance-resolved,,RMAP_155_1_0;RMAP_155_2_0;RMAP_155_2_1;RMAP_155_4_0;RMAP_155_4_1;RMAP_155_9_0;RMAP_155_9_1,RMAP_160_1_0
F155_051_00,LAST_SAFETY_GOTO,7023,F160_006_00,0,field-and-entrance-resolved,,RMAP_155_1_0;RMAP_155_2_0;RMAP_155_2_1;RMAP_155_4_0;RMAP_155_4_1;RMAP_155_9_0;RMAP_155_9_1,RMAP_160_6_0
F155_051_00,LAST_SAFETY_GOTO,7027,F160_006_00,0,field-and-entrance-resolved,,RMAP_155_1_0;RMAP_155_2_0;RMAP_155_2_1;RMAP_155_4_0;RMAP_155_4_1;RMAP_155_9_0;RMAP_155_9_1,RMAP_160_6_0
F155_051_00,D10_SAFETY_GOTO,7057,F162_001_00,20,field-and-entrance-resolved,,RMAP_155_1_0;RMAP_155_2_0;RMAP_155_2_1;RMAP_155_4_0;RMAP_155_4_1;RMAP_155_9_0;RMAP_155_9_1,RMAP_162_1_0
F155_051_00,D10_SAFETY_GOTO,7064,F162_003_00,20,field-and-entrance-resolved,,RMAP_155_1_0;RMAP_155_2_0;RMAP_155_2_1;RMAP_155_4_0;RMAP_155_4_1;RMAP_155_9_0;RMAP_155_9_1,RMAP_162_3_0;RMAP_162_3_1
F155_051_00,D10_SAFETY_GOTO,7068,F162_051_00,11,entrance-id-missing,,RMAP_155_1_0;RMAP_155_2_0;RMAP_155_2_1;RMAP_155_4_0;RMAP_155_4_1;RMAP_155_9_0;RMAP_155_9_1,RMAP_162_1_0;RMAP_162_3_0;RMAP_162_4_0;RMAP_162_9_0;RMAP_162_11_0;RMAP_162_12_0;RMAP_162_14_0;RMAP_162_15_0
F155_051_00,D10_SAFETY_GOTO,7077,F162_009_00,20,field-and-entrance-resolved,,RMAP_155_1_0;RMAP_155_2_0;RMAP_155_2_1;RMAP_155_4_0;RMAP_155_4_1;RMAP_155_9_0;RMAP_155_9_1,RMAP_162_9_0;RMAP_162_9_1;RMAP_162_9_2;RMAP_162_9_3;RMAP_162_9_4
F155_051_00,D10_SAFETY_GOTO,7081,F162_051_00,12,entrance-id-missing,,RMAP_155_1_0;RMAP_155_2_0;RMAP_155_2_1;RMAP_155_4_0;RMAP_155_4_1;RMAP_155_9_0;RMAP_155_9_1,RMAP_162_1_0;RMAP_162_3_0;RMAP_162_4_0;RMAP_162_9_0;RMAP_162_11_0;RMAP_162_12_0;RMAP_162_14_0;RMAP_162_15_0
F155_051_00,D10_SAFETY_GOTO,7090,F162_014_00,20,field-and-entrance-resolved,,RMAP_155_1_0;RMAP_155_2_0;RMAP_155_2_1;RMAP_155_4_0;RMAP_155_4_1;RMAP_155_9_0;RMAP_155_9_1,RMAP_162_14_0;RMAP_162_14_1;RMAP_162_14_2;RMAP_162_14_3
F155_051_00,D10_SAFETY_GOTO,7094,F162_052_00,13,entrance-id-missing,,RMAP_155_1_0;RMAP_155_2_0;RMAP_155_2_1;RMAP_155_4_0;RMAP_155_4_1;RMAP_155_9_0;RMAP_155_9_1,RMAP_162_1_0;RMAP_162_3_0;RMAP_162_4_0;RMAP_162_9_0;RMAP_162_11_0;RMAP_162_12_0;RMAP_162_14_0;RMAP_162_15_0
F155_051_00,D10_SAFETY_GOTO,7103,F162_015_00,20,field-and-entrance-resolved,,RMAP_155_1_0;RMAP_155_2_0;RMAP_155_2_1;RMAP_155_4_0;RMAP_155_4_1;RMAP_155_9_0;RMAP_155_9_1,RMAP_162_15_0;RMAP_162_15_1;RMAP_162_15_2
F155_051_00,D10_SAFETY_GOTO,7107,F162_052_00,14,entrance-id-missing,,RMAP_155_1_0;RMAP_155_2_0;RMAP_155_2_1;RMAP_155_4_0;RMAP_155_4_1;RMAP_155_9_0;RMAP_155_9_1,RMAP_162_1_0;RMAP_162_3_0;RMAP_162_4_0;RMAP_162_9_0;RMAP_162_11_0;RMAP_162_12_0;RMAP_162_14_0;RMAP_162_15_0
F155_051_00,D10_SAFETY_GOTO,7116,F162_012_00,20,field-and-entrance-resolved,,RMAP_155_1_0;RMAP_155_2_0;RMAP_155_2_1;RMAP_155_4_0;RMAP_155_4_1;RMAP_155_9_0;RMAP_155_9_1,RMAP_162_12_0;RMAP_162_12_1
F155_051_00,D10_SAFETY_GOTO,7120,F162_052_00,15,entrance-id-missing,,RMAP_155_1_0;RMAP_155_2_0;RMAP_155_2_1;RMAP_155_4_0;RMAP_155_4_1;RMAP_155_9_0;RMAP_155_9_1,RMAP_162_1_0;RMAP_162_3_0;RMAP_162_4_0;RMAP_162_9_0;RMAP_162_11_0;RMAP_162_12_0;RMAP_162_14_0;RMAP_162_15_0
F155_051_00,D10_SAFETY_GOTO,7129,F162_005_00,20,entrance-id-missing,,RMAP_155_1_0;RMAP_155_2_0;RMAP_155_2_1;RMAP_155_4_0;RMAP_155_4_1;RMAP_155_9_0;RMAP_155_9_1,RMAP_162_5_0
F155_051_00,D10_SAFETY_GOTO,7133,,,dynamic-arguments,,RMAP_155_1_0;RMAP_155_2_0;RMAP_155_2_1;RMAP_155_4_0;RMAP_155_4_1;RMAP_155_9_0;RMAP_155_9_1,
F155_051_00,D10_SAFETY_GOTO,7142,,,dynamic-arguments,,RMAP_155_1_0;RMAP_155_2_0;RMAP_155_2_1;RMAP_155_4_0;RMAP_155_4_1;RMAP_155_9_0;RMAP_155_9_1,
F155_051_00,D10_SAFETY_GOTO,7146,F162_052_00,17,entrance-id-missing,,RMAP_155_1_0;RMAP_155_2_0;RMAP_155_2_1;RMAP_155_4_0;RMAP_155_4_1;RMAP_155_9_0;RMAP_155_9_1,RMAP_162_1_0;RMAP_162_3_0;RMAP_162_4_0;RMAP_162_9_0;RMAP_162_11_0;RMAP_162_12_0;RMAP_162_14_0;RMAP_162_15_0
F155_051_00,D10_SAFETY_GOTO,7155,F162_002_00,20,field-and-entrance-resolved,,RMAP_155_1_0;RMAP_155_2_0;RMAP_155_2_1;RMAP_155_4_0;RMAP_155_4_1;RMAP_155_9_0;RMAP_155_9_1,RMAP_162_2_0;RMAP_162_2_1;RMAP_162_2_2;RMAP_162_2_3
F155_051_00,D10_SAFETY_GOTO,7159,F162_051_00,18,entrance-id-missing,,RMAP_155_1_0;RMAP_155_2_0;RMAP_155_2_1;RMAP_155_4_0;RMAP_155_4_1;RMAP_155_9_0;RMAP_155_9_1,RMAP_162_1_0;RMAP_162_3_0;RMAP_162_4_0;RMAP_162_9_0;RMAP_162_11_0;RMAP_162_12_0;RMAP_162_14_0;RMAP_162_15_0
F155_051_00,D10_SAFETY_GOTO,7168,F162_011_00,20,field-and-entrance-resolved,,RMAP_155_1_0;RMAP_155_2_0;RMAP_155_2_1;RMAP_155_4_0;RMAP_155_4_1;RMAP_155_9_0;RMAP_155_9_1,RMAP_162_11_0;RMAP_162_11_1;RMAP_162_11_2
F155_051_00,D10_SAFETY_GOTO,7172,F162_052_00,19,entrance-id-missing,,RMAP_155_1_0;RMAP_155_2_0;RMAP_155_2_1;RMAP_155_4_0;RMAP_155_4_1;RMAP_155_9_0;RMAP_155_9_1,RMAP_162_1_0;RMAP_162_3_0;RMAP_162_4_0;RMAP_162_9_0;RMAP_162_11_0;RMAP_162_12_0;RMAP_162_14_0;RMAP_162_15_0
F156_001_00,D156_01_LIFT_DOWN,195,F156_002_00,0,field-and-entrance-resolved,2,RMAP_156_1_0,RMAP_156_2_0
F156_001_00,D_VELVET_ROOM,2702,F010_003_00,0,field-and-entrance-resolved,"1,4",RMAP_156_1_0,RMAP_001_1_0
F156_001_00,DUNGEON_EXIT_DEBUG,3056,F003_002_01,50,field-and-entrance-resolved,0,RMAP_156_1_0,RMAP_009_2_0
F156_001_00,DUNGEON_EXIT_DEBUG_EX,3063,F156_001_00,2,field-and-entrance-resolved,0,RMAP_156_1_0,RMAP_156_1_0
F156_002_00,D156_02_LIFT_UP,26,F156_001_00,1,field-and-entrance-resolved,0,RMAP_156_2_0,RMAP_156_1_0
F156_002_00,D156_02_LIFT_DOWN,41,F156_003_00,0,field-and-entrance-resolved,1,RMAP_156_2_0,RMAP_156_3_0;RMAP_156_3_1
F156_002_00,D156_02_miniEV01,101,F156_002_00,5,field-and-entrance-resolved,2,RMAP_156_2_0,RMAP_156_2_0
F156_002_00,DUNGEON_EXIT_DEBUG,615,F001_006_00,10,field-and-entrance-resolved,3,RMAP_156_2_0,RMAP_001_5_0
F156_003_00,D156_03_LIFT_A_UP,139,F156_002_00,1,field-and-entrance-resolved,0,RMAP_156_3_0;RMAP_156_3_1,RMAP_156_2_0
F156_003_00,GOTO_156_04_00,148,F156_004_00,0,field-and-entrance-resolved,,RMAP_156_3_0;RMAP_156_3_1,RMAP_156_4_0
F156_003_00,GO_TO_156_013,232,F156_013_00,0,field-and-entrance-resolved,14,RMAP_156_3_0;RMAP_156_3_1,RMAP_156_13_0
F156_004_00,D156_04_LIFT_B_DOWN,73,F156_003_00,3,field-and-entrance-resolved,,RMAP_156_4_0,RMAP_156_3_0;RMAP_156_3_1
F156_004_00,GOTO_156_03_01,82,F156_003_00,1,field-and-entrance-resolved,,RMAP_156_4_0,RMAP_156_3_0;RMAP_156_3_1
F156_004_00,GOTO_156_07_00,90,F156_007_00,0,field-and-entrance-resolved,,RMAP_156_4_0,RMAP_156_7_0;RMAP_156_7_1
F156_005_00,GOTO_156_12_01,110,F156_012_00,1,field-and-entrance-resolved,0,RMAP_156_5_0,RMAP_156_12_0
F156_005_00,GOTO_156_06_00,125,F156_006_00,0,field-and-entrance-resolved,1,RMAP_156_5_0,RMAP_156_6_0
F156_006_00,GOTO_156_06_01,36,F156_005_00,1,field-and-entrance-resolved,38,RMAP_156_6_0,RMAP_156_5_0
F156_006_00,GOTO_156_10_00,51,F156_010_00,0,field-and-entrance-resolved,39,RMAP_156_6_0,RMAP_156_10_0;RMAP_156_10_1;RMAP_156_10_2
F156_007_00,GOTO_156_04_01,140,F156_004_00,1,field-and-entrance-resolved,0,RMAP_156_7_0;RMAP_156_7_1,RMAP_156_4_0
F156_007_00,GOTO_156_08_00,149,F156_008_00,0,field-and-entrance-resolved,,RMAP_156_7_0;RMAP_156_7_1,RMAP_156_8_0
F156_008_00,GOTO_156_07_01,66,F156_007_00,1,field-and-entrance-resolved,,RMAP_156_8_0,RMAP_156_7_0;RMAP_156_7_1
F156_008_00,GOTO_156_09_00,75,F156_009_00,0,field-and-entrance-resolved,,RMAP_156_8_0,RMAP_156_9_0
F156_009_00,GOTO_156_08_01,21,F156_008_00,1,field-and-entrance-resolved,,RMAP_156_9_0,RMAP_156_8_0
F156_009_00,GOTO_156_12_00,30,F156_012_00,0,field-and-entrance-resolved,,RMAP_156_9_0,RMAP_156_12_0
F156_009_00,D156_09_SWITCH_UP,58,F156_012_00,0,field-and-entrance-resolved,0,RMAP_156_9_0,RMAP_156_12_0
F156_010_00,GOTO_156_06_30,143,F156_006_00,1,field-and-entrance-resolved,9,RMAP_156_10_0;RMAP_156_10_1;RMAP_156_10_2,RMAP_156_6_0
F156_010_00,D05_TREASURE_POINT,196,F156_010_00,10,field-and-entrance-resolved,0,RMAP_156_10_0;RMAP_156_10_1;RMAP_156_10_2,RMAP_156_10_0;RMAP_156_10_1;RMAP_156_10_2
F156_010_00,D05_TIMELIMIT_EVENT,239,F156_010_00,10,field-and-entrance-resolved,10,RMAP_156_10_0;RMAP_156_10_1;RMAP_156_10_2,RMAP_156_10_0;RMAP_156_10_1;RMAP_156_10_2
F156_011_00,GOTO_156_10_01,21,F156_010_00,1,field-and-entrance-resolved,,RMAP_156_11_0;RMAP_156_11_1,RMAP_156_10_0;RMAP_156_10_1;RMAP_156_10_2
F156_012_00,GOTO_156_07_00,103,F156_009_00,1,field-and-entrance-resolved,0,RMAP_156_12_0,RMAP_156_9_0
F156_012_00,GOTO_156_05_00,118,F156_005_00,0,field-and-entrance-resolved,1,RMAP_156_12_0,RMAP_156_5_0
F156_013_00,GO_TO_153_003,165,F156_003_00,2,field-and-entrance-resolved,0,RMAP_156_13_0,RMAP_156_3_0;RMAP_156_3_1
F156_013_00,D156_013_battle02____old,672,F156_013_00,11,entrance-id-missing,,RMAP_156_13_0,RMAP_156_13_0
F156_013_00,D156_013_battle01_A,776,F156_013_00,4,field-and-entrance-resolved,,RMAP_156_13_0,RMAP_156_13_0
F156_051_00,GOTO_ENTRANCE_ACTION,4264,F151_001_00,2,field-and-entrance-resolved,"1,2",RMAP_156_1_0;RMAP_156_3_0;RMAP_156_3_1;RMAP_156_4_0;RMAP_156_6_0;RMAP_156_7_0;RMAP_156_7_1;RMAP_156_9_0;RMAP_156_10_0;RMAP_156_10_1;RMAP_156_12_0;RMAP_156_13_0,RMAP_151_1_0;RMAP_151_1_1
F156_051_00,GOTO_ENTRANCE_ACTION,4268,F153_001_00,2,field-and-entrance-resolved,"1,2",RMAP_156_1_0;RMAP_156_3_0;RMAP_156_3_1;RMAP_156_4_0;RMAP_156_6_0;RMAP_156_7_0;RMAP_156_7_1;RMAP_156_9_0;RMAP_156_10_0;RMAP_156_10_1;RMAP_156_12_0;RMAP_156_13_0,RMAP_153_1_0
F156_051_00,GOTO_ENTRANCE_ACTION,4272,F154_001_00,2,field-and-entrance-resolved,"1,2",RMAP_156_1_0;RMAP_156_3_0;RMAP_156_3_1;RMAP_156_4_0;RMAP_156_6_0;RMAP_156_7_0;RMAP_156_7_1;RMAP_156_9_0;RMAP_156_10_0;RMAP_156_10_1;RMAP_156_12_0;RMAP_156_13_0,RMAP_154_1_0
F156_051_00,GOTO_ENTRANCE_ACTION,4276,F155_001_00,5,field-and-entrance-resolved,"1,2",RMAP_156_1_0;RMAP_156_3_0;RMAP_156_3_1;RMAP_156_4_0;RMAP_156_6_0;RMAP_156_7_0;RMAP_156_7_1;RMAP_156_9_0;RMAP_156_10_0;RMAP_156_10_1;RMAP_156_12_0;RMAP_156_13_0,RMAP_155_1_0
F156_051_00,GOTO_ENTRANCE_ACTION,4280,F156_001_00,2,field-and-entrance-resolved,"1,2",RMAP_156_1_0;RMAP_156_3_0;RMAP_156_3_1;RMAP_156_4_0;RMAP_156_6_0;RMAP_156_7_0;RMAP_156_7_1;RMAP_156_9_0;RMAP_156_10_0;RMAP_156_10_1;RMAP_156_12_0;RMAP_156_13_0,RMAP_156_1_0
F156_051_00,GOTO_ENTRANCE_ACTION,4284,F157_001_00,2,field-and-entrance-resolved,"1,2",RMAP_156_1_0;RMAP_156_3_0;RMAP_156_3_1;RMAP_156_4_0;RMAP_156_6_0;RMAP_156_7_0;RMAP_156_7_1;RMAP_156_9_0;RMAP_156_10_0;RMAP_156_10_1;RMAP_156_12_0;RMAP_156_13_0,RMAP_157_1_0;RMAP_157_1_1
F156_051_00,GOTO_ENTRANCE_ACTION,4288,F159_001_00,2,field-and-entrance-resolved,"1,2",RMAP_156_1_0;RMAP_156_3_0;RMAP_156_3_1;RMAP_156_4_0;RMAP_156_6_0;RMAP_156_7_0;RMAP_156_7_1;RMAP_156_9_0;RMAP_156_10_0;RMAP_156_10_1;RMAP_156_12_0;RMAP_156_13_0,RMAP_159_1_0
F156_051_00,GOTO_ENTRANCE_ACTION,4292,F161_001_00,0,field-and-entrance-resolved,"1,2",RMAP_156_1_0;RMAP_156_3_0;RMAP_156_3_1;RMAP_156_4_0;RMAP_156_6_0;RMAP_156_7_0;RMAP_156_7_1;RMAP_156_9_0;RMAP_156_10_0;RMAP_156_10_1;RMAP_156_12_0;RMAP_156_13_0,RMAP_161_1_0
F156_051_00,GOTO_ENTRANCE_ACTION,4296,F162_001_00,20,field-and-entrance-resolved,"1,2",RMAP_156_1_0;RMAP_156_3_0;RMAP_156_3_1;RMAP_156_4_0;RMAP_156_6_0;RMAP_156_7_0;RMAP_156_7_1;RMAP_156_9_0;RMAP_156_10_0;RMAP_156_10_1;RMAP_156_12_0;RMAP_156_13_0,RMAP_162_1_0
F156_051_00,GOTO_M_ENTRANCE_ACTION,4313,F190_001_00,1,field-and-entrance-resolved,"1,2",RMAP_156_1_0;RMAP_156_3_0;RMAP_156_3_1;RMAP_156_4_0;RMAP_156_6_0;RMAP_156_7_0;RMAP_156_7_1;RMAP_156_9_0;RMAP_156_10_0;RMAP_156_10_1;RMAP_156_12_0;RMAP_156_13_0,RMAP_190_1_0
F156_051_00,DEBUG_GOTO_FIELD,4679,F002_005_00,10,field-and-entrance-resolved,,RMAP_156_1_0;RMAP_156_3_0;RMAP_156_3_1;RMAP_156_4_0;RMAP_156_6_0;RMAP_156_7_0;RMAP_156_7_1;RMAP_156_9_0;RMAP_156_10_0;RMAP_156_10_1;RMAP_156_12_0;RMAP_156_13_0,RMAP_002_5_0
F156_051_00,DEBUG_GOTO_FIELD,4683,F001_006_00,10,field-and-entrance-resolved,,RMAP_156_1_0;RMAP_156_3_0;RMAP_156_3_1;RMAP_156_4_0;RMAP_156_6_0;RMAP_156_7_0;RMAP_156_7_1;RMAP_156_9_0;RMAP_156_10_0;RMAP_156_10_1;RMAP_156_12_0;RMAP_156_13_0,RMAP_001_5_0
F156_051_00,DEBUG_GOTO_FIELD,4687,F001_006_00,10,field-and-entrance-resolved,,RMAP_156_1_0;RMAP_156_3_0;RMAP_156_3_1;RMAP_156_4_0;RMAP_156_6_0;RMAP_156_7_0;RMAP_156_7_1;RMAP_156_9_0;RMAP_156_10_0;RMAP_156_10_1;RMAP_156_12_0;RMAP_156_13_0,RMAP_001_5_0
F156_051_00,DEBUG_GOTO_FIELD,4691,F003_002_01,50,field-and-entrance-resolved,,RMAP_156_1_0;RMAP_156_3_0;RMAP_156_3_1;RMAP_156_4_0;RMAP_156_6_0;RMAP_156_7_0;RMAP_156_7_1;RMAP_156_9_0;RMAP_156_10_0;RMAP_156_10_1;RMAP_156_12_0;RMAP_156_13_0,RMAP_009_2_0
F156_051_00,DEBUG_GOTO_FIELD,4695,F003_002_01,50,field-and-entrance-resolved,,RMAP_156_1_0;RMAP_156_3_0;RMAP_156_3_1;RMAP_156_4_0;RMAP_156_6_0;RMAP_156_7_0;RMAP_156_7_1;RMAP_156_9_0;RMAP_156_10_0;RMAP_156_10_1;RMAP_156_12_0;RMAP_156_13_0,RMAP_009_2_0
F156_051_00,DEBUG_GOTO_FIELD,4699,F003_002_01,50,field-and-entrance-resolved,,RMAP_156_1_0;RMAP_156_3_0;RMAP_156_3_1;RMAP_156_4_0;RMAP_156_6_0;RMAP_156_7_0;RMAP_156_7_1;RMAP_156_9_0;RMAP_156_10_0;RMAP_156_10_1;RMAP_156_12_0;RMAP_156_13_0,RMAP_009_2_0
F156_051_00,DEBUG_GOTO_FIELD,4703,F003_002_00,51,field-and-entrance-resolved,,RMAP_156_1_0;RMAP_156_3_0;RMAP_156_3_1;RMAP_156_4_0;RMAP_156_6_0;RMAP_156_7_0;RMAP_156_7_1;RMAP_156_9_0;RMAP_156_10_0;RMAP_156_10_1;RMAP_156_12_0;RMAP_156_13_0,RMAP_009_2_0
F156_051_00,DEBUG_GOTO_FIELD,4707,F003_002_00,51,field-and-entrance-resolved,,RMAP_156_1_0;RMAP_156_3_0;RMAP_156_3_1;RMAP_156_4_0;RMAP_156_6_0;RMAP_156_7_0;RMAP_156_7_1;RMAP_156_9_0;RMAP_156_10_0;RMAP_156_10_1;RMAP_156_12_0;RMAP_156_13_0,RMAP_009_2_0
F156_051_00,DEBUG_GOTO_FIELD,4711,F003_002_00,51,field-and-entrance-resolved,,RMAP_156_1_0;RMAP_156_3_0;RMAP_156_3_1;RMAP_156_4_0;RMAP_156_6_0;RMAP_156_7_0;RMAP_156_7_1;RMAP_156_9_0;RMAP_156_10_0;RMAP_156_10_1;RMAP_156_12_0;RMAP_156_13_0,RMAP_009_2_0
F156_051_00,DEBUG_GOTO_FIELD,4715,F003_002_00,51,field-and-entrance-resolved,,RMAP_156_1_0;RMAP_156_3_0;RMAP_156_3_1;RMAP_156_4_0;RMAP_156_6_0;RMAP_156_7_0;RMAP_156_7_1;RMAP_156_9_0;RMAP_156_10_0;RMAP_156_10_1;RMAP_156_12_0;RMAP_156_13_0,RMAP_009_2_0
F156_051_00,D01_SAFETY_GOTO,6068,F151_001_00,2,field-and-entrance-resolved,,RMAP_156_1_0;RMAP_156_3_0;RMAP_156_3_1;RMAP_156_4_0;RMAP_156_6_0;RMAP_156_7_0;RMAP_156_7_1;RMAP_156_9_0;RMAP_156_10_0;RMAP_156_10_1;RMAP_156_12_0;RMAP_156_13_0,RMAP_151_1_0;RMAP_151_1_1
F156_051_00,D01_SAFETY_GOTO,6075,F152_001_00,20,field-and-entrance-resolved,,RMAP_156_1_0;RMAP_156_3_0;RMAP_156_3_1;RMAP_156_4_0;RMAP_156_6_0;RMAP_156_7_0;RMAP_156_7_1;RMAP_156_9_0;RMAP_156_10_0;RMAP_156_10_1;RMAP_156_12_0;RMAP_156_13_0,RMAP_152_1_0;RMAP_152_1_1
F156_051_00,D01_SAFETY_GOTO,6079,F152_051_00,21,entrance-id-missing,,RMAP_156_1_0;RMAP_156_3_0;RMAP_156_3_1;RMAP_156_4_0;RMAP_156_6_0;RMAP_156_7_0;RMAP_156_7_1;RMAP_156_9_0;RMAP_156_10_0;RMAP_156_10_1;RMAP_156_12_0;RMAP_156_13_0,RMAP_151_1_0;RMAP_151_2_0;RMAP_151_3_0;RMAP_151_5_0;RMAP_151_7_0;RMAP_151_11_0;RMAP_152_1_0;RMAP_152_1_1
F156_051_00,D01_SAFETY_GOTO,6088,F151_014_00,20,field-and-entrance-resolved,,RMAP_156_1_0;RMAP_156_3_0;RMAP_156_3_1;RMAP_156_4_0;RMAP_156_6_0;RMAP_156_7_0;RMAP_156_7_1;RMAP_156_9_0;RMAP_156_10_0;RMAP_156_10_1;RMAP_156_12_0;RMAP_156_13_0,RMAP_151_2_0;RMAP_151_2_1;RMAP_151_2_2
F156_051_00,D01_SAFETY_GOTO,6092,F151_051_00,11,entrance-id-missing,,RMAP_156_1_0;RMAP_156_3_0;RMAP_156_3_1;RMAP_156_4_0;RMAP_156_6_0;RMAP_156_7_0;RMAP_156_7_1;RMAP_156_9_0;RMAP_156_10_0;RMAP_156_10_1;RMAP_156_12_0;RMAP_156_13_0,RMAP_151_1_0;RMAP_151_2_0;RMAP_151_3_0;RMAP_151_5_0;RMAP_151_7_0;RMAP_151_11_0;RMAP_152_1_0;RMAP_152_1_1
F156_051_00,D01_SAFETY_GOTO,6101,F151_002_00,20,field-and-entrance-resolved,,RMAP_156_1_0;RMAP_156_3_0;RMAP_156_3_1;RMAP_156_4_0;RMAP_156_6_0;RMAP_156_7_0;RMAP_156_7_1;RMAP_156_9_0;RMAP_156_10_0;RMAP_156_10_1;RMAP_156_12_0;RMAP_156_13_0,RMAP_151_2_0;RMAP_151_2_1;RMAP_151_2_2
F156_051_00,D01_SAFETY_GOTO,6105,F151_051_00,12,entrance-id-missing,,RMAP_156_1_0;RMAP_156_3_0;RMAP_156_3_1;RMAP_156_4_0;RMAP_156_6_0;RMAP_156_7_0;RMAP_156_7_1;RMAP_156_9_0;RMAP_156_10_0;RMAP_156_10_1;RMAP_156_12_0;RMAP_156_13_0,RMAP_151_1_0;RMAP_151_2_0;RMAP_151_3_0;RMAP_151_5_0;RMAP_151_7_0;RMAP_151_11_0;RMAP_152_1_0;RMAP_152_1_1
F156_051_00,D01_SAFETY_GOTO,6114,F151_004_00,20,field-and-entrance-resolved,,RMAP_156_1_0;RMAP_156_3_0;RMAP_156_3_1;RMAP_156_4_0;RMAP_156_6_0;RMAP_156_7_0;RMAP_156_7_1;RMAP_156_9_0;RMAP_156_10_0;RMAP_156_10_1;RMAP_156_12_0;RMAP_156_13_0,RMAP_151_4_0;RMAP_151_4_1;RMAP_151_4_2
F156_051_00,D01_SAFETY_GOTO,6118,F151_051_00,13,entrance-id-missing,,RMAP_156_1_0;RMAP_156_3_0;RMAP_156_3_1;RMAP_156_4_0;RMAP_156_6_0;RMAP_156_7_0;RMAP_156_7_1;RMAP_156_9_0;RMAP_156_10_0;RMAP_156_10_1;RMAP_156_12_0;RMAP_156_13_0,RMAP_151_1_0;RMAP_151_2_0;RMAP_151_3_0;RMAP_151_5_0;RMAP_151_7_0;RMAP_151_11_0;RMAP_152_1_0;RMAP_152_1_1
F156_051_00,D01_SAFETY_GOTO,6127,F151_005_00,20,field-and-entrance-resolved,,RMAP_156_1_0;RMAP_156_3_0;RMAP_156_3_1;RMAP_156_4_0;RMAP_156_6_0;RMAP_156_7_0;RMAP_156_7_1;RMAP_156_9_0;RMAP_156_10_0;RMAP_156_10_1;RMAP_156_12_0;RMAP_156_13_0,RMAP_151_5_0;RMAP_151_5_1;RMAP_151_5_2
F156_051_00,D01_SAFETY_GOTO,6131,F151_051_00,14,entrance-id-missing,,RMAP_156_1_0;RMAP_156_3_0;RMAP_156_3_1;RMAP_156_4_0;RMAP_156_6_0;RMAP_156_7_0;RMAP_156_7_1;RMAP_156_9_0;RMAP_156_10_0;RMAP_156_10_1;RMAP_156_12_0;RMAP_156_13_0,RMAP_151_1_0;RMAP_151_2_0;RMAP_151_3_0;RMAP_151_5_0;RMAP_151_7_0;RMAP_151_11_0;RMAP_152_1_0;RMAP_152_1_1
F156_051_00,D01_SAFETY_GOTO,6140,F151_007_00,20,field-and-entrance-resolved,,RMAP_156_1_0;RMAP_156_3_0;RMAP_156_3_1;RMAP_156_4_0;RMAP_156_6_0;RMAP_156_7_0;RMAP_156_7_1;RMAP_156_9_0;RMAP_156_10_0;RMAP_156_10_1;RMAP_156_12_0;RMAP_156_13_0,RMAP_151_7_0
F156_051_00,D01_SAFETY_GOTO,6144,F151_051_00,31,entrance-id-missing,,RMAP_156_1_0;RMAP_156_3_0;RMAP_156_3_1;RMAP_156_4_0;RMAP_156_6_0;RMAP_156_7_0;RMAP_156_7_1;RMAP_156_9_0;RMAP_156_10_0;RMAP_156_10_1;RMAP_156_12_0;RMAP_156_13_0,RMAP_151_1_0;RMAP_151_2_0;RMAP_151_3_0;RMAP_151_5_0;RMAP_151_7_0;RMAP_151_11_0;RMAP_152_1_0;RMAP_152_1_1
F156_051_00,D01_SAFETY_GOTO,6153,F151_011_00,1,field-and-entrance-resolved,,RMAP_156_1_0;RMAP_156_3_0;RMAP_156_3_1;RMAP_156_4_0;RMAP_156_6_0;RMAP_156_7_0;RMAP_156_7_1;RMAP_156_9_0;RMAP_156_10_0;RMAP_156_10_1;RMAP_156_12_0;RMAP_156_13_0,RMAP_151_11_0;RMAP_151_11_1
F156_051_00,D01_SAFETY_GOTO,6157,,,dynamic-arguments,,RMAP_156_1_0;RMAP_156_3_0;RMAP_156_3_1;RMAP_156_4_0;RMAP_156_6_0;RMAP_156_7_0;RMAP_156_7_1;RMAP_156_9_0;RMAP_156_10_0;RMAP_156_10_1;RMAP_156_12_0;RMAP_156_13_0,
F156_051_00,D02_SAFETY_GOTO,6187,F153_001_00,2,field-and-entrance-resolved,,RMAP_156_1_0;RMAP_156_3_0;RMAP_156_3_1;RMAP_156_4_0;RMAP_156_6_0;RMAP_156_7_0;RMAP_156_7_1;RMAP_156_9_0;RMAP_156_10_0;RMAP_156_10_1;RMAP_156_12_0;RMAP_156_13_0,RMAP_153_1_0
F156_051_00,D02_SAFETY_GOTO,6194,F153_012_00,2,field-and-entrance-resolved,,RMAP_156_1_0;RMAP_156_3_0;RMAP_156_3_1;RMAP_156_4_0;RMAP_156_6_0;RMAP_156_7_0;RMAP_156_7_1;RMAP_156_9_0;RMAP_156_10_0;RMAP_156_10_1;RMAP_156_12_0;RMAP_156_13_0,RMAP_153_2_0;RMAP_153_2_1
F156_051_00,D02_SAFETY_GOTO,6198,F153_051_00,12,entrance-id-missing,,RMAP_156_1_0;RMAP_156_3_0;RMAP_156_3_1;RMAP_156_4_0;RMAP_156_6_0;RMAP_156_7_0;RMAP_156_7_1;RMAP_156_9_0;RMAP_156_10_0;RMAP_156_10_1;RMAP_156_12_0;RMAP_156_13_0,RMAP_153_1_0;RMAP_153_2_0;RMAP_153_3_0;RMAP_153_4_0;RMAP_153_5_0;RMAP_153_6_0;RMAP_153_6_1;RMAP_153_7_0;RMAP_153_7_1;RMAP_153_9_0;RMAP_153_9_1;RMAP_153_9_2
F156_051_00,D02_SAFETY_GOTO,6207,F153_003_00,4,field-and-entrance-resolved,,RMAP_156_1_0;RMAP_156_3_0;RMAP_156_3_1;RMAP_156_4_0;RMAP_156_6_0;RMAP_156_7_0;RMAP_156_7_1;RMAP_156_9_0;RMAP_156_10_0;RMAP_156_10_1;RMAP_156_12_0;RMAP_156_13_0,RMAP_153_3_0;RMAP_153_3_1;RMAP_153_3_2;RMAP_153_3_3
F156_051_00,D02_SAFETY_GOTO,6211,F153_051_00,13,entrance-id-missing,,RMAP_156_1_0;RMAP_156_3_0;RMAP_156_3_1;RMAP_156_4_0;RMAP_156_6_0;RMAP_156_7_0;RMAP_156_7_1;RMAP_156_9_0;RMAP_156_10_0;RMAP_156_10_1;RMAP_156_12_0;RMAP_156_13_0,RMAP_153_1_0;RMAP_153_2_0;RMAP_153_3_0;RMAP_153_4_0;RMAP_153_5_0;RMAP_153_6_0;RMAP_153_6_1;RMAP_153_7_0;RMAP_153_7_1;RMAP_153_9_0;RMAP_153_9_1;RMAP_153_9_2
F156_051_00,D02_SAFETY_GOTO,6220,F153_005_00,4,field-and-entrance-resolved,,RMAP_156_1_0;RMAP_156_3_0;RMAP_156_3_1;RMAP_156_4_0;RMAP_156_6_0;RMAP_156_7_0;RMAP_156_7_1;RMAP_156_9_0;RMAP_156_10_0;RMAP_156_10_1;RMAP_156_12_0;RMAP_156_13_0,RMAP_153_5_0
F156_051_00,D02_SAFETY_GOTO,6224,F153_051_00,15,entrance-id-missing,,RMAP_156_1_0;RMAP_156_3_0;RMAP_156_3_1;RMAP_156_4_0;RMAP_156_6_0;RMAP_156_7_0;RMAP_156_7_1;RMAP_156_9_0;RMAP_156_10_0;RMAP_156_10_1;RMAP_156_12_0;RMAP_156_13_0,RMAP_153_1_0;RMAP_153_2_0;RMAP_153_3_0;RMAP_153_4_0;RMAP_153_5_0;RMAP_153_6_0;RMAP_153_6_1;RMAP_153_7_0;RMAP_153_7_1;RMAP_153_9_0;RMAP_153_9_1;RMAP_153_9_2
F156_051_00,D02_SAFETY_GOTO,6233,F153_006_00,20,field-and-entrance-resolved,,RMAP_156_1_0;RMAP_156_3_0;RMAP_156_3_1;RMAP_156_4_0;RMAP_156_6_0;RMAP_156_7_0;RMAP_156_7_1;RMAP_156_9_0;RMAP_156_10_0;RMAP_156_10_1;RMAP_156_12_0;RMAP_156_13_0,RMAP_153_6_0;RMAP_153_6_1
F156_051_00,D02_SAFETY_GOTO,6237,,,dynamic-arguments,,RMAP_156_1_0;RMAP_156_3_0;RMAP_156_3_1;RMAP_156_4_0;RMAP_156_6_0;RMAP_156_7_0;RMAP_156_7_1;RMAP_156_9_0;RMAP_156_10_0;RMAP_156_10_1;RMAP_156_12_0;RMAP_156_13_0,
F156_051_00,D02_SAFETY_GOTO,6246,F153_007_00,20,entrance-id-missing,,RMAP_156_1_0;RMAP_156_3_0;RMAP_156_3_1;RMAP_156_4_0;RMAP_156_6_0;RMAP_156_7_0;RMAP_156_7_1;RMAP_156_9_0;RMAP_156_10_0;RMAP_156_10_1;RMAP_156_12_0;RMAP_156_13_0,RMAP_153_7_0;RMAP_153_7_1;RMAP_153_7_2
F156_051_00,D02_SAFETY_GOTO,6250,F153_051_00,17,entrance-id-missing,,RMAP_156_1_0;RMAP_156_3_0;RMAP_156_3_1;RMAP_156_4_0;RMAP_156_6_0;RMAP_156_7_0;RMAP_156_7_1;RMAP_156_9_0;RMAP_156_10_0;RMAP_156_10_1;RMAP_156_12_0;RMAP_156_13_0,RMAP_153_1_0;RMAP_153_2_0;RMAP_153_3_0;RMAP_153_4_0;RMAP_153_5_0;RMAP_153_6_0;RMAP_153_6_1;RMAP_153_7_0;RMAP_153_7_1;RMAP_153_9_0;RMAP_153_9_1;RMAP_153_9_2
F156_051_00,D02_SAFETY_GOTO,6259,F153_009_00,20,field-and-entrance-resolved,,RMAP_156_1_0;RMAP_156_3_0;RMAP_156_3_1;RMAP_156_4_0;RMAP_156_6_0;RMAP_156_7_0;RMAP_156_7_1;RMAP_156_9_0;RMAP_156_10_0;RMAP_156_10_1;RMAP_156_12_0;RMAP_156_13_0,RMAP_153_9_0;RMAP_153_9_1;RMAP_153_9_2
F156_051_00,D02_SAFETY_GOTO,6263,F153_051_00,18,entrance-id-missing,,RMAP_156_1_0;RMAP_156_3_0;RMAP_156_3_1;RMAP_156_4_0;RMAP_156_6_0;RMAP_156_7_0;RMAP_156_7_1;RMAP_156_9_0;RMAP_156_10_0;RMAP_156_10_1;RMAP_156_12_0;RMAP_156_13_0,RMAP_153_1_0;RMAP_153_2_0;RMAP_153_3_0;RMAP_153_4_0;RMAP_153_5_0;RMAP_153_6_0;RMAP_153_6_1;RMAP_153_7_0;RMAP_153_7_1;RMAP_153_9_0;RMAP_153_9_1;RMAP_153_9_2
F156_051_00,D02_SAFETY_GOTO,6272,F153_009_00,21,field-and-entrance-resolved,,RMAP_156_1_0;RMAP_156_3_0;RMAP_156_3_1;RMAP_156_4_0;RMAP_156_6_0;RMAP_156_7_0;RMAP_156_7_1;RMAP_156_9_0;RMAP_156_10_0;RMAP_156_10_1;RMAP_156_12_0;RMAP_156_13_0,RMAP_153_9_0;RMAP_153_9_1;RMAP_153_9_2
F156_051_00,D02_SAFETY_GOTO,6276,F153_051_00,19,entrance-id-missing,,RMAP_156_1_0;RMAP_156_3_0;RMAP_156_3_1;RMAP_156_4_0;RMAP_156_6_0;RMAP_156_7_0;RMAP_156_7_1;RMAP_156_9_0;RMAP_156_10_0;RMAP_156_10_1;RMAP_156_12_0;RMAP_156_13_0,RMAP_153_1_0;RMAP_153_2_0;RMAP_153_3_0;RMAP_153_4_0;RMAP_153_5_0;RMAP_153_6_0;RMAP_153_6_1;RMAP_153_7_0;RMAP_153_7_1;RMAP_153_9_0;RMAP_153_9_1;RMAP_153_9_2
F156_051_00,D03_SAFETY_GOTO,6306,F154_001_00,2,field-and-entrance-resolved,,RMAP_156_1_0;RMAP_156_3_0;RMAP_156_3_1;RMAP_156_4_0;RMAP_156_6_0;RMAP_156_7_0;RMAP_156_7_1;RMAP_156_9_0;RMAP_156_10_0;RMAP_156_10_1;RMAP_156_12_0;RMAP_156_13_0,RMAP_154_1_0
F156_051_00,D03_SAFETY_GOTO,6313,F154_002_00,10,field-and-entrance-resolved,,RMAP_156_1_0;RMAP_156_3_0;RMAP_156_3_1;RMAP_156_4_0;RMAP_156_6_0;RMAP_156_7_0;RMAP_156_7_1;RMAP_156_9_0;RMAP_156_10_0;RMAP_156_10_1;RMAP_156_12_0;RMAP_156_13_0,RMAP_154_2_0;RMAP_154_2_1
F156_051_00,D03_SAFETY_GOTO,6317,F154_051_00,11,entrance-id-missing,,RMAP_156_1_0;RMAP_156_3_0;RMAP_156_3_1;RMAP_156_4_0;RMAP_156_6_0;RMAP_156_7_0;RMAP_156_7_1;RMAP_156_9_0;RMAP_156_10_0;RMAP_156_10_1;RMAP_156_12_0;RMAP_156_13_0,RMAP_154_1_0;RMAP_154_3_0;RMAP_154_3_1;RMAP_154_3_2;RMAP_154_5_0;RMAP_154_14_0;RMAP_154_14_1
F156_051_00,D03_SAFETY_GOTO,6326,F154_002_00,11,field-and-entrance-resolved,,RMAP_156_1_0;RMAP_156_3_0;RMAP_156_3_1;RMAP_156_4_0;RMAP_156_6_0;RMAP_156_7_0;RMAP_156_7_1;RMAP_156_9_0;RMAP_156_10_0;RMAP_156_10_1;RMAP_156_12_0;RMAP_156_13_0,RMAP_154_2_0;RMAP_154_2_1
F156_051_00,D03_SAFETY_GOTO,6330,F154_051_00,12,entrance-id-missing,,RMAP_156_1_0;RMAP_156_3_0;RMAP_156_3_1;RMAP_156_4_0;RMAP_156_6_0;RMAP_156_7_0;RMAP_156_7_1;RMAP_156_9_0;RMAP_156_10_0;RMAP_156_10_1;RMAP_156_12_0;RMAP_156_13_0,RMAP_154_1_0;RMAP_154_3_0;RMAP_154_3_1;RMAP_154_3_2;RMAP_154_5_0;RMAP_154_14_0;RMAP_154_14_1
F156_051_00,D03_SAFETY_GOTO,6339,F154_003_00,10,field-and-entrance-resolved,,RMAP_156_1_0;RMAP_156_3_0;RMAP_156_3_1;RMAP_156_4_0;RMAP_156_6_0;RMAP_156_7_0;RMAP_156_7_1;RMAP_156_9_0;RMAP_156_10_0;RMAP_156_10_1;RMAP_156_12_0;RMAP_156_13_0,RMAP_154_3_0;RMAP_154_3_1;RMAP_154_3_2
F156_051_00,D03_SAFETY_GOTO,6343,F154_051_00,13,entrance-id-missing,,RMAP_156_1_0;RMAP_156_3_0;RMAP_156_3_1;RMAP_156_4_0;RMAP_156_6_0;RMAP_156_7_0;RMAP_156_7_1;RMAP_156_9_0;RMAP_156_10_0;RMAP_156_10_1;RMAP_156_12_0;RMAP_156_13_0,RMAP_154_1_0;RMAP_154_3_0;RMAP_154_3_1;RMAP_154_3_2;RMAP_154_5_0;RMAP_154_14_0;RMAP_154_14_1
F156_051_00,D03_SAFETY_GOTO,6352,F154_003_00,11,field-and-entrance-resolved,,RMAP_156_1_0;RMAP_156_3_0;RMAP_156_3_1;RMAP_156_4_0;RMAP_156_6_0;RMAP_156_7_0;RMAP_156_7_1;RMAP_156_9_0;RMAP_156_10_0;RMAP_156_10_1;RMAP_156_12_0;RMAP_156_13_0,RMAP_154_3_0;RMAP_154_3_1;RMAP_154_3_2
F156_051_00,D03_SAFETY_GOTO,6356,F154_051_00,14,entrance-id-missing,,RMAP_156_1_0;RMAP_156_3_0;RMAP_156_3_1;RMAP_156_4_0;RMAP_156_6_0;RMAP_156_7_0;RMAP_156_7_1;RMAP_156_9_0;RMAP_156_10_0;RMAP_156_10_1;RMAP_156_12_0;RMAP_156_13_0,RMAP_154_1_0;RMAP_154_3_0;RMAP_154_3_1;RMAP_154_3_2;RMAP_154_5_0;RMAP_154_14_0;RMAP_154_14_1
F156_051_00,D03_SAFETY_GOTO,6365,F154_012_00,10,target-fbn-missing,,RMAP_156_1_0;RMAP_156_3_0;RMAP_156_3_1;RMAP_156_4_0;RMAP_156_6_0;RMAP_156_7_0;RMAP_156_7_1;RMAP_156_9_0;RMAP_156_10_0;RMAP_156_10_1;RMAP_156_12_0;RMAP_156_13_0,RMAP_154_12_0;RMAP_154_12_1;RMAP_154_12_2
F156_051_00,D03_SAFETY_GOTO,6369,F154_051_00,15,entrance-id-missing,,RMAP_156_1_0;RMAP_156_3_0;RMAP_156_3_1;RMAP_156_4_0;RMAP_156_6_0;RMAP_156_7_0;RMAP_156_7_1;RMAP_156_9_0;RMAP_156_10_0;RMAP_156_10_1;RMAP_156_12_0;RMAP_156_13_0,RMAP_154_1_0;RMAP_154_3_0;RMAP_154_3_1;RMAP_154_3_2;RMAP_154_5_0;RMAP_154_14_0;RMAP_154_14_1
F156_051_00,D03_SAFETY_GOTO,6378,F154_014_00,10,field-and-entrance-resolved,,RMAP_156_1_0;RMAP_156_3_0;RMAP_156_3_1;RMAP_156_4_0;RMAP_156_6_0;RMAP_156_7_0;RMAP_156_7_1;RMAP_156_9_0;RMAP_156_10_0;RMAP_156_10_1;RMAP_156_12_0;RMAP_156_13_0,RMAP_154_14_0;RMAP_154_14_1
F156_051_00,D03_SAFETY_GOTO,6382,,,dynamic-arguments,,RMAP_156_1_0;RMAP_156_3_0;RMAP_156_3_1;RMAP_156_4_0;RMAP_156_6_0;RMAP_156_7_0;RMAP_156_7_1;RMAP_156_9_0;RMAP_156_10_0;RMAP_156_10_1;RMAP_156_12_0;RMAP_156_13_0,
F156_051_00,D03_SAFETY_GOTO,6391,F154_005_00,10,field-and-entrance-resolved,,RMAP_156_1_0;RMAP_156_3_0;RMAP_156_3_1;RMAP_156_4_0;RMAP_156_6_0;RMAP_156_7_0;RMAP_156_7_1;RMAP_156_9_0;RMAP_156_10_0;RMAP_156_10_1;RMAP_156_12_0;RMAP_156_13_0,RMAP_154_5_0;RMAP_154_5_1
F156_051_00,D03_SAFETY_GOTO,6395,F154_051_00,17,entrance-id-missing,,RMAP_156_1_0;RMAP_156_3_0;RMAP_156_3_1;RMAP_156_4_0;RMAP_156_6_0;RMAP_156_7_0;RMAP_156_7_1;RMAP_156_9_0;RMAP_156_10_0;RMAP_156_10_1;RMAP_156_12_0;RMAP_156_13_0,RMAP_154_1_0;RMAP_154_3_0;RMAP_154_3_1;RMAP_154_3_2;RMAP_154_5_0;RMAP_154_14_0;RMAP_154_14_1
F156_051_00,D04_SAFETY_GOTO,6428,F155_001_00,10,field-and-entrance-resolved,,RMAP_156_1_0;RMAP_156_3_0;RMAP_156_3_1;RMAP_156_4_0;RMAP_156_6_0;RMAP_156_7_0;RMAP_156_7_1;RMAP_156_9_0;RMAP_156_10_0;RMAP_156_10_1;RMAP_156_12_0;RMAP_156_13_0,RMAP_155_1_0
F156_051_00,D04_SAFETY_GOTO,6432,F155_001_00,5,field-and-entrance-resolved,,RMAP_156_1_0;RMAP_156_3_0;RMAP_156_3_1;RMAP_156_4_0;RMAP_156_6_0;RMAP_156_7_0;RMAP_156_7_1;RMAP_156_9_0;RMAP_156_10_0;RMAP_156_10_1;RMAP_156_12_0;RMAP_156_13_0,RMAP_155_1_0
F156_051_00,D04_SAFETY_GOTO,6441,F155_011_00,20,field-and-entrance-resolved,,RMAP_156_1_0;RMAP_156_3_0;RMAP_156_3_1;RMAP_156_4_0;RMAP_156_6_0;RMAP_156_7_0;RMAP_156_7_1;RMAP_156_9_0;RMAP_156_10_0;RMAP_156_10_1;RMAP_156_12_0;RMAP_156_13_0,RMAP_155_11_0;RMAP_155_11_1;RMAP_155_11_2;RMAP_155_11_3
F156_051_00,D04_SAFETY_GOTO,6445,F155_051_00,11,entrance-id-missing,,RMAP_156_1_0;RMAP_156_3_0;RMAP_156_3_1;RMAP_156_4_0;RMAP_156_6_0;RMAP_156_7_0;RMAP_156_7_1;RMAP_156_9_0;RMAP_156_10_0;RMAP_156_10_1;RMAP_156_12_0;RMAP_156_13_0,RMAP_155_1_0;RMAP_155_2_0;RMAP_155_2_1;RMAP_155_4_0;RMAP_155_4_1;RMAP_155_9_0;RMAP_155_9_1
F156_051_00,D04_SAFETY_GOTO,6454,F155_002_00,20,field-and-entrance-resolved,,RMAP_156_1_0;RMAP_156_3_0;RMAP_156_3_1;RMAP_156_4_0;RMAP_156_6_0;RMAP_156_7_0;RMAP_156_7_1;RMAP_156_9_0;RMAP_156_10_0;RMAP_156_10_1;RMAP_156_12_0;RMAP_156_13_0,RMAP_155_2_0;RMAP_155_2_1;RMAP_155_12_0;RMAP_155_12_1
F156_051_00,D04_SAFETY_GOTO,6458,F155_051_00,12,entrance-id-missing,,RMAP_156_1_0;RMAP_156_3_0;RMAP_156_3_1;RMAP_156_4_0;RMAP_156_6_0;RMAP_156_7_0;RMAP_156_7_1;RMAP_156_9_0;RMAP_156_10_0;RMAP_156_10_1;RMAP_156_12_0;RMAP_156_13_0,RMAP_155_1_0;RMAP_155_2_0;RMAP_155_2_1;RMAP_155_4_0;RMAP_155_4_1;RMAP_155_9_0;RMAP_155_9_1
F156_051_00,D04_SAFETY_GOTO,6467,F155_002_00,21,field-and-entrance-resolved,,RMAP_156_1_0;RMAP_156_3_0;RMAP_156_3_1;RMAP_156_4_0;RMAP_156_6_0;RMAP_156_7_0;RMAP_156_7_1;RMAP_156_9_0;RMAP_156_10_0;RMAP_156_10_1;RMAP_156_12_0;RMAP_156_13_0,RMAP_155_2_0;RMAP_155_2_1;RMAP_155_12_0;RMAP_155_12_1
F156_051_00,D04_SAFETY_GOTO,6471,F155_051_00,13,entrance-id-missing,,RMAP_156_1_0;RMAP_156_3_0;RMAP_156_3_1;RMAP_156_4_0;RMAP_156_6_0;RMAP_156_7_0;RMAP_156_7_1;RMAP_156_9_0;RMAP_156_10_0;RMAP_156_10_1;RMAP_156_12_0;RMAP_156_13_0,RMAP_155_1_0;RMAP_155_2_0;RMAP_155_2_1;RMAP_155_4_0;RMAP_155_4_1;RMAP_155_9_0;RMAP_155_9_1
F156_051_00,D04_SAFETY_GOTO,6480,F155_002_00,22,field-and-entrance-resolved,,RMAP_156_1_0;RMAP_156_3_0;RMAP_156_3_1;RMAP_156_4_0;RMAP_156_6_0;RMAP_156_7_0;RMAP_156_7_1;RMAP_156_9_0;RMAP_156_10_0;RMAP_156_10_1;RMAP_156_12_0;RMAP_156_13_0,RMAP_155_2_0;RMAP_155_2_1;RMAP_155_12_0;RMAP_155_12_1
F156_051_00,D04_SAFETY_GOTO,6484,F155_051_00,14,entrance-id-missing,,RMAP_156_1_0;RMAP_156_3_0;RMAP_156_3_1;RMAP_156_4_0;RMAP_156_6_0;RMAP_156_7_0;RMAP_156_7_1;RMAP_156_9_0;RMAP_156_10_0;RMAP_156_10_1;RMAP_156_12_0;RMAP_156_13_0,RMAP_155_1_0;RMAP_155_2_0;RMAP_155_2_1;RMAP_155_4_0;RMAP_155_4_1;RMAP_155_9_0;RMAP_155_9_1
F156_051_00,D04_SAFETY_GOTO,6493,F155_004_00,21,field-and-entrance-resolved,,RMAP_156_1_0;RMAP_156_3_0;RMAP_156_3_1;RMAP_156_4_0;RMAP_156_6_0;RMAP_156_7_0;RMAP_156_7_1;RMAP_156_9_0;RMAP_156_10_0;RMAP_156_10_1;RMAP_156_12_0;RMAP_156_13_0,RMAP_155_4_0;RMAP_155_4_1
F156_051_00,D04_SAFETY_GOTO,6497,F155_051_00,15,entrance-id-missing,,RMAP_156_1_0;RMAP_156_3_0;RMAP_156_3_1;RMAP_156_4_0;RMAP_156_6_0;RMAP_156_7_0;RMAP_156_7_1;RMAP_156_9_0;RMAP_156_10_0;RMAP_156_10_1;RMAP_156_12_0;RMAP_156_13_0,RMAP_155_1_0;RMAP_155_2_0;RMAP_155_2_1;RMAP_155_4_0;RMAP_155_4_1;RMAP_155_9_0;RMAP_155_9_1
F156_051_00,D04_SAFETY_GOTO,6506,F155_004_00,20,field-and-entrance-resolved,,RMAP_156_1_0;RMAP_156_3_0;RMAP_156_3_1;RMAP_156_4_0;RMAP_156_6_0;RMAP_156_7_0;RMAP_156_7_1;RMAP_156_9_0;RMAP_156_10_0;RMAP_156_10_1;RMAP_156_12_0;RMAP_156_13_0,RMAP_155_4_0;RMAP_155_4_1
F156_051_00,D04_SAFETY_GOTO,6510,F155_051_00,17,entrance-id-missing,,RMAP_156_1_0;RMAP_156_3_0;RMAP_156_3_1;RMAP_156_4_0;RMAP_156_6_0;RMAP_156_7_0;RMAP_156_7_1;RMAP_156_9_0;RMAP_156_10_0;RMAP_156_10_1;RMAP_156_12_0;RMAP_156_13_0,RMAP_155_1_0;RMAP_155_2_0;RMAP_155_2_1;RMAP_155_4_0;RMAP_155_4_1;RMAP_155_9_0;RMAP_155_9_1
F156_051_00,D05_SAFETY_GOTO,6540,F156_001_00,5,entrance-id-missing,"0,3,4",RMAP_156_1_0;RMAP_156_3_0;RMAP_156_3_1;RMAP_156_4_0;RMAP_156_6_0;RMAP_156_7_0;RMAP_156_7_1;RMAP_156_9_0;RMAP_156_10_0;RMAP_156_10_1;RMAP_156_12_0;RMAP_156_13_0,RMAP_156_1_0
F156_051_00,D05_SAFETY_GOTO,6547,F156_003_00,20,field-and-entrance-resolved,"0,3,4",RMAP_156_1_0;RMAP_156_3_0;RMAP_156_3_1;RMAP_156_4_0;RMAP_156_6_0;RMAP_156_7_0;RMAP_156_7_1;RMAP_156_9_0;RMAP_156_10_0;RMAP_156_10_1;RMAP_156_12_0;RMAP_156_13_0,RMAP_156_3_0;RMAP_156_3_1
F156_051_00,D05_SAFETY_GOTO,6551,F156_051_00,11,entrance-id-missing,"0,3,4",RMAP_156_1_0;RMAP_156_3_0;RMAP_156_3_1;RMAP_156_4_0;RMAP_156_6_0;RMAP_156_7_0;RMAP_156_7_1;RMAP_156_9_0;RMAP_156_10_0;RMAP_156_10_1;RMAP_156_12_0;RMAP_156_13_0,RMAP_156_1_0;RMAP_156_3_0;RMAP_156_3_1;RMAP_156_4_0;RMAP_156_6_0;RMAP_156_7_0;RMAP_156_7_1;RMAP_156_9_0;RMAP_156_10_0;RMAP_156_10_1;RMAP_156_12_0;RMAP_156_13_0
F156_051_00,D05_SAFETY_GOTO,6560,F156_013_00,2,field-and-entrance-resolved,"0,3,4",RMAP_156_1_0;RMAP_156_3_0;RMAP_156_3_1;RMAP_156_4_0;RMAP_156_6_0;RMAP_156_7_0;RMAP_156_7_1;RMAP_156_9_0;RMAP_156_10_0;RMAP_156_10_1;RMAP_156_12_0;RMAP_156_13_0,RMAP_156_13_0
F156_051_00,D05_SAFETY_GOTO,6564,F156_051_00,12,entrance-id-missing,"0,3,4",RMAP_156_1_0;RMAP_156_3_0;RMAP_156_3_1;RMAP_156_4_0;RMAP_156_6_0;RMAP_156_7_0;RMAP_156_7_1;RMAP_156_9_0;RMAP_156_10_0;RMAP_156_10_1;RMAP_156_12_0;RMAP_156_13_0,RMAP_156_1_0;RMAP_156_3_0;RMAP_156_3_1;RMAP_156_4_0;RMAP_156_6_0;RMAP_156_7_0;RMAP_156_7_1;RMAP_156_9_0;RMAP_156_10_0;RMAP_156_10_1;RMAP_156_12_0;RMAP_156_13_0
F156_051_00,D05_SAFETY_GOTO,6573,F156_004_00,20,field-and-entrance-resolved,"0,3,4",RMAP_156_1_0;RMAP_156_3_0;RMAP_156_3_1;RMAP_156_4_0;RMAP_156_6_0;RMAP_156_7_0;RMAP_156_7_1;RMAP_156_9_0;RMAP_156_10_0;RMAP_156_10_1;RMAP_156_12_0;RMAP_156_13_0,RMAP_156_4_0
F156_051_00,D05_SAFETY_GOTO,6577,F156_051_00,13,entrance-id-missing,"0,3,4",RMAP_156_1_0;RMAP_156_3_0;RMAP_156_3_1;RMAP_156_4_0;RMAP_156_6_0;RMAP_156_7_0;RMAP_156_7_1;RMAP_156_9_0;RMAP_156_10_0;RMAP_156_10_1;RMAP_156_12_0;RMAP_156_13_0,RMAP_156_1_0;RMAP_156_3_0;RMAP_156_3_1;RMAP_156_4_0;RMAP_156_6_0;RMAP_156_7_0;RMAP_156_7_1;RMAP_156_9_0;RMAP_156_10_0;RMAP_156_10_1;RMAP_156_12_0;RMAP_156_13_0
F156_051_00,D05_SAFETY_GOTO,6586,F156_007_00,20,field-and-entrance-resolved,"0,3,4",RMAP_156_1_0;RMAP_156_3_0;RMAP_156_3_1;RMAP_156_4_0;RMAP_156_6_0;RMAP_156_7_0;RMAP_156_7_1;RMAP_156_9_0;RMAP_156_10_0;RMAP_156_10_1;RMAP_156_12_0;RMAP_156_13_0,RMAP_156_7_0;RMAP_156_7_1
F156_051_00,D05_SAFETY_GOTO,6590,F156_051_00,14,entrance-id-missing,"0,3,4",RMAP_156_1_0;RMAP_156_3_0;RMAP_156_3_1;RMAP_156_4_0;RMAP_156_6_0;RMAP_156_7_0;RMAP_156_7_1;RMAP_156_9_0;RMAP_156_10_0;RMAP_156_10_1;RMAP_156_12_0;RMAP_156_13_0,RMAP_156_1_0;RMAP_156_3_0;RMAP_156_3_1;RMAP_156_4_0;RMAP_156_6_0;RMAP_156_7_0;RMAP_156_7_1;RMAP_156_9_0;RMAP_156_10_0;RMAP_156_10_1;RMAP_156_12_0;RMAP_156_13_0
F156_051_00,D05_SAFETY_GOTO,6599,F156_009_00,20,field-and-entrance-resolved,"0,3,4",RMAP_156_1_0;RMAP_156_3_0;RMAP_156_3_1;RMAP_156_4_0;RMAP_156_6_0;RMAP_156_7_0;RMAP_156_7_1;RMAP_156_9_0;RMAP_156_10_0;RMAP_156_10_1;RMAP_156_12_0;RMAP_156_13_0,RMAP_156_9_0
F156_051_00,D05_SAFETY_GOTO,6603,F156_051_00,15,entrance-id-missing,"0,3,4",RMAP_156_1_0;RMAP_156_3_0;RMAP_156_3_1;RMAP_156_4_0;RMAP_156_6_0;RMAP_156_7_0;RMAP_156_7_1;RMAP_156_9_0;RMAP_156_10_0;RMAP_156_10_1;RMAP_156_12_0;RMAP_156_13_0,RMAP_156_1_0;RMAP_156_3_0;RMAP_156_3_1;RMAP_156_4_0;RMAP_156_6_0;RMAP_156_7_0;RMAP_156_7_1;RMAP_156_9_0;RMAP_156_10_0;RMAP_156_10_1;RMAP_156_12_0;RMAP_156_13_0
F156_051_00,D05_SAFETY_GOTO,6612,F156_012_00,20,field-and-entrance-resolved,"0,3,4",RMAP_156_1_0;RMAP_156_3_0;RMAP_156_3_1;RMAP_156_4_0;RMAP_156_6_0;RMAP_156_7_0;RMAP_156_7_1;RMAP_156_9_0;RMAP_156_10_0;RMAP_156_10_1;RMAP_156_12_0;RMAP_156_13_0,RMAP_156_12_0
F156_051_00,D05_SAFETY_GOTO,6616,,,dynamic-arguments,"0,3,4",RMAP_156_1_0;RMAP_156_3_0;RMAP_156_3_1;RMAP_156_4_0;RMAP_156_6_0;RMAP_156_7_0;RMAP_156_7_1;RMAP_156_9_0;RMAP_156_10_0;RMAP_156_10_1;RMAP_156_12_0;RMAP_156_13_0,
F156_051_00,D05_SAFETY_GOTO,6625,F156_006_00,50,field-and-entrance-resolved,"0,3,4",RMAP_156_1_0;RMAP_156_3_0;RMAP_156_3_1;RMAP_156_4_0;RMAP_156_6_0;RMAP_156_7_0;RMAP_156_7_1;RMAP_156_9_0;RMAP_156_10_0;RMAP_156_10_1;RMAP_156_12_0;RMAP_156_13_0,RMAP_156_6_0
F156_051_00,D05_SAFETY_GOTO,6629,F156_051_00,17,entrance-id-missing,"0,3,4",RMAP_156_1_0;RMAP_156_3_0;RMAP_156_3_1;RMAP_156_4_0;RMAP_156_6_0;RMAP_156_7_0;RMAP_156_7_1;RMAP_156_9_0;RMAP_156_10_0;RMAP_156_10_1;RMAP_156_12_0;RMAP_156_13_0,RMAP_156_1_0;RMAP_156_3_0;RMAP_156_3_1;RMAP_156_4_0;RMAP_156_6_0;RMAP_156_7_0;RMAP_156_7_1;RMAP_156_9_0;RMAP_156_10_0;RMAP_156_10_1;RMAP_156_12_0;RMAP_156_13_0
F156_051_00,D05_SAFETY_GOTO,6638,F156_010_00,20,field-and-entrance-resolved,"0,3,4",RMAP_156_1_0;RMAP_156_3_0;RMAP_156_3_1;RMAP_156_4_0;RMAP_156_6_0;RMAP_156_7_0;RMAP_156_7_1;RMAP_156_9_0;RMAP_156_10_0;RMAP_156_10_1;RMAP_156_12_0;RMAP_156_13_0,RMAP_156_10_0;RMAP_156_10_1;RMAP_156_10_2
F156_051_00,D05_SAFETY_GOTO,6642,F156_051_00,18,entrance-id-missing,"0,3,4",RMAP_156_1_0;RMAP_156_3_0;RMAP_156_3_1;RMAP_156_4_0;RMAP_156_6_0;RMAP_156_7_0;RMAP_156_7_1;RMAP_156_9_0;RMAP_156_10_0;RMAP_156_10_1;RMAP_156_12_0;RMAP_156_13_0,RMAP_156_1_0;RMAP_156_3_0;RMAP_156_3_1;RMAP_156_4_0;RMAP_156_6_0;RMAP_156_7_0;RMAP_156_7_1;RMAP_156_9_0;RMAP_156_10_0;RMAP_156_10_1;RMAP_156_12_0;RMAP_156_13_0
F156_051_00,D06_SAFETY_GOTO,6672,F157_001_00,2,field-and-entrance-resolved,,RMAP_156_1_0;RMAP_156_3_0;RMAP_156_3_1;RMAP_156_4_0;RMAP_156_6_0;RMAP_156_7_0;RMAP_156_7_1;RMAP_156_9_0;RMAP_156_10_0;RMAP_156_10_1;RMAP_156_12_0;RMAP_156_13_0,RMAP_157_1_0;RMAP_157_1_1
F156_051_00,D06_SAFETY_GOTO,6679,F157_004_00,4,field-and-entrance-resolved,,RMAP_156_1_0;RMAP_156_3_0;RMAP_156_3_1;RMAP_156_4_0;RMAP_156_6_0;RMAP_156_7_0;RMAP_156_7_1;RMAP_156_9_0;RMAP_156_10_0;RMAP_156_10_1;RMAP_156_12_0;RMAP_156_13_0,RMAP_157_4_0;RMAP_157_4_1
F156_051_00,D06_SAFETY_GOTO,6683,F157_051_00,11,entrance-id-missing,,RMAP_156_1_0;RMAP_156_3_0;RMAP_156_3_1;RMAP_156_4_0;RMAP_156_6_0;RMAP_156_7_0;RMAP_156_7_1;RMAP_156_9_0;RMAP_156_10_0;RMAP_156_10_1;RMAP_156_12_0;RMAP_156_13_0,RMAP_157_1_0;RMAP_157_1_1;RMAP_157_4_0;RMAP_157_4_1;RMAP_157_5_0;RMAP_157_5_1;RMAP_157_6_0;RMAP_157_8_0;RMAP_157_8_1;RMAP_157_11_0;RMAP_157_12_0;RMAP_157_13_0;RMAP_157_15_0
F156_051_00,D06_SAFETY_GOTO,6692,F157_005_00,10,field-and-entrance-resolved,,RMAP_156_1_0;RMAP_156_3_0;RMAP_156_3_1;RMAP_156_4_0;RMAP_156_6_0;RMAP_156_7_0;RMAP_156_7_1;RMAP_156_9_0;RMAP_156_10_0;RMAP_156_10_1;RMAP_156_12_0;RMAP_156_13_0,RMAP_157_5_0
F156_051_00,D06_SAFETY_GOTO,6696,F157_052_00,12,entrance-id-missing,,RMAP_156_1_0;RMAP_156_3_0;RMAP_156_3_1;RMAP_156_4_0;RMAP_156_6_0;RMAP_156_7_0;RMAP_156_7_1;RMAP_156_9_0;RMAP_156_10_0;RMAP_156_10_1;RMAP_156_12_0;RMAP_156_13_0,RMAP_157_1_0;RMAP_157_1_1;RMAP_157_4_0;RMAP_157_4_1;RMAP_157_5_0;RMAP_157_5_1;RMAP_157_6_0;RMAP_157_8_0;RMAP_157_8_1;RMAP_157_11_0;RMAP_157_12_0;RMAP_157_13_0;RMAP_157_15_0
F156_051_00,D06_SAFETY_GOTO,6705,F157_006_00,3,field-and-entrance-resolved,,RMAP_156_1_0;RMAP_156_3_0;RMAP_156_3_1;RMAP_156_4_0;RMAP_156_6_0;RMAP_156_7_0;RMAP_156_7_1;RMAP_156_9_0;RMAP_156_10_0;RMAP_156_10_1;RMAP_156_12_0;RMAP_156_13_0,RMAP_157_6_0
F156_051_00,D06_SAFETY_GOTO,6709,F157_051_00,13,entrance-id-missing,,RMAP_156_1_0;RMAP_156_3_0;RMAP_156_3_1;RMAP_156_4_0;RMAP_156_6_0;RMAP_156_7_0;RMAP_156_7_1;RMAP_156_9_0;RMAP_156_10_0;RMAP_156_10_1;RMAP_156_12_0;RMAP_156_13_0,RMAP_157_1_0;RMAP_157_1_1;RMAP_157_4_0;RMAP_157_4_1;RMAP_157_5_0;RMAP_157_5_1;RMAP_157_6_0;RMAP_157_8_0;RMAP_157_8_1;RMAP_157_11_0;RMAP_157_12_0;RMAP_157_13_0;RMAP_157_15_0
F156_051_00,D06_SAFETY_GOTO,6718,F157_008_00,10,field-and-entrance-resolved,,RMAP_156_1_0;RMAP_156_3_0;RMAP_156_3_1;RMAP_156_4_0;RMAP_156_6_0;RMAP_156_7_0;RMAP_156_7_1;RMAP_156_9_0;RMAP_156_10_0;RMAP_156_10_1;RMAP_156_12_0;RMAP_156_13_0,RMAP_157_8_0;RMAP_157_8_1
F156_051_00,D06_SAFETY_GOTO,6722,F157_052_00,14,entrance-id-missing,,RMAP_156_1_0;RMAP_156_3_0;RMAP_156_3_1;RMAP_156_4_0;RMAP_156_6_0;RMAP_156_7_0;RMAP_156_7_1;RMAP_156_9_0;RMAP_156_10_0;RMAP_156_10_1;RMAP_156_12_0;RMAP_156_13_0,RMAP_157_1_0;RMAP_157_1_1;RMAP_157_4_0;RMAP_157_4_1;RMAP_157_5_0;RMAP_157_5_1;RMAP_157_6_0;RMAP_157_8_0;RMAP_157_8_1;RMAP_157_11_0;RMAP_157_12_0;RMAP_157_13_0;RMAP_157_15_0
F156_051_00,D06_SAFETY_GOTO,6731,F157_011_00,10,field-and-entrance-resolved,,RMAP_156_1_0;RMAP_156_3_0;RMAP_156_3_1;RMAP_156_4_0;RMAP_156_6_0;RMAP_156_7_0;RMAP_156_7_1;RMAP_156_9_0;RMAP_156_10_0;RMAP_156_10_1;RMAP_156_12_0;RMAP_156_13_0,RMAP_157_11_0;RMAP_157_11_1;RMAP_157_11_2
F156_051_00,D06_SAFETY_GOTO,6735,F157_051_00,15,entrance-id-missing,,RMAP_156_1_0;RMAP_156_3_0;RMAP_156_3_1;RMAP_156_4_0;RMAP_156_6_0;RMAP_156_7_0;RMAP_156_7_1;RMAP_156_9_0;RMAP_156_10_0;RMAP_156_10_1;RMAP_156_12_0;RMAP_156_13_0,RMAP_157_1_0;RMAP_157_1_1;RMAP_157_4_0;RMAP_157_4_1;RMAP_157_5_0;RMAP_157_5_1;RMAP_157_6_0;RMAP_157_8_0;RMAP_157_8_1;RMAP_157_11_0;RMAP_157_12_0;RMAP_157_13_0;RMAP_157_15_0
F156_051_00,D06_SAFETY_GOTO,6744,F157_012_00,10,field-and-entrance-resolved,,RMAP_156_1_0;RMAP_156_3_0;RMAP_156_3_1;RMAP_156_4_0;RMAP_156_6_0;RMAP_156_7_0;RMAP_156_7_1;RMAP_156_9_0;RMAP_156_10_0;RMAP_156_10_1;RMAP_156_12_0;RMAP_156_13_0,RMAP_157_12_0
F156_051_00,D06_SAFETY_GOTO,6748,,,dynamic-arguments,,RMAP_156_1_0;RMAP_156_3_0;RMAP_156_3_1;RMAP_156_4_0;RMAP_156_6_0;RMAP_156_7_0;RMAP_156_7_1;RMAP_156_9_0;RMAP_156_10_0;RMAP_156_10_1;RMAP_156_12_0;RMAP_156_13_0,
F156_051_00,D06_SAFETY_GOTO,6757,F157_013_00,10,field-and-entrance-resolved,,RMAP_156_1_0;RMAP_156_3_0;RMAP_156_3_1;RMAP_156_4_0;RMAP_156_6_0;RMAP_156_7_0;RMAP_156_7_1;RMAP_156_9_0;RMAP_156_10_0;RMAP_156_10_1;RMAP_156_12_0;RMAP_156_13_0,RMAP_157_13_0
F156_051_00,D06_SAFETY_GOTO,6761,F157_051_00,17,entrance-id-missing,,RMAP_156_1_0;RMAP_156_3_0;RMAP_156_3_1;RMAP_156_4_0;RMAP_156_6_0;RMAP_156_7_0;RMAP_156_7_1;RMAP_156_9_0;RMAP_156_10_0;RMAP_156_10_1;RMAP_156_12_0;RMAP_156_13_0,RMAP_157_1_0;RMAP_157_1_1;RMAP_157_4_0;RMAP_157_4_1;RMAP_157_5_0;RMAP_157_5_1;RMAP_157_6_0;RMAP_157_8_0;RMAP_157_8_1;RMAP_157_11_0;RMAP_157_12_0;RMAP_157_13_0;RMAP_157_15_0
F156_051_00,D06_SAFETY_GOTO,6770,F157_015_00,10,field-and-entrance-resolved,,RMAP_156_1_0;RMAP_156_3_0;RMAP_156_3_1;RMAP_156_4_0;RMAP_156_6_0;RMAP_156_7_0;RMAP_156_7_1;RMAP_156_9_0;RMAP_156_10_0;RMAP_156_10_1;RMAP_156_12_0;RMAP_156_13_0,RMAP_157_15_0
F156_051_00,D06_SAFETY_GOTO,6774,F157_051_00,18,entrance-id-missing,,RMAP_156_1_0;RMAP_156_3_0;RMAP_156_3_1;RMAP_156_4_0;RMAP_156_6_0;RMAP_156_7_0;RMAP_156_7_1;RMAP_156_9_0;RMAP_156_10_0;RMAP_156_10_1;RMAP_156_12_0;RMAP_156_13_0,RMAP_157_1_0;RMAP_157_1_1;RMAP_157_4_0;RMAP_157_4_1;RMAP_157_5_0;RMAP_157_5_1;RMAP_157_6_0;RMAP_157_8_0;RMAP_157_8_1;RMAP_157_11_0;RMAP_157_12_0;RMAP_157_13_0;RMAP_157_15_0
F156_051_00,D07_SAFETY_GOTO,6804,F159_001_00,2,field-and-entrance-resolved,,RMAP_156_1_0;RMAP_156_3_0;RMAP_156_3_1;RMAP_156_4_0;RMAP_156_6_0;RMAP_156_7_0;RMAP_156_7_1;RMAP_156_9_0;RMAP_156_10_0;RMAP_156_10_1;RMAP_156_12_0;RMAP_156_13_0,RMAP_159_1_0
F156_051_00,D07_SAFETY_GOTO,6811,F159_004_00,20,field-and-entrance-resolved,,RMAP_156_1_0;RMAP_156_3_0;RMAP_156_3_1;RMAP_156_4_0;RMAP_156_6_0;RMAP_156_7_0;RMAP_156_7_1;RMAP_156_9_0;RMAP_156_10_0;RMAP_156_10_1;RMAP_156_12_0;RMAP_156_13_0,RMAP_159_3_0;RMAP_159_3_1
F156_051_00,D07_SAFETY_GOTO,6815,F159_051_00,11,entrance-id-missing,,RMAP_156_1_0;RMAP_156_3_0;RMAP_156_3_1;RMAP_156_4_0;RMAP_156_6_0;RMAP_156_7_0;RMAP_156_7_1;RMAP_156_9_0;RMAP_156_10_0;RMAP_156_10_1;RMAP_156_12_0;RMAP_156_13_0,RMAP_159_1_0;RMAP_159_3_0;RMAP_159_3_1;RMAP_159_6_0;RMAP_159_6_1;RMAP_159_6_2;RMAP_159_6_3;RMAP_159_7_0;RMAP_159_7_1;RMAP_159_10_0;RMAP_159_10_1;RMAP_159_11_0;RMAP_159_11_1;RMAP_159_11_2;RMAP_159_11_3
F156_051_00,D07_SAFETY_GOTO,6824,F159_020_00,20,field-and-entrance-resolved,,RMAP_156_1_0;RMAP_156_3_0;RMAP_156_3_1;RMAP_156_4_0;RMAP_156_6_0;RMAP_156_7_0;RMAP_156_7_1;RMAP_156_9_0;RMAP_156_10_0;RMAP_156_10_1;RMAP_156_12_0;RMAP_156_13_0,RMAP_159_20_0;RMAP_159_20_1
F156_051_00,D07_SAFETY_GOTO,6828,F159_051_00,12,entrance-id-missing,,RMAP_156_1_0;RMAP_156_3_0;RMAP_156_3_1;RMAP_156_4_0;RMAP_156_6_0;RMAP_156_7_0;RMAP_156_7_1;RMAP_156_9_0;RMAP_156_10_0;RMAP_156_10_1;RMAP_156_12_0;RMAP_156_13_0,RMAP_159_1_0;RMAP_159_3_0;RMAP_159_3_1;RMAP_159_6_0;RMAP_159_6_1;RMAP_159_6_2;RMAP_159_6_3;RMAP_159_7_0;RMAP_159_7_1;RMAP_159_10_0;RMAP_159_10_1;RMAP_159_11_0;RMAP_159_11_1;RMAP_159_11_2;RMAP_159_11_3
F156_051_00,D07_SAFETY_GOTO,6837,F159_010_00,20,field-and-entrance-resolved,,RMAP_156_1_0;RMAP_156_3_0;RMAP_156_3_1;RMAP_156_4_0;RMAP_156_6_0;RMAP_156_7_0;RMAP_156_7_1;RMAP_156_9_0;RMAP_156_10_0;RMAP_156_10_1;RMAP_156_12_0;RMAP_156_13_0,RMAP_159_10_0;RMAP_159_10_1
F156_051_00,D07_SAFETY_GOTO,6841,F159_051_00,13,entrance-id-missing,,RMAP_156_1_0;RMAP_156_3_0;RMAP_156_3_1;RMAP_156_4_0;RMAP_156_6_0;RMAP_156_7_0;RMAP_156_7_1;RMAP_156_9_0;RMAP_156_10_0;RMAP_156_10_1;RMAP_156_12_0;RMAP_156_13_0,RMAP_159_1_0;RMAP_159_3_0;RMAP_159_3_1;RMAP_159_6_0;RMAP_159_6_1;RMAP_159_6_2;RMAP_159_6_3;RMAP_159_7_0;RMAP_159_7_1;RMAP_159_10_0;RMAP_159_10_1;RMAP_159_11_0;RMAP_159_11_1;RMAP_159_11_2;RMAP_159_11_3
F156_051_00,D07_SAFETY_GOTO,6850,F159_025_00,20,field-and-entrance-resolved,,RMAP_156_1_0;RMAP_156_3_0;RMAP_156_3_1;RMAP_156_4_0;RMAP_156_6_0;RMAP_156_7_0;RMAP_156_7_1;RMAP_156_9_0;RMAP_156_10_0;RMAP_156_10_1;RMAP_156_12_0;RMAP_156_13_0,RMAP_159_25_0;RMAP_159_25_1
F156_051_00,D07_SAFETY_GOTO,6854,F159_051_00,17,entrance-id-missing,,RMAP_156_1_0;RMAP_156_3_0;RMAP_156_3_1;RMAP_156_4_0;RMAP_156_6_0;RMAP_156_7_0;RMAP_156_7_1;RMAP_156_9_0;RMAP_156_10_0;RMAP_156_10_1;RMAP_156_12_0;RMAP_156_13_0,RMAP_159_1_0;RMAP_159_3_0;RMAP_159_3_1;RMAP_159_6_0;RMAP_159_6_1;RMAP_159_6_2;RMAP_159_6_3;RMAP_159_7_0;RMAP_159_7_1;RMAP_159_10_0;RMAP_159_10_1;RMAP_159_11_0;RMAP_159_11_1;RMAP_159_11_2;RMAP_159_11_3
F156_051_00,D07_SAFETY_GOTO,6863,F159_007_00,20,field-and-entrance-resolved,,RMAP_156_1_0;RMAP_156_3_0;RMAP_156_3_1;RMAP_156_4_0;RMAP_156_6_0;RMAP_156_7_0;RMAP_156_7_1;RMAP_156_9_0;RMAP_156_10_0;RMAP_156_10_1;RMAP_156_12_0;RMAP_156_13_0,RMAP_159_7_0;RMAP_159_7_1
F156_051_00,D07_SAFETY_GOTO,6867,F159_051_00,14,entrance-id-missing,,RMAP_156_1_0;RMAP_156_3_0;RMAP_156_3_1;RMAP_156_4_0;RMAP_156_6_0;RMAP_156_7_0;RMAP_156_7_1;RMAP_156_9_0;RMAP_156_10_0;RMAP_156_10_1;RMAP_156_12_0;RMAP_156_13_0,RMAP_159_1_0;RMAP_159_3_0;RMAP_159_3_1;RMAP_159_6_0;RMAP_159_6_1;RMAP_159_6_2;RMAP_159_6_3;RMAP_159_7_0;RMAP_159_7_1;RMAP_159_10_0;RMAP_159_10_1;RMAP_159_11_0;RMAP_159_11_1;RMAP_159_11_2;RMAP_159_11_3
F156_051_00,D07_SAFETY_GOTO,6876,F159_006_00,20,field-and-entrance-resolved,,RMAP_156_1_0;RMAP_156_3_0;RMAP_156_3_1;RMAP_156_4_0;RMAP_156_6_0;RMAP_156_7_0;RMAP_156_7_1;RMAP_156_9_0;RMAP_156_10_0;RMAP_156_10_1;RMAP_156_12_0;RMAP_156_13_0,RMAP_159_6_0;RMAP_159_6_1;RMAP_159_6_2;RMAP_159_6_3
F156_051_00,D07_SAFETY_GOTO,6880,F159_051_00,15,entrance-id-missing,,RMAP_156_1_0;RMAP_156_3_0;RMAP_156_3_1;RMAP_156_4_0;RMAP_156_6_0;RMAP_156_7_0;RMAP_156_7_1;RMAP_156_9_0;RMAP_156_10_0;RMAP_156_10_1;RMAP_156_12_0;RMAP_156_13_0,RMAP_159_1_0;RMAP_159_3_0;RMAP_159_3_1;RMAP_159_6_0;RMAP_159_6_1;RMAP_159_6_2;RMAP_159_6_3;RMAP_159_7_0;RMAP_159_7_1;RMAP_159_10_0;RMAP_159_10_1;RMAP_159_11_0;RMAP_159_11_1;RMAP_159_11_2;RMAP_159_11_3
F156_051_00,D07_SAFETY_GOTO,6889,F159_011_00,20,field-and-entrance-resolved,,RMAP_156_1_0;RMAP_156_3_0;RMAP_156_3_1;RMAP_156_4_0;RMAP_156_6_0;RMAP_156_7_0;RMAP_156_7_1;RMAP_156_9_0;RMAP_156_10_0;RMAP_156_10_1;RMAP_156_12_0;RMAP_156_13_0,RMAP_159_11_0;RMAP_159_11_1;RMAP_159_11_2;RMAP_159_11_3;RMAP_159_11_4
F156_051_00,D07_SAFETY_GOTO,6893,,,dynamic-arguments,,RMAP_156_1_0;RMAP_156_3_0;RMAP_156_3_1;RMAP_156_4_0;RMAP_156_6_0;RMAP_156_7_0;RMAP_156_7_1;RMAP_156_9_0;RMAP_156_10_0;RMAP_156_10_1;RMAP_156_12_0;RMAP_156_13_0,
F156_051_00,D07_SAFETY_GOTO,6902,F159_003_00,20,field-and-entrance-resolved,,RMAP_156_1_0;RMAP_156_3_0;RMAP_156_3_1;RMAP_156_4_0;RMAP_156_6_0;RMAP_156_7_0;RMAP_156_7_1;RMAP_156_9_0;RMAP_156_10_0;RMAP_156_10_1;RMAP_156_12_0;RMAP_156_13_0,RMAP_159_3_0;RMAP_159_3_1
F156_051_00,D07_SAFETY_GOTO,6906,F159_051_00,18,entrance-id-missing,,RMAP_156_1_0;RMAP_156_3_0;RMAP_156_3_1;RMAP_156_4_0;RMAP_156_6_0;RMAP_156_7_0;RMAP_156_7_1;RMAP_156_9_0;RMAP_156_10_0;RMAP_156_10_1;RMAP_156_12_0;RMAP_156_13_0,RMAP_159_1_0;RMAP_159_3_0;RMAP_159_3_1;RMAP_159_6_0;RMAP_159_6_1;RMAP_159_6_2;RMAP_159_6_3;RMAP_159_7_0;RMAP_159_7_1;RMAP_159_10_0;RMAP_159_10_1;RMAP_159_11_0;RMAP_159_11_1;RMAP_159_11_2;RMAP_159_11_3
F156_051_00,D08_SAFETY_GOTO,6936,F161_001_00,0,field-and-entrance-resolved,,RMAP_156_1_0;RMAP_156_3_0;RMAP_156_3_1;RMAP_156_4_0;RMAP_156_6_0;RMAP_156_7_0;RMAP_156_7_1;RMAP_156_9_0;RMAP_156_10_0;RMAP_156_10_1;RMAP_156_12_0;RMAP_156_13_0,RMAP_161_1_0
F156_051_00,D08_SAFETY_GOTO,6943,F161_006_00,20,field-and-entrance-resolved,,RMAP_156_1_0;RMAP_156_3_0;RMAP_156_3_1;RMAP_156_4_0;RMAP_156_6_0;RMAP_156_7_0;RMAP_156_7_1;RMAP_156_9_0;RMAP_156_10_0;RMAP_156_10_1;RMAP_156_12_0;RMAP_156_13_0,RMAP_161_6_0
F156_051_00,D08_SAFETY_GOTO,6947,F161_051_00,11,entrance-id-missing,,RMAP_156_1_0;RMAP_156_3_0;RMAP_156_3_1;RMAP_156_4_0;RMAP_156_6_0;RMAP_156_7_0;RMAP_156_7_1;RMAP_156_9_0;RMAP_156_10_0;RMAP_156_10_1;RMAP_156_12_0;RMAP_156_13_0,RMAP_160_1_0;RMAP_160_6_0;RMAP_161_1_0;RMAP_161_6_0;RMAP_161_10_0
F156_051_00,D08_SAFETY_GOTO,6956,F161_010_00,20,field-and-entrance-resolved,,RMAP_156_1_0;RMAP_156_3_0;RMAP_156_3_1;RMAP_156_4_0;RMAP_156_6_0;RMAP_156_7_0;RMAP_156_7_1;RMAP_156_9_0;RMAP_156_10_0;RMAP_156_10_1;RMAP_156_12_0;RMAP_156_13_0,RMAP_161_10_0
F156_051_00,D08_SAFETY_GOTO,6960,F161_051_00,12,entrance-id-missing,,RMAP_156_1_0;RMAP_156_3_0;RMAP_156_3_1;RMAP_156_4_0;RMAP_156_6_0;RMAP_156_7_0;RMAP_156_7_1;RMAP_156_9_0;RMAP_156_10_0;RMAP_156_10_1;RMAP_156_12_0;RMAP_156_13_0,RMAP_160_1_0;RMAP_160_6_0;RMAP_161_1_0;RMAP_161_6_0;RMAP_161_10_0
F156_051_00,D08_SAFETY_GOTO,6969,F161_003_00,20,field-and-entrance-resolved,,RMAP_156_1_0;RMAP_156_3_0;RMAP_156_3_1;RMAP_156_4_0;RMAP_156_6_0;RMAP_156_7_0;RMAP_156_7_1;RMAP_156_9_0;RMAP_156_10_0;RMAP_156_10_1;RMAP_156_12_0;RMAP_156_13_0,RMAP_161_3_0
F156_051_00,D08_SAFETY_GOTO,6973,F161_051_00,13,entrance-id-missing,,RMAP_156_1_0;RMAP_156_3_0;RMAP_156_3_1;RMAP_156_4_0;RMAP_156_6_0;RMAP_156_7_0;RMAP_156_7_1;RMAP_156_9_0;RMAP_156_10_0;RMAP_156_10_1;RMAP_156_12_0;RMAP_156_13_0,RMAP_160_1_0;RMAP_160_6_0;RMAP_161_1_0;RMAP_161_6_0;RMAP_161_10_0
F156_051_00,D08_SAFETY_GOTO,6982,F161_008_00,20,field-and-entrance-resolved,,RMAP_156_1_0;RMAP_156_3_0;RMAP_156_3_1;RMAP_156_4_0;RMAP_156_6_0;RMAP_156_7_0;RMAP_156_7_1;RMAP_156_9_0;RMAP_156_10_0;RMAP_156_10_1;RMAP_156_12_0;RMAP_156_13_0,RMAP_161_8_0
F156_051_00,D08_SAFETY_GOTO,6986,F161_051_00,14,entrance-id-missing,,RMAP_156_1_0;RMAP_156_3_0;RMAP_156_3_1;RMAP_156_4_0;RMAP_156_6_0;RMAP_156_7_0;RMAP_156_7_1;RMAP_156_9_0;RMAP_156_10_0;RMAP_156_10_1;RMAP_156_12_0;RMAP_156_13_0,RMAP_160_1_0;RMAP_160_6_0;RMAP_161_1_0;RMAP_161_6_0;RMAP_161_10_0
F156_051_00,LAST_SAFETY_GOTO,7016,F160_001_00,0,field-and-entrance-resolved,,RMAP_156_1_0;RMAP_156_3_0;RMAP_156_3_1;RMAP_156_4_0;RMAP_156_6_0;RMAP_156_7_0;RMAP_156_7_1;RMAP_156_9_0;RMAP_156_10_0;RMAP_156_10_1;RMAP_156_12_0;RMAP_156_13_0,RMAP_160_1_0
F156_051_00,LAST_SAFETY_GOTO,7023,F160_006_00,0,field-and-entrance-resolved,,RMAP_156_1_0;RMAP_156_3_0;RMAP_156_3_1;RMAP_156_4_0;RMAP_156_6_0;RMAP_156_7_0;RMAP_156_7_1;RMAP_156_9_0;RMAP_156_10_0;RMAP_156_10_1;RMAP_156_12_0;RMAP_156_13_0,RMAP_160_6_0
F156_051_00,LAST_SAFETY_GOTO,7027,F160_006_00,0,field-and-entrance-resolved,,RMAP_156_1_0;RMAP_156_3_0;RMAP_156_3_1;RMAP_156_4_0;RMAP_156_6_0;RMAP_156_7_0;RMAP_156_7_1;RMAP_156_9_0;RMAP_156_10_0;RMAP_156_10_1;RMAP_156_12_0;RMAP_156_13_0,RMAP_160_6_0
F156_051_00,D10_SAFETY_GOTO,7057,F162_001_00,20,field-and-entrance-resolved,,RMAP_156_1_0;RMAP_156_3_0;RMAP_156_3_1;RMAP_156_4_0;RMAP_156_6_0;RMAP_156_7_0;RMAP_156_7_1;RMAP_156_9_0;RMAP_156_10_0;RMAP_156_10_1;RMAP_156_12_0;RMAP_156_13_0,RMAP_162_1_0
F156_051_00,D10_SAFETY_GOTO,7064,F162_003_00,20,field-and-entrance-resolved,,RMAP_156_1_0;RMAP_156_3_0;RMAP_156_3_1;RMAP_156_4_0;RMAP_156_6_0;RMAP_156_7_0;RMAP_156_7_1;RMAP_156_9_0;RMAP_156_10_0;RMAP_156_10_1;RMAP_156_12_0;RMAP_156_13_0,RMAP_162_3_0;RMAP_162_3_1
F156_051_00,D10_SAFETY_GOTO,7068,F162_051_00,11,entrance-id-missing,,RMAP_156_1_0;RMAP_156_3_0;RMAP_156_3_1;RMAP_156_4_0;RMAP_156_6_0;RMAP_156_7_0;RMAP_156_7_1;RMAP_156_9_0;RMAP_156_10_0;RMAP_156_10_1;RMAP_156_12_0;RMAP_156_13_0,RMAP_162_1_0;RMAP_162_3_0;RMAP_162_4_0;RMAP_162_9_0;RMAP_162_11_0;RMAP_162_12_0;RMAP_162_14_0;RMAP_162_15_0
F156_051_00,D10_SAFETY_GOTO,7077,F162_009_00,20,field-and-entrance-resolved,,RMAP_156_1_0;RMAP_156_3_0;RMAP_156_3_1;RMAP_156_4_0;RMAP_156_6_0;RMAP_156_7_0;RMAP_156_7_1;RMAP_156_9_0;RMAP_156_10_0;RMAP_156_10_1;RMAP_156_12_0;RMAP_156_13_0,RMAP_162_9_0;RMAP_162_9_1;RMAP_162_9_2;RMAP_162_9_3;RMAP_162_9_4
F156_051_00,D10_SAFETY_GOTO,7081,F162_051_00,12,entrance-id-missing,,RMAP_156_1_0;RMAP_156_3_0;RMAP_156_3_1;RMAP_156_4_0;RMAP_156_6_0;RMAP_156_7_0;RMAP_156_7_1;RMAP_156_9_0;RMAP_156_10_0;RMAP_156_10_1;RMAP_156_12_0;RMAP_156_13_0,RMAP_162_1_0;RMAP_162_3_0;RMAP_162_4_0;RMAP_162_9_0;RMAP_162_11_0;RMAP_162_12_0;RMAP_162_14_0;RMAP_162_15_0
F156_051_00,D10_SAFETY_GOTO,7090,F162_014_00,20,field-and-entrance-resolved,,RMAP_156_1_0;RMAP_156_3_0;RMAP_156_3_1;RMAP_156_4_0;RMAP_156_6_0;RMAP_156_7_0;RMAP_156_7_1;RMAP_156_9_0;RMAP_156_10_0;RMAP_156_10_1;RMAP_156_12_0;RMAP_156_13_0,RMAP_162_14_0;RMAP_162_14_1;RMAP_162_14_2;RMAP_162_14_3
F156_051_00,D10_SAFETY_GOTO,7094,F162_052_00,13,entrance-id-missing,,RMAP_156_1_0;RMAP_156_3_0;RMAP_156_3_1;RMAP_156_4_0;RMAP_156_6_0;RMAP_156_7_0;RMAP_156_7_1;RMAP_156_9_0;RMAP_156_10_0;RMAP_156_10_1;RMAP_156_12_0;RMAP_156_13_0,RMAP_162_1_0;RMAP_162_3_0;RMAP_162_4_0;RMAP_162_9_0;RMAP_162_11_0;RMAP_162_12_0;RMAP_162_14_0;RMAP_162_15_0
F156_051_00,D10_SAFETY_GOTO,7103,F162_015_00,20,field-and-entrance-resolved,,RMAP_156_1_0;RMAP_156_3_0;RMAP_156_3_1;RMAP_156_4_0;RMAP_156_6_0;RMAP_156_7_0;RMAP_156_7_1;RMAP_156_9_0;RMAP_156_10_0;RMAP_156_10_1;RMAP_156_12_0;RMAP_156_13_0,RMAP_162_15_0;RMAP_162_15_1;RMAP_162_15_2
F156_051_00,D10_SAFETY_GOTO,7107,F162_052_00,14,entrance-id-missing,,RMAP_156_1_0;RMAP_156_3_0;RMAP_156_3_1;RMAP_156_4_0;RMAP_156_6_0;RMAP_156_7_0;RMAP_156_7_1;RMAP_156_9_0;RMAP_156_10_0;RMAP_156_10_1;RMAP_156_12_0;RMAP_156_13_0,RMAP_162_1_0;RMAP_162_3_0;RMAP_162_4_0;RMAP_162_9_0;RMAP_162_11_0;RMAP_162_12_0;RMAP_162_14_0;RMAP_162_15_0
F156_051_00,D10_SAFETY_GOTO,7116,F162_012_00,20,field-and-entrance-resolved,,RMAP_156_1_0;RMAP_156_3_0;RMAP_156_3_1;RMAP_156_4_0;RMAP_156_6_0;RMAP_156_7_0;RMAP_156_7_1;RMAP_156_9_0;RMAP_156_10_0;RMAP_156_10_1;RMAP_156_12_0;RMAP_156_13_0,RMAP_162_12_0;RMAP_162_12_1
F156_051_00,D10_SAFETY_GOTO,7120,F162_052_00,15,entrance-id-missing,,RMAP_156_1_0;RMAP_156_3_0;RMAP_156_3_1;RMAP_156_4_0;RMAP_156_6_0;RMAP_156_7_0;RMAP_156_7_1;RMAP_156_9_0;RMAP_156_10_0;RMAP_156_10_1;RMAP_156_12_0;RMAP_156_13_0,RMAP_162_1_0;RMAP_162_3_0;RMAP_162_4_0;RMAP_162_9_0;RMAP_162_11_0;RMAP_162_12_0;RMAP_162_14_0;RMAP_162_15_0
F156_051_00,D10_SAFETY_GOTO,7129,F162_005_00,20,entrance-id-missing,,RMAP_156_1_0;RMAP_156_3_0;RMAP_156_3_1;RMAP_156_4_0;RMAP_156_6_0;RMAP_156_7_0;RMAP_156_7_1;RMAP_156_9_0;RMAP_156_10_0;RMAP_156_10_1;RMAP_156_12_0;RMAP_156_13_0,RMAP_162_5_0
F156_051_00,D10_SAFETY_GOTO,7133,,,dynamic-arguments,,RMAP_156_1_0;RMAP_156_3_0;RMAP_156_3_1;RMAP_156_4_0;RMAP_156_6_0;RMAP_156_7_0;RMAP_156_7_1;RMAP_156_9_0;RMAP_156_10_0;RMAP_156_10_1;RMAP_156_12_0;RMAP_156_13_0,
F156_051_00,D10_SAFETY_GOTO,7142,,,dynamic-arguments,,RMAP_156_1_0;RMAP_156_3_0;RMAP_156_3_1;RMAP_156_4_0;RMAP_156_6_0;RMAP_156_7_0;RMAP_156_7_1;RMAP_156_9_0;RMAP_156_10_0;RMAP_156_10_1;RMAP_156_12_0;RMAP_156_13_0,
F156_051_00,D10_SAFETY_GOTO,7146,F162_052_00,17,entrance-id-missing,,RMAP_156_1_0;RMAP_156_3_0;RMAP_156_3_1;RMAP_156_4_0;RMAP_156_6_0;RMAP_156_7_0;RMAP_156_7_1;RMAP_156_9_0;RMAP_156_10_0;RMAP_156_10_1;RMAP_156_12_0;RMAP_156_13_0,RMAP_162_1_0;RMAP_162_3_0;RMAP_162_4_0;RMAP_162_9_0;RMAP_162_11_0;RMAP_162_12_0;RMAP_162_14_0;RMAP_162_15_0
F156_051_00,D10_SAFETY_GOTO,7155,F162_002_00,20,field-and-entrance-resolved,,RMAP_156_1_0;RMAP_156_3_0;RMAP_156_3_1;RMAP_156_4_0;RMAP_156_6_0;RMAP_156_7_0;RMAP_156_7_1;RMAP_156_9_0;RMAP_156_10_0;RMAP_156_10_1;RMAP_156_12_0;RMAP_156_13_0,RMAP_162_2_0;RMAP_162_2_1;RMAP_162_2_2;RMAP_162_2_3
F156_051_00,D10_SAFETY_GOTO,7159,F162_051_00,18,entrance-id-missing,,RMAP_156_1_0;RMAP_156_3_0;RMAP_156_3_1;RMAP_156_4_0;RMAP_156_6_0;RMAP_156_7_0;RMAP_156_7_1;RMAP_156_9_0;RMAP_156_10_0;RMAP_156_10_1;RMAP_156_12_0;RMAP_156_13_0,RMAP_162_1_0;RMAP_162_3_0;RMAP_162_4_0;RMAP_162_9_0;RMAP_162_11_0;RMAP_162_12_0;RMAP_162_14_0;RMAP_162_15_0
F156_051_00,D10_SAFETY_GOTO,7168,F162_011_00,20,field-and-entrance-resolved,,RMAP_156_1_0;RMAP_156_3_0;RMAP_156_3_1;RMAP_156_4_0;RMAP_156_6_0;RMAP_156_7_0;RMAP_156_7_1;RMAP_156_9_0;RMAP_156_10_0;RMAP_156_10_1;RMAP_156_12_0;RMAP_156_13_0,RMAP_162_11_0;RMAP_162_11_1;RMAP_162_11_2
F156_051_00,D10_SAFETY_GOTO,7172,F162_052_00,19,entrance-id-missing,,RMAP_156_1_0;RMAP_156_3_0;RMAP_156_3_1;RMAP_156_4_0;RMAP_156_6_0;RMAP_156_7_0;RMAP_156_7_1;RMAP_156_9_0;RMAP_156_10_0;RMAP_156_10_1;RMAP_156_12_0;RMAP_156_13_0,RMAP_162_1_0;RMAP_162_3_0;RMAP_162_4_0;RMAP_162_9_0;RMAP_162_11_0;RMAP_162_12_0;RMAP_162_14_0;RMAP_162_15_0
F157_001_00,MOVE_157_004,175,F157_004_00,0,field-and-entrance-resolved,,RMAP_157_1_0;RMAP_157_1_1,RMAP_157_4_0;RMAP_157_4_1
F157_001_00,D06_01_e379_015_START,273,F157_004_00,0,field-and-entrance-resolved,,RMAP_157_1_0;RMAP_157_1_1,RMAP_157_4_0;RMAP_157_4_1
F157_001_00,D_VELVET_ROOM,2732,F010_003_00,0,field-and-entrance-resolved,1,RMAP_157_1_0;RMAP_157_1_1,RMAP_001_1_0
F157_001_00,DUNGEON_EXIT_DEBUG,3086,F003_002_01,50,field-and-entrance-resolved,0,RMAP_157_1_0;RMAP_157_1_1,RMAP_009_2_0
F157_001_00,DUNGEON_EXIT_DEBUG_EX,3093,F157_001_00,2,field-and-entrance-resolved,0,RMAP_157_1_0;RMAP_157_1_1,RMAP_157_1_0;RMAP_157_1_1
F157_002_00,D00_BATTLE_EV01,65,F157_002_00,2,field-and-entrance-resolved,0,,
F157_004_00,MOVE_157_001,66,F157_001_00,1,field-and-entrance-resolved,,RMAP_157_4_0;RMAP_157_4_1,RMAP_157_1_0;RMAP_157_1_1
F157_004_00,MOVE_EV_157_004,131,F157_011_00,0,field-and-entrance-resolved,"0,2",RMAP_157_4_0;RMAP_157_4_1,RMAP_157_11_0;RMAP_157_11_1;RMAP_157_11_2
F157_004_00,MOVE_EV_157_004,149,F157_006_00,0,field-and-entrance-resolved,"0,2",RMAP_157_4_0;RMAP_157_4_1,RMAP_157_6_0
F157_004_00,KENJI_FIRST_CONTACT_TALK,209,F157_004_00,10,field-and-entrance-resolved,21,RMAP_157_4_0;RMAP_157_4_1,RMAP_157_4_0;RMAP_157_4_1
F157_004_00,AKECHI_FIRSTBATTLE_EV,254,F157_004_00,50,field-and-entrance-resolved,,RMAP_157_4_0;RMAP_157_4_1,RMAP_157_4_0;RMAP_157_4_1
F157_004_00,MOVE_157_005,275,F157_005_00,0,field-and-entrance-resolved,,RMAP_157_4_0;RMAP_157_4_1,RMAP_157_5_0
F157_006_00,MOVE_157_006_EV,39,F157_011_00,0,field-and-entrance-resolved,"0,6",RMAP_157_6_0,RMAP_157_11_0;RMAP_157_11_1;RMAP_157_11_2
F157_007_00,DUCT_157_007_A_A_IN,109,F157_008_00,0,field-and-entrance-resolved,0,RMAP_157_7_0,RMAP_157_8_0;RMAP_157_8_1
F157_007_00,SAIKORO_SAIKU,210,F157_007_00,3,field-and-entrance-resolved,,RMAP_157_7_0,RMAP_157_7_0
F157_008_00,DUCT_157_008_A_IN,94,F157_007_00,2,field-and-entrance-resolved,0,RMAP_157_8_0;RMAP_157_8_1,RMAP_157_7_0
F157_009_00,TERMINAL_CHECK_01,127,F157_010_00,0,field-and-entrance-resolved,11,RMAP_157_9_0;RMAP_157_9_1,RMAP_157_10_0;RMAP_157_10_1
F157_009_00,TERMINAL_CHECK_03,158,F157_010_00,0,field-and-entrance-resolved,13,RMAP_157_9_0;RMAP_157_9_1,RMAP_157_10_0;RMAP_157_10_1
F157_009_00,TERMINAL_CHECK_04,177,F157_010_00,0,field-and-entrance-resolved,14,RMAP_157_9_0;RMAP_157_9_1,RMAP_157_10_0;RMAP_157_10_1
F157_010_00,D6_BIG_SLOT_GAME_DEFAULT,199,F157_006_00,1,field-and-entrance-resolved,8,RMAP_157_10_0;RMAP_157_10_1,RMAP_157_6_0
F157_011_00,F157_011_SETUMEI,97,F157_011_00,50,field-and-entrance-resolved,1,RMAP_157_11_0;RMAP_157_11_1;RMAP_157_11_2,RMAP_157_11_0;RMAP_157_11_1;RMAP_157_11_2
F157_014_00,MOVE_157_014,40,F157_018_00,0,field-and-entrance-resolved,0,,
F157_014_00,MOVE_157_014,48,F157_011_00,0,field-and-entrance-resolved,0,,RMAP_157_11_0;RMAP_157_11_1;RMAP_157_11_2
F157_014_00,MOVE_157_014,56,F157_006_00,0,field-and-entrance-resolved,0,,RMAP_157_6_0
F157_014_00,MOVE_157_014,64,F157_004_00,3,field-and-entrance-resolved,0,,RMAP_157_4_0;RMAP_157_4_1
F157_016_00,POKER_MAE,112,,,dynamic-arguments,0,RMAP_157_16_0;RMAP_157_16_1,
F157_051_00,GOTO_ENTRANCE_ACTION,4265,F151_001_00,2,field-and-entrance-resolved,"1,2",RMAP_157_1_0;RMAP_157_1_1;RMAP_157_4_0;RMAP_157_4_1;RMAP_157_5_0;RMAP_157_5_1;RMAP_157_6_0;RMAP_157_8_0;RMAP_157_8_1;RMAP_157_11_0;RMAP_157_12_0;RMAP_157_13_0;RMAP_157_15_0,RMAP_151_1_0;RMAP_151_1_1
F157_051_00,GOTO_ENTRANCE_ACTION,4269,F153_001_00,2,field-and-entrance-resolved,"1,2",RMAP_157_1_0;RMAP_157_1_1;RMAP_157_4_0;RMAP_157_4_1;RMAP_157_5_0;RMAP_157_5_1;RMAP_157_6_0;RMAP_157_8_0;RMAP_157_8_1;RMAP_157_11_0;RMAP_157_12_0;RMAP_157_13_0;RMAP_157_15_0,RMAP_153_1_0
F157_051_00,GOTO_ENTRANCE_ACTION,4273,F154_001_00,2,field-and-entrance-resolved,"1,2",RMAP_157_1_0;RMAP_157_1_1;RMAP_157_4_0;RMAP_157_4_1;RMAP_157_5_0;RMAP_157_5_1;RMAP_157_6_0;RMAP_157_8_0;RMAP_157_8_1;RMAP_157_11_0;RMAP_157_12_0;RMAP_157_13_0;RMAP_157_15_0,RMAP_154_1_0
F157_051_00,GOTO_ENTRANCE_ACTION,4277,F155_001_00,5,field-and-entrance-resolved,"1,2",RMAP_157_1_0;RMAP_157_1_1;RMAP_157_4_0;RMAP_157_4_1;RMAP_157_5_0;RMAP_157_5_1;RMAP_157_6_0;RMAP_157_8_0;RMAP_157_8_1;RMAP_157_11_0;RMAP_157_12_0;RMAP_157_13_0;RMAP_157_15_0,RMAP_155_1_0
F157_051_00,GOTO_ENTRANCE_ACTION,4281,F156_001_00,2,field-and-entrance-resolved,"1,2",RMAP_157_1_0;RMAP_157_1_1;RMAP_157_4_0;RMAP_157_4_1;RMAP_157_5_0;RMAP_157_5_1;RMAP_157_6_0;RMAP_157_8_0;RMAP_157_8_1;RMAP_157_11_0;RMAP_157_12_0;RMAP_157_13_0;RMAP_157_15_0,RMAP_156_1_0
F157_051_00,GOTO_ENTRANCE_ACTION,4285,F157_001_00,2,field-and-entrance-resolved,"1,2",RMAP_157_1_0;RMAP_157_1_1;RMAP_157_4_0;RMAP_157_4_1;RMAP_157_5_0;RMAP_157_5_1;RMAP_157_6_0;RMAP_157_8_0;RMAP_157_8_1;RMAP_157_11_0;RMAP_157_12_0;RMAP_157_13_0;RMAP_157_15_0,RMAP_157_1_0;RMAP_157_1_1
F157_051_00,GOTO_ENTRANCE_ACTION,4289,F159_001_00,2,field-and-entrance-resolved,"1,2",RMAP_157_1_0;RMAP_157_1_1;RMAP_157_4_0;RMAP_157_4_1;RMAP_157_5_0;RMAP_157_5_1;RMAP_157_6_0;RMAP_157_8_0;RMAP_157_8_1;RMAP_157_11_0;RMAP_157_12_0;RMAP_157_13_0;RMAP_157_15_0,RMAP_159_1_0
F157_051_00,GOTO_ENTRANCE_ACTION,4293,F161_001_00,0,field-and-entrance-resolved,"1,2",RMAP_157_1_0;RMAP_157_1_1;RMAP_157_4_0;RMAP_157_4_1;RMAP_157_5_0;RMAP_157_5_1;RMAP_157_6_0;RMAP_157_8_0;RMAP_157_8_1;RMAP_157_11_0;RMAP_157_12_0;RMAP_157_13_0;RMAP_157_15_0,RMAP_161_1_0
F157_051_00,GOTO_ENTRANCE_ACTION,4297,F162_001_00,20,field-and-entrance-resolved,"1,2",RMAP_157_1_0;RMAP_157_1_1;RMAP_157_4_0;RMAP_157_4_1;RMAP_157_5_0;RMAP_157_5_1;RMAP_157_6_0;RMAP_157_8_0;RMAP_157_8_1;RMAP_157_11_0;RMAP_157_12_0;RMAP_157_13_0;RMAP_157_15_0,RMAP_162_1_0
F157_051_00,GOTO_M_ENTRANCE_ACTION,4314,F190_001_00,1,field-and-entrance-resolved,"1,2",RMAP_157_1_0;RMAP_157_1_1;RMAP_157_4_0;RMAP_157_4_1;RMAP_157_5_0;RMAP_157_5_1;RMAP_157_6_0;RMAP_157_8_0;RMAP_157_8_1;RMAP_157_11_0;RMAP_157_12_0;RMAP_157_13_0;RMAP_157_15_0,RMAP_190_1_0
F157_051_00,DEBUG_GOTO_FIELD,4680,F002_005_00,10,field-and-entrance-resolved,,RMAP_157_1_0;RMAP_157_1_1;RMAP_157_4_0;RMAP_157_4_1;RMAP_157_5_0;RMAP_157_5_1;RMAP_157_6_0;RMAP_157_8_0;RMAP_157_8_1;RMAP_157_11_0;RMAP_157_12_0;RMAP_157_13_0;RMAP_157_15_0,RMAP_002_5_0
F157_051_00,DEBUG_GOTO_FIELD,4684,F001_006_00,10,field-and-entrance-resolved,,RMAP_157_1_0;RMAP_157_1_1;RMAP_157_4_0;RMAP_157_4_1;RMAP_157_5_0;RMAP_157_5_1;RMAP_157_6_0;RMAP_157_8_0;RMAP_157_8_1;RMAP_157_11_0;RMAP_157_12_0;RMAP_157_13_0;RMAP_157_15_0,RMAP_001_5_0
F157_051_00,DEBUG_GOTO_FIELD,4688,F001_006_00,10,field-and-entrance-resolved,,RMAP_157_1_0;RMAP_157_1_1;RMAP_157_4_0;RMAP_157_4_1;RMAP_157_5_0;RMAP_157_5_1;RMAP_157_6_0;RMAP_157_8_0;RMAP_157_8_1;RMAP_157_11_0;RMAP_157_12_0;RMAP_157_13_0;RMAP_157_15_0,RMAP_001_5_0
F157_051_00,DEBUG_GOTO_FIELD,4692,F003_002_01,50,field-and-entrance-resolved,,RMAP_157_1_0;RMAP_157_1_1;RMAP_157_4_0;RMAP_157_4_1;RMAP_157_5_0;RMAP_157_5_1;RMAP_157_6_0;RMAP_157_8_0;RMAP_157_8_1;RMAP_157_11_0;RMAP_157_12_0;RMAP_157_13_0;RMAP_157_15_0,RMAP_009_2_0
F157_051_00,DEBUG_GOTO_FIELD,4696,F003_002_01,50,field-and-entrance-resolved,,RMAP_157_1_0;RMAP_157_1_1;RMAP_157_4_0;RMAP_157_4_1;RMAP_157_5_0;RMAP_157_5_1;RMAP_157_6_0;RMAP_157_8_0;RMAP_157_8_1;RMAP_157_11_0;RMAP_157_12_0;RMAP_157_13_0;RMAP_157_15_0,RMAP_009_2_0
F157_051_00,DEBUG_GOTO_FIELD,4700,F003_002_01,50,field-and-entrance-resolved,,RMAP_157_1_0;RMAP_157_1_1;RMAP_157_4_0;RMAP_157_4_1;RMAP_157_5_0;RMAP_157_5_1;RMAP_157_6_0;RMAP_157_8_0;RMAP_157_8_1;RMAP_157_11_0;RMAP_157_12_0;RMAP_157_13_0;RMAP_157_15_0,RMAP_009_2_0
F157_051_00,DEBUG_GOTO_FIELD,4704,F003_002_00,51,field-and-entrance-resolved,,RMAP_157_1_0;RMAP_157_1_1;RMAP_157_4_0;RMAP_157_4_1;RMAP_157_5_0;RMAP_157_5_1;RMAP_157_6_0;RMAP_157_8_0;RMAP_157_8_1;RMAP_157_11_0;RMAP_157_12_0;RMAP_157_13_0;RMAP_157_15_0,RMAP_009_2_0
F157_051_00,DEBUG_GOTO_FIELD,4708,F003_002_00,51,field-and-entrance-resolved,,RMAP_157_1_0;RMAP_157_1_1;RMAP_157_4_0;RMAP_157_4_1;RMAP_157_5_0;RMAP_157_5_1;RMAP_157_6_0;RMAP_157_8_0;RMAP_157_8_1;RMAP_157_11_0;RMAP_157_12_0;RMAP_157_13_0;RMAP_157_15_0,RMAP_009_2_0
F157_051_00,DEBUG_GOTO_FIELD,4712,F003_002_00,51,field-and-entrance-resolved,,RMAP_157_1_0;RMAP_157_1_1;RMAP_157_4_0;RMAP_157_4_1;RMAP_157_5_0;RMAP_157_5_1;RMAP_157_6_0;RMAP_157_8_0;RMAP_157_8_1;RMAP_157_11_0;RMAP_157_12_0;RMAP_157_13_0;RMAP_157_15_0,RMAP_009_2_0
F157_051_00,DEBUG_GOTO_FIELD,4716,F003_002_00,51,field-and-entrance-resolved,,RMAP_157_1_0;RMAP_157_1_1;RMAP_157_4_0;RMAP_157_4_1;RMAP_157_5_0;RMAP_157_5_1;RMAP_157_6_0;RMAP_157_8_0;RMAP_157_8_1;RMAP_157_11_0;RMAP_157_12_0;RMAP_157_13_0;RMAP_157_15_0,RMAP_009_2_0
F157_051_00,D01_SAFETY_GOTO,6069,F151_001_00,2,field-and-entrance-resolved,,RMAP_157_1_0;RMAP_157_1_1;RMAP_157_4_0;RMAP_157_4_1;RMAP_157_5_0;RMAP_157_5_1;RMAP_157_6_0;RMAP_157_8_0;RMAP_157_8_1;RMAP_157_11_0;RMAP_157_12_0;RMAP_157_13_0;RMAP_157_15_0,RMAP_151_1_0;RMAP_151_1_1
F157_051_00,D01_SAFETY_GOTO,6076,F152_001_00,20,field-and-entrance-resolved,,RMAP_157_1_0;RMAP_157_1_1;RMAP_157_4_0;RMAP_157_4_1;RMAP_157_5_0;RMAP_157_5_1;RMAP_157_6_0;RMAP_157_8_0;RMAP_157_8_1;RMAP_157_11_0;RMAP_157_12_0;RMAP_157_13_0;RMAP_157_15_0,RMAP_152_1_0;RMAP_152_1_1
F157_051_00,D01_SAFETY_GOTO,6080,F152_051_00,21,entrance-id-missing,,RMAP_157_1_0;RMAP_157_1_1;RMAP_157_4_0;RMAP_157_4_1;RMAP_157_5_0;RMAP_157_5_1;RMAP_157_6_0;RMAP_157_8_0;RMAP_157_8_1;RMAP_157_11_0;RMAP_157_12_0;RMAP_157_13_0;RMAP_157_15_0,RMAP_151_1_0;RMAP_151_2_0;RMAP_151_3_0;RMAP_151_5_0;RMAP_151_7_0;RMAP_151_11_0;RMAP_152_1_0;RMAP_152_1_1
F157_051_00,D01_SAFETY_GOTO,6089,F151_014_00,20,field-and-entrance-resolved,,RMAP_157_1_0;RMAP_157_1_1;RMAP_157_4_0;RMAP_157_4_1;RMAP_157_5_0;RMAP_157_5_1;RMAP_157_6_0;RMAP_157_8_0;RMAP_157_8_1;RMAP_157_11_0;RMAP_157_12_0;RMAP_157_13_0;RMAP_157_15_0,RMAP_151_2_0;RMAP_151_2_1;RMAP_151_2_2
F157_051_00,D01_SAFETY_GOTO,6093,F151_051_00,11,entrance-id-missing,,RMAP_157_1_0;RMAP_157_1_1;RMAP_157_4_0;RMAP_157_4_1;RMAP_157_5_0;RMAP_157_5_1;RMAP_157_6_0;RMAP_157_8_0;RMAP_157_8_1;RMAP_157_11_0;RMAP_157_12_0;RMAP_157_13_0;RMAP_157_15_0,RMAP_151_1_0;RMAP_151_2_0;RMAP_151_3_0;RMAP_151_5_0;RMAP_151_7_0;RMAP_151_11_0;RMAP_152_1_0;RMAP_152_1_1
F157_051_00,D01_SAFETY_GOTO,6102,F151_002_00,20,field-and-entrance-resolved,,RMAP_157_1_0;RMAP_157_1_1;RMAP_157_4_0;RMAP_157_4_1;RMAP_157_5_0;RMAP_157_5_1;RMAP_157_6_0;RMAP_157_8_0;RMAP_157_8_1;RMAP_157_11_0;RMAP_157_12_0;RMAP_157_13_0;RMAP_157_15_0,RMAP_151_2_0;RMAP_151_2_1;RMAP_151_2_2
F157_051_00,D01_SAFETY_GOTO,6106,F151_051_00,12,entrance-id-missing,,RMAP_157_1_0;RMAP_157_1_1;RMAP_157_4_0;RMAP_157_4_1;RMAP_157_5_0;RMAP_157_5_1;RMAP_157_6_0;RMAP_157_8_0;RMAP_157_8_1;RMAP_157_11_0;RMAP_157_12_0;RMAP_157_13_0;RMAP_157_15_0,RMAP_151_1_0;RMAP_151_2_0;RMAP_151_3_0;RMAP_151_5_0;RMAP_151_7_0;RMAP_151_11_0;RMAP_152_1_0;RMAP_152_1_1
F157_051_00,D01_SAFETY_GOTO,6115,F151_004_00,20,field-and-entrance-resolved,,RMAP_157_1_0;RMAP_157_1_1;RMAP_157_4_0;RMAP_157_4_1;RMAP_157_5_0;RMAP_157_5_1;RMAP_157_6_0;RMAP_157_8_0;RMAP_157_8_1;RMAP_157_11_0;RMAP_157_12_0;RMAP_157_13_0;RMAP_157_15_0,RMAP_151_4_0;RMAP_151_4_1;RMAP_151_4_2
F157_051_00,D01_SAFETY_GOTO,6119,F151_051_00,13,entrance-id-missing,,RMAP_157_1_0;RMAP_157_1_1;RMAP_157_4_0;RMAP_157_4_1;RMAP_157_5_0;RMAP_157_5_1;RMAP_157_6_0;RMAP_157_8_0;RMAP_157_8_1;RMAP_157_11_0;RMAP_157_12_0;RMAP_157_13_0;RMAP_157_15_0,RMAP_151_1_0;RMAP_151_2_0;RMAP_151_3_0;RMAP_151_5_0;RMAP_151_7_0;RMAP_151_11_0;RMAP_152_1_0;RMAP_152_1_1
F157_051_00,D01_SAFETY_GOTO,6128,F151_005_00,20,field-and-entrance-resolved,,RMAP_157_1_0;RMAP_157_1_1;RMAP_157_4_0;RMAP_157_4_1;RMAP_157_5_0;RMAP_157_5_1;RMAP_157_6_0;RMAP_157_8_0;RMAP_157_8_1;RMAP_157_11_0;RMAP_157_12_0;RMAP_157_13_0;RMAP_157_15_0,RMAP_151_5_0;RMAP_151_5_1;RMAP_151_5_2
F157_051_00,D01_SAFETY_GOTO,6132,F151_051_00,14,entrance-id-missing,,RMAP_157_1_0;RMAP_157_1_1;RMAP_157_4_0;RMAP_157_4_1;RMAP_157_5_0;RMAP_157_5_1;RMAP_157_6_0;RMAP_157_8_0;RMAP_157_8_1;RMAP_157_11_0;RMAP_157_12_0;RMAP_157_13_0;RMAP_157_15_0,RMAP_151_1_0;RMAP_151_2_0;RMAP_151_3_0;RMAP_151_5_0;RMAP_151_7_0;RMAP_151_11_0;RMAP_152_1_0;RMAP_152_1_1
F157_051_00,D01_SAFETY_GOTO,6141,F151_007_00,20,field-and-entrance-resolved,,RMAP_157_1_0;RMAP_157_1_1;RMAP_157_4_0;RMAP_157_4_1;RMAP_157_5_0;RMAP_157_5_1;RMAP_157_6_0;RMAP_157_8_0;RMAP_157_8_1;RMAP_157_11_0;RMAP_157_12_0;RMAP_157_13_0;RMAP_157_15_0,RMAP_151_7_0
F157_051_00,D01_SAFETY_GOTO,6145,F151_051_00,31,entrance-id-missing,,RMAP_157_1_0;RMAP_157_1_1;RMAP_157_4_0;RMAP_157_4_1;RMAP_157_5_0;RMAP_157_5_1;RMAP_157_6_0;RMAP_157_8_0;RMAP_157_8_1;RMAP_157_11_0;RMAP_157_12_0;RMAP_157_13_0;RMAP_157_15_0,RMAP_151_1_0;RMAP_151_2_0;RMAP_151_3_0;RMAP_151_5_0;RMAP_151_7_0;RMAP_151_11_0;RMAP_152_1_0;RMAP_152_1_1
F157_051_00,D01_SAFETY_GOTO,6154,F151_011_00,1,field-and-entrance-resolved,,RMAP_157_1_0;RMAP_157_1_1;RMAP_157_4_0;RMAP_157_4_1;RMAP_157_5_0;RMAP_157_5_1;RMAP_157_6_0;RMAP_157_8_0;RMAP_157_8_1;RMAP_157_11_0;RMAP_157_12_0;RMAP_157_13_0;RMAP_157_15_0,RMAP_151_11_0;RMAP_151_11_1
F157_051_00,D01_SAFETY_GOTO,6158,,,dynamic-arguments,,RMAP_157_1_0;RMAP_157_1_1;RMAP_157_4_0;RMAP_157_4_1;RMAP_157_5_0;RMAP_157_5_1;RMAP_157_6_0;RMAP_157_8_0;RMAP_157_8_1;RMAP_157_11_0;RMAP_157_12_0;RMAP_157_13_0;RMAP_157_15_0,
F157_051_00,D02_SAFETY_GOTO,6188,F153_001_00,2,field-and-entrance-resolved,,RMAP_157_1_0;RMAP_157_1_1;RMAP_157_4_0;RMAP_157_4_1;RMAP_157_5_0;RMAP_157_5_1;RMAP_157_6_0;RMAP_157_8_0;RMAP_157_8_1;RMAP_157_11_0;RMAP_157_12_0;RMAP_157_13_0;RMAP_157_15_0,RMAP_153_1_0
F157_051_00,D02_SAFETY_GOTO,6195,F153_012_00,2,field-and-entrance-resolved,,RMAP_157_1_0;RMAP_157_1_1;RMAP_157_4_0;RMAP_157_4_1;RMAP_157_5_0;RMAP_157_5_1;RMAP_157_6_0;RMAP_157_8_0;RMAP_157_8_1;RMAP_157_11_0;RMAP_157_12_0;RMAP_157_13_0;RMAP_157_15_0,RMAP_153_2_0;RMAP_153_2_1
F157_051_00,D02_SAFETY_GOTO,6199,F153_051_00,12,entrance-id-missing,,RMAP_157_1_0;RMAP_157_1_1;RMAP_157_4_0;RMAP_157_4_1;RMAP_157_5_0;RMAP_157_5_1;RMAP_157_6_0;RMAP_157_8_0;RMAP_157_8_1;RMAP_157_11_0;RMAP_157_12_0;RMAP_157_13_0;RMAP_157_15_0,RMAP_153_1_0;RMAP_153_2_0;RMAP_153_3_0;RMAP_153_4_0;RMAP_153_5_0;RMAP_153_6_0;RMAP_153_6_1;RMAP_153_7_0;RMAP_153_7_1;RMAP_153_9_0;RMAP_153_9_1;RMAP_153_9_2
F157_051_00,D02_SAFETY_GOTO,6208,F153_003_00,4,field-and-entrance-resolved,,RMAP_157_1_0;RMAP_157_1_1;RMAP_157_4_0;RMAP_157_4_1;RMAP_157_5_0;RMAP_157_5_1;RMAP_157_6_0;RMAP_157_8_0;RMAP_157_8_1;RMAP_157_11_0;RMAP_157_12_0;RMAP_157_13_0;RMAP_157_15_0,RMAP_153_3_0;RMAP_153_3_1;RMAP_153_3_2;RMAP_153_3_3
F157_051_00,D02_SAFETY_GOTO,6212,F153_051_00,13,entrance-id-missing,,RMAP_157_1_0;RMAP_157_1_1;RMAP_157_4_0;RMAP_157_4_1;RMAP_157_5_0;RMAP_157_5_1;RMAP_157_6_0;RMAP_157_8_0;RMAP_157_8_1;RMAP_157_11_0;RMAP_157_12_0;RMAP_157_13_0;RMAP_157_15_0,RMAP_153_1_0;RMAP_153_2_0;RMAP_153_3_0;RMAP_153_4_0;RMAP_153_5_0;RMAP_153_6_0;RMAP_153_6_1;RMAP_153_7_0;RMAP_153_7_1;RMAP_153_9_0;RMAP_153_9_1;RMAP_153_9_2
F157_051_00,D02_SAFETY_GOTO,6221,F153_005_00,4,field-and-entrance-resolved,,RMAP_157_1_0;RMAP_157_1_1;RMAP_157_4_0;RMAP_157_4_1;RMAP_157_5_0;RMAP_157_5_1;RMAP_157_6_0;RMAP_157_8_0;RMAP_157_8_1;RMAP_157_11_0;RMAP_157_12_0;RMAP_157_13_0;RMAP_157_15_0,RMAP_153_5_0
F157_051_00,D02_SAFETY_GOTO,6225,F153_051_00,15,entrance-id-missing,,RMAP_157_1_0;RMAP_157_1_1;RMAP_157_4_0;RMAP_157_4_1;RMAP_157_5_0;RMAP_157_5_1;RMAP_157_6_0;RMAP_157_8_0;RMAP_157_8_1;RMAP_157_11_0;RMAP_157_12_0;RMAP_157_13_0;RMAP_157_15_0,RMAP_153_1_0;RMAP_153_2_0;RMAP_153_3_0;RMAP_153_4_0;RMAP_153_5_0;RMAP_153_6_0;RMAP_153_6_1;RMAP_153_7_0;RMAP_153_7_1;RMAP_153_9_0;RMAP_153_9_1;RMAP_153_9_2
F157_051_00,D02_SAFETY_GOTO,6234,F153_006_00,20,field-and-entrance-resolved,,RMAP_157_1_0;RMAP_157_1_1;RMAP_157_4_0;RMAP_157_4_1;RMAP_157_5_0;RMAP_157_5_1;RMAP_157_6_0;RMAP_157_8_0;RMAP_157_8_1;RMAP_157_11_0;RMAP_157_12_0;RMAP_157_13_0;RMAP_157_15_0,RMAP_153_6_0;RMAP_153_6_1
F157_051_00,D02_SAFETY_GOTO,6238,,,dynamic-arguments,,RMAP_157_1_0;RMAP_157_1_1;RMAP_157_4_0;RMAP_157_4_1;RMAP_157_5_0;RMAP_157_5_1;RMAP_157_6_0;RMAP_157_8_0;RMAP_157_8_1;RMAP_157_11_0;RMAP_157_12_0;RMAP_157_13_0;RMAP_157_15_0,
F157_051_00,D02_SAFETY_GOTO,6247,F153_007_00,20,entrance-id-missing,,RMAP_157_1_0;RMAP_157_1_1;RMAP_157_4_0;RMAP_157_4_1;RMAP_157_5_0;RMAP_157_5_1;RMAP_157_6_0;RMAP_157_8_0;RMAP_157_8_1;RMAP_157_11_0;RMAP_157_12_0;RMAP_157_13_0;RMAP_157_15_0,RMAP_153_7_0;RMAP_153_7_1;RMAP_153_7_2
F157_051_00,D02_SAFETY_GOTO,6251,F153_051_00,17,entrance-id-missing,,RMAP_157_1_0;RMAP_157_1_1;RMAP_157_4_0;RMAP_157_4_1;RMAP_157_5_0;RMAP_157_5_1;RMAP_157_6_0;RMAP_157_8_0;RMAP_157_8_1;RMAP_157_11_0;RMAP_157_12_0;RMAP_157_13_0;RMAP_157_15_0,RMAP_153_1_0;RMAP_153_2_0;RMAP_153_3_0;RMAP_153_4_0;RMAP_153_5_0;RMAP_153_6_0;RMAP_153_6_1;RMAP_153_7_0;RMAP_153_7_1;RMAP_153_9_0;RMAP_153_9_1;RMAP_153_9_2
F157_051_00,D02_SAFETY_GOTO,6260,F153_009_00,20,field-and-entrance-resolved,,RMAP_157_1_0;RMAP_157_1_1;RMAP_157_4_0;RMAP_157_4_1;RMAP_157_5_0;RMAP_157_5_1;RMAP_157_6_0;RMAP_157_8_0;RMAP_157_8_1;RMAP_157_11_0;RMAP_157_12_0;RMAP_157_13_0;RMAP_157_15_0,RMAP_153_9_0;RMAP_153_9_1;RMAP_153_9_2
F157_051_00,D02_SAFETY_GOTO,6264,F153_051_00,18,entrance-id-missing,,RMAP_157_1_0;RMAP_157_1_1;RMAP_157_4_0;RMAP_157_4_1;RMAP_157_5_0;RMAP_157_5_1;RMAP_157_6_0;RMAP_157_8_0;RMAP_157_8_1;RMAP_157_11_0;RMAP_157_12_0;RMAP_157_13_0;RMAP_157_15_0,RMAP_153_1_0;RMAP_153_2_0;RMAP_153_3_0;RMAP_153_4_0;RMAP_153_5_0;RMAP_153_6_0;RMAP_153_6_1;RMAP_153_7_0;RMAP_153_7_1;RMAP_153_9_0;RMAP_153_9_1;RMAP_153_9_2
F157_051_00,D02_SAFETY_GOTO,6273,F153_009_00,21,field-and-entrance-resolved,,RMAP_157_1_0;RMAP_157_1_1;RMAP_157_4_0;RMAP_157_4_1;RMAP_157_5_0;RMAP_157_5_1;RMAP_157_6_0;RMAP_157_8_0;RMAP_157_8_1;RMAP_157_11_0;RMAP_157_12_0;RMAP_157_13_0;RMAP_157_15_0,RMAP_153_9_0;RMAP_153_9_1;RMAP_153_9_2
F157_051_00,D02_SAFETY_GOTO,6277,F153_051_00,19,entrance-id-missing,,RMAP_157_1_0;RMAP_157_1_1;RMAP_157_4_0;RMAP_157_4_1;RMAP_157_5_0;RMAP_157_5_1;RMAP_157_6_0;RMAP_157_8_0;RMAP_157_8_1;RMAP_157_11_0;RMAP_157_12_0;RMAP_157_13_0;RMAP_157_15_0,RMAP_153_1_0;RMAP_153_2_0;RMAP_153_3_0;RMAP_153_4_0;RMAP_153_5_0;RMAP_153_6_0;RMAP_153_6_1;RMAP_153_7_0;RMAP_153_7_1;RMAP_153_9_0;RMAP_153_9_1;RMAP_153_9_2
F157_051_00,D03_SAFETY_GOTO,6307,F154_001_00,2,field-and-entrance-resolved,,RMAP_157_1_0;RMAP_157_1_1;RMAP_157_4_0;RMAP_157_4_1;RMAP_157_5_0;RMAP_157_5_1;RMAP_157_6_0;RMAP_157_8_0;RMAP_157_8_1;RMAP_157_11_0;RMAP_157_12_0;RMAP_157_13_0;RMAP_157_15_0,RMAP_154_1_0
F157_051_00,D03_SAFETY_GOTO,6314,F154_002_00,10,field-and-entrance-resolved,,RMAP_157_1_0;RMAP_157_1_1;RMAP_157_4_0;RMAP_157_4_1;RMAP_157_5_0;RMAP_157_5_1;RMAP_157_6_0;RMAP_157_8_0;RMAP_157_8_1;RMAP_157_11_0;RMAP_157_12_0;RMAP_157_13_0;RMAP_157_15_0,RMAP_154_2_0;RMAP_154_2_1
F157_051_00,D03_SAFETY_GOTO,6318,F154_051_00,11,entrance-id-missing,,RMAP_157_1_0;RMAP_157_1_1;RMAP_157_4_0;RMAP_157_4_1;RMAP_157_5_0;RMAP_157_5_1;RMAP_157_6_0;RMAP_157_8_0;RMAP_157_8_1;RMAP_157_11_0;RMAP_157_12_0;RMAP_157_13_0;RMAP_157_15_0,RMAP_154_1_0;RMAP_154_3_0;RMAP_154_3_1;RMAP_154_3_2;RMAP_154_5_0;RMAP_154_14_0;RMAP_154_14_1
F157_051_00,D03_SAFETY_GOTO,6327,F154_002_00,11,field-and-entrance-resolved,,RMAP_157_1_0;RMAP_157_1_1;RMAP_157_4_0;RMAP_157_4_1;RMAP_157_5_0;RMAP_157_5_1;RMAP_157_6_0;RMAP_157_8_0;RMAP_157_8_1;RMAP_157_11_0;RMAP_157_12_0;RMAP_157_13_0;RMAP_157_15_0,RMAP_154_2_0;RMAP_154_2_1
F157_051_00,D03_SAFETY_GOTO,6331,F154_051_00,12,entrance-id-missing,,RMAP_157_1_0;RMAP_157_1_1;RMAP_157_4_0;RMAP_157_4_1;RMAP_157_5_0;RMAP_157_5_1;RMAP_157_6_0;RMAP_157_8_0;RMAP_157_8_1;RMAP_157_11_0;RMAP_157_12_0;RMAP_157_13_0;RMAP_157_15_0,RMAP_154_1_0;RMAP_154_3_0;RMAP_154_3_1;RMAP_154_3_2;RMAP_154_5_0;RMAP_154_14_0;RMAP_154_14_1
F157_051_00,D03_SAFETY_GOTO,6340,F154_003_00,10,field-and-entrance-resolved,,RMAP_157_1_0;RMAP_157_1_1;RMAP_157_4_0;RMAP_157_4_1;RMAP_157_5_0;RMAP_157_5_1;RMAP_157_6_0;RMAP_157_8_0;RMAP_157_8_1;RMAP_157_11_0;RMAP_157_12_0;RMAP_157_13_0;RMAP_157_15_0,RMAP_154_3_0;RMAP_154_3_1;RMAP_154_3_2
F157_051_00,D03_SAFETY_GOTO,6344,F154_051_00,13,entrance-id-missing,,RMAP_157_1_0;RMAP_157_1_1;RMAP_157_4_0;RMAP_157_4_1;RMAP_157_5_0;RMAP_157_5_1;RMAP_157_6_0;RMAP_157_8_0;RMAP_157_8_1;RMAP_157_11_0;RMAP_157_12_0;RMAP_157_13_0;RMAP_157_15_0,RMAP_154_1_0;RMAP_154_3_0;RMAP_154_3_1;RMAP_154_3_2;RMAP_154_5_0;RMAP_154_14_0;RMAP_154_14_1
F157_051_00,D03_SAFETY_GOTO,6353,F154_003_00,11,field-and-entrance-resolved,,RMAP_157_1_0;RMAP_157_1_1;RMAP_157_4_0;RMAP_157_4_1;RMAP_157_5_0;RMAP_157_5_1;RMAP_157_6_0;RMAP_157_8_0;RMAP_157_8_1;RMAP_157_11_0;RMAP_157_12_0;RMAP_157_13_0;RMAP_157_15_0,RMAP_154_3_0;RMAP_154_3_1;RMAP_154_3_2
F157_051_00,D03_SAFETY_GOTO,6357,F154_051_00,14,entrance-id-missing,,RMAP_157_1_0;RMAP_157_1_1;RMAP_157_4_0;RMAP_157_4_1;RMAP_157_5_0;RMAP_157_5_1;RMAP_157_6_0;RMAP_157_8_0;RMAP_157_8_1;RMAP_157_11_0;RMAP_157_12_0;RMAP_157_13_0;RMAP_157_15_0,RMAP_154_1_0;RMAP_154_3_0;RMAP_154_3_1;RMAP_154_3_2;RMAP_154_5_0;RMAP_154_14_0;RMAP_154_14_1
F157_051_00,D03_SAFETY_GOTO,6366,F154_012_00,10,target-fbn-missing,,RMAP_157_1_0;RMAP_157_1_1;RMAP_157_4_0;RMAP_157_4_1;RMAP_157_5_0;RMAP_157_5_1;RMAP_157_6_0;RMAP_157_8_0;RMAP_157_8_1;RMAP_157_11_0;RMAP_157_12_0;RMAP_157_13_0;RMAP_157_15_0,RMAP_154_12_0;RMAP_154_12_1;RMAP_154_12_2
F157_051_00,D03_SAFETY_GOTO,6370,F154_051_00,15,entrance-id-missing,,RMAP_157_1_0;RMAP_157_1_1;RMAP_157_4_0;RMAP_157_4_1;RMAP_157_5_0;RMAP_157_5_1;RMAP_157_6_0;RMAP_157_8_0;RMAP_157_8_1;RMAP_157_11_0;RMAP_157_12_0;RMAP_157_13_0;RMAP_157_15_0,RMAP_154_1_0;RMAP_154_3_0;RMAP_154_3_1;RMAP_154_3_2;RMAP_154_5_0;RMAP_154_14_0;RMAP_154_14_1
F157_051_00,D03_SAFETY_GOTO,6379,F154_014_00,10,field-and-entrance-resolved,,RMAP_157_1_0;RMAP_157_1_1;RMAP_157_4_0;RMAP_157_4_1;RMAP_157_5_0;RMAP_157_5_1;RMAP_157_6_0;RMAP_157_8_0;RMAP_157_8_1;RMAP_157_11_0;RMAP_157_12_0;RMAP_157_13_0;RMAP_157_15_0,RMAP_154_14_0;RMAP_154_14_1
F157_051_00,D03_SAFETY_GOTO,6383,,,dynamic-arguments,,RMAP_157_1_0;RMAP_157_1_1;RMAP_157_4_0;RMAP_157_4_1;RMAP_157_5_0;RMAP_157_5_1;RMAP_157_6_0;RMAP_157_8_0;RMAP_157_8_1;RMAP_157_11_0;RMAP_157_12_0;RMAP_157_13_0;RMAP_157_15_0,
F157_051_00,D03_SAFETY_GOTO,6392,F154_005_00,10,field-and-entrance-resolved,,RMAP_157_1_0;RMAP_157_1_1;RMAP_157_4_0;RMAP_157_4_1;RMAP_157_5_0;RMAP_157_5_1;RMAP_157_6_0;RMAP_157_8_0;RMAP_157_8_1;RMAP_157_11_0;RMAP_157_12_0;RMAP_157_13_0;RMAP_157_15_0,RMAP_154_5_0;RMAP_154_5_1
F157_051_00,D03_SAFETY_GOTO,6396,F154_051_00,17,entrance-id-missing,,RMAP_157_1_0;RMAP_157_1_1;RMAP_157_4_0;RMAP_157_4_1;RMAP_157_5_0;RMAP_157_5_1;RMAP_157_6_0;RMAP_157_8_0;RMAP_157_8_1;RMAP_157_11_0;RMAP_157_12_0;RMAP_157_13_0;RMAP_157_15_0,RMAP_154_1_0;RMAP_154_3_0;RMAP_154_3_1;RMAP_154_3_2;RMAP_154_5_0;RMAP_154_14_0;RMAP_154_14_1
F157_051_00,D04_SAFETY_GOTO,6429,F155_001_00,10,field-and-entrance-resolved,,RMAP_157_1_0;RMAP_157_1_1;RMAP_157_4_0;RMAP_157_4_1;RMAP_157_5_0;RMAP_157_5_1;RMAP_157_6_0;RMAP_157_8_0;RMAP_157_8_1;RMAP_157_11_0;RMAP_157_12_0;RMAP_157_13_0;RMAP_157_15_0,RMAP_155_1_0
F157_051_00,D04_SAFETY_GOTO,6433,F155_001_00,5,field-and-entrance-resolved,,RMAP_157_1_0;RMAP_157_1_1;RMAP_157_4_0;RMAP_157_4_1;RMAP_157_5_0;RMAP_157_5_1;RMAP_157_6_0;RMAP_157_8_0;RMAP_157_8_1;RMAP_157_11_0;RMAP_157_12_0;RMAP_157_13_0;RMAP_157_15_0,RMAP_155_1_0
F157_051_00,D04_SAFETY_GOTO,6442,F155_011_00,20,field-and-entrance-resolved,,RMAP_157_1_0;RMAP_157_1_1;RMAP_157_4_0;RMAP_157_4_1;RMAP_157_5_0;RMAP_157_5_1;RMAP_157_6_0;RMAP_157_8_0;RMAP_157_8_1;RMAP_157_11_0;RMAP_157_12_0;RMAP_157_13_0;RMAP_157_15_0,RMAP_155_11_0;RMAP_155_11_1;RMAP_155_11_2;RMAP_155_11_3
F157_051_00,D04_SAFETY_GOTO,6446,F155_051_00,11,entrance-id-missing,,RMAP_157_1_0;RMAP_157_1_1;RMAP_157_4_0;RMAP_157_4_1;RMAP_157_5_0;RMAP_157_5_1;RMAP_157_6_0;RMAP_157_8_0;RMAP_157_8_1;RMAP_157_11_0;RMAP_157_12_0;RMAP_157_13_0;RMAP_157_15_0,RMAP_155_1_0;RMAP_155_2_0;RMAP_155_2_1;RMAP_155_4_0;RMAP_155_4_1;RMAP_155_9_0;RMAP_155_9_1
F157_051_00,D04_SAFETY_GOTO,6455,F155_002_00,20,field-and-entrance-resolved,,RMAP_157_1_0;RMAP_157_1_1;RMAP_157_4_0;RMAP_157_4_1;RMAP_157_5_0;RMAP_157_5_1;RMAP_157_6_0;RMAP_157_8_0;RMAP_157_8_1;RMAP_157_11_0;RMAP_157_12_0;RMAP_157_13_0;RMAP_157_15_0,RMAP_155_2_0;RMAP_155_2_1;RMAP_155_12_0;RMAP_155_12_1
F157_051_00,D04_SAFETY_GOTO,6459,F155_051_00,12,entrance-id-missing,,RMAP_157_1_0;RMAP_157_1_1;RMAP_157_4_0;RMAP_157_4_1;RMAP_157_5_0;RMAP_157_5_1;RMAP_157_6_0;RMAP_157_8_0;RMAP_157_8_1;RMAP_157_11_0;RMAP_157_12_0;RMAP_157_13_0;RMAP_157_15_0,RMAP_155_1_0;RMAP_155_2_0;RMAP_155_2_1;RMAP_155_4_0;RMAP_155_4_1;RMAP_155_9_0;RMAP_155_9_1
F157_051_00,D04_SAFETY_GOTO,6468,F155_002_00,21,field-and-entrance-resolved,,RMAP_157_1_0;RMAP_157_1_1;RMAP_157_4_0;RMAP_157_4_1;RMAP_157_5_0;RMAP_157_5_1;RMAP_157_6_0;RMAP_157_8_0;RMAP_157_8_1;RMAP_157_11_0;RMAP_157_12_0;RMAP_157_13_0;RMAP_157_15_0,RMAP_155_2_0;RMAP_155_2_1;RMAP_155_12_0;RMAP_155_12_1
F157_051_00,D04_SAFETY_GOTO,6472,F155_051_00,13,entrance-id-missing,,RMAP_157_1_0;RMAP_157_1_1;RMAP_157_4_0;RMAP_157_4_1;RMAP_157_5_0;RMAP_157_5_1;RMAP_157_6_0;RMAP_157_8_0;RMAP_157_8_1;RMAP_157_11_0;RMAP_157_12_0;RMAP_157_13_0;RMAP_157_15_0,RMAP_155_1_0;RMAP_155_2_0;RMAP_155_2_1;RMAP_155_4_0;RMAP_155_4_1;RMAP_155_9_0;RMAP_155_9_1
F157_051_00,D04_SAFETY_GOTO,6481,F155_002_00,22,field-and-entrance-resolved,,RMAP_157_1_0;RMAP_157_1_1;RMAP_157_4_0;RMAP_157_4_1;RMAP_157_5_0;RMAP_157_5_1;RMAP_157_6_0;RMAP_157_8_0;RMAP_157_8_1;RMAP_157_11_0;RMAP_157_12_0;RMAP_157_13_0;RMAP_157_15_0,RMAP_155_2_0;RMAP_155_2_1;RMAP_155_12_0;RMAP_155_12_1
F157_051_00,D04_SAFETY_GOTO,6485,F155_051_00,14,entrance-id-missing,,RMAP_157_1_0;RMAP_157_1_1;RMAP_157_4_0;RMAP_157_4_1;RMAP_157_5_0;RMAP_157_5_1;RMAP_157_6_0;RMAP_157_8_0;RMAP_157_8_1;RMAP_157_11_0;RMAP_157_12_0;RMAP_157_13_0;RMAP_157_15_0,RMAP_155_1_0;RMAP_155_2_0;RMAP_155_2_1;RMAP_155_4_0;RMAP_155_4_1;RMAP_155_9_0;RMAP_155_9_1
F157_051_00,D04_SAFETY_GOTO,6494,F155_004_00,21,field-and-entrance-resolved,,RMAP_157_1_0;RMAP_157_1_1;RMAP_157_4_0;RMAP_157_4_1;RMAP_157_5_0;RMAP_157_5_1;RMAP_157_6_0;RMAP_157_8_0;RMAP_157_8_1;RMAP_157_11_0;RMAP_157_12_0;RMAP_157_13_0;RMAP_157_15_0,RMAP_155_4_0;RMAP_155_4_1
F157_051_00,D04_SAFETY_GOTO,6498,F155_051_00,15,entrance-id-missing,,RMAP_157_1_0;RMAP_157_1_1;RMAP_157_4_0;RMAP_157_4_1;RMAP_157_5_0;RMAP_157_5_1;RMAP_157_6_0;RMAP_157_8_0;RMAP_157_8_1;RMAP_157_11_0;RMAP_157_12_0;RMAP_157_13_0;RMAP_157_15_0,RMAP_155_1_0;RMAP_155_2_0;RMAP_155_2_1;RMAP_155_4_0;RMAP_155_4_1;RMAP_155_9_0;RMAP_155_9_1
F157_051_00,D04_SAFETY_GOTO,6507,F155_004_00,20,field-and-entrance-resolved,,RMAP_157_1_0;RMAP_157_1_1;RMAP_157_4_0;RMAP_157_4_1;RMAP_157_5_0;RMAP_157_5_1;RMAP_157_6_0;RMAP_157_8_0;RMAP_157_8_1;RMAP_157_11_0;RMAP_157_12_0;RMAP_157_13_0;RMAP_157_15_0,RMAP_155_4_0;RMAP_155_4_1
F157_051_00,D04_SAFETY_GOTO,6511,F155_051_00,17,entrance-id-missing,,RMAP_157_1_0;RMAP_157_1_1;RMAP_157_4_0;RMAP_157_4_1;RMAP_157_5_0;RMAP_157_5_1;RMAP_157_6_0;RMAP_157_8_0;RMAP_157_8_1;RMAP_157_11_0;RMAP_157_12_0;RMAP_157_13_0;RMAP_157_15_0,RMAP_155_1_0;RMAP_155_2_0;RMAP_155_2_1;RMAP_155_4_0;RMAP_155_4_1;RMAP_155_9_0;RMAP_155_9_1
F157_051_00,D05_SAFETY_GOTO,6541,F156_001_00,5,entrance-id-missing,,RMAP_157_1_0;RMAP_157_1_1;RMAP_157_4_0;RMAP_157_4_1;RMAP_157_5_0;RMAP_157_5_1;RMAP_157_6_0;RMAP_157_8_0;RMAP_157_8_1;RMAP_157_11_0;RMAP_157_12_0;RMAP_157_13_0;RMAP_157_15_0,RMAP_156_1_0
F157_051_00,D05_SAFETY_GOTO,6548,F156_003_00,20,field-and-entrance-resolved,,RMAP_157_1_0;RMAP_157_1_1;RMAP_157_4_0;RMAP_157_4_1;RMAP_157_5_0;RMAP_157_5_1;RMAP_157_6_0;RMAP_157_8_0;RMAP_157_8_1;RMAP_157_11_0;RMAP_157_12_0;RMAP_157_13_0;RMAP_157_15_0,RMAP_156_3_0;RMAP_156_3_1
F157_051_00,D05_SAFETY_GOTO,6552,F156_051_00,11,entrance-id-missing,,RMAP_157_1_0;RMAP_157_1_1;RMAP_157_4_0;RMAP_157_4_1;RMAP_157_5_0;RMAP_157_5_1;RMAP_157_6_0;RMAP_157_8_0;RMAP_157_8_1;RMAP_157_11_0;RMAP_157_12_0;RMAP_157_13_0;RMAP_157_15_0,RMAP_156_1_0;RMAP_156_3_0;RMAP_156_3_1;RMAP_156_4_0;RMAP_156_6_0;RMAP_156_7_0;RMAP_156_7_1;RMAP_156_9_0;RMAP_156_10_0;RMAP_156_10_1;RMAP_156_12_0;RMAP_156_13_0
F157_051_00,D05_SAFETY_GOTO,6561,F156_013_00,2,field-and-entrance-resolved,,RMAP_157_1_0;RMAP_157_1_1;RMAP_157_4_0;RMAP_157_4_1;RMAP_157_5_0;RMAP_157_5_1;RMAP_157_6_0;RMAP_157_8_0;RMAP_157_8_1;RMAP_157_11_0;RMAP_157_12_0;RMAP_157_13_0;RMAP_157_15_0,RMAP_156_13_0
F157_051_00,D05_SAFETY_GOTO,6565,F156_051_00,12,entrance-id-missing,,RMAP_157_1_0;RMAP_157_1_1;RMAP_157_4_0;RMAP_157_4_1;RMAP_157_5_0;RMAP_157_5_1;RMAP_157_6_0;RMAP_157_8_0;RMAP_157_8_1;RMAP_157_11_0;RMAP_157_12_0;RMAP_157_13_0;RMAP_157_15_0,RMAP_156_1_0;RMAP_156_3_0;RMAP_156_3_1;RMAP_156_4_0;RMAP_156_6_0;RMAP_156_7_0;RMAP_156_7_1;RMAP_156_9_0;RMAP_156_10_0;RMAP_156_10_1;RMAP_156_12_0;RMAP_156_13_0
F157_051_00,D05_SAFETY_GOTO,6574,F156_004_00,20,field-and-entrance-resolved,,RMAP_157_1_0;RMAP_157_1_1;RMAP_157_4_0;RMAP_157_4_1;RMAP_157_5_0;RMAP_157_5_1;RMAP_157_6_0;RMAP_157_8_0;RMAP_157_8_1;RMAP_157_11_0;RMAP_157_12_0;RMAP_157_13_0;RMAP_157_15_0,RMAP_156_4_0
F157_051_00,D05_SAFETY_GOTO,6578,F156_051_00,13,entrance-id-missing,,RMAP_157_1_0;RMAP_157_1_1;RMAP_157_4_0;RMAP_157_4_1;RMAP_157_5_0;RMAP_157_5_1;RMAP_157_6_0;RMAP_157_8_0;RMAP_157_8_1;RMAP_157_11_0;RMAP_157_12_0;RMAP_157_13_0;RMAP_157_15_0,RMAP_156_1_0;RMAP_156_3_0;RMAP_156_3_1;RMAP_156_4_0;RMAP_156_6_0;RMAP_156_7_0;RMAP_156_7_1;RMAP_156_9_0;RMAP_156_10_0;RMAP_156_10_1;RMAP_156_12_0;RMAP_156_13_0
F157_051_00,D05_SAFETY_GOTO,6587,F156_007_00,20,field-and-entrance-resolved,,RMAP_157_1_0;RMAP_157_1_1;RMAP_157_4_0;RMAP_157_4_1;RMAP_157_5_0;RMAP_157_5_1;RMAP_157_6_0;RMAP_157_8_0;RMAP_157_8_1;RMAP_157_11_0;RMAP_157_12_0;RMAP_157_13_0;RMAP_157_15_0,RMAP_156_7_0;RMAP_156_7_1
F157_051_00,D05_SAFETY_GOTO,6591,F156_051_00,14,entrance-id-missing,,RMAP_157_1_0;RMAP_157_1_1;RMAP_157_4_0;RMAP_157_4_1;RMAP_157_5_0;RMAP_157_5_1;RMAP_157_6_0;RMAP_157_8_0;RMAP_157_8_1;RMAP_157_11_0;RMAP_157_12_0;RMAP_157_13_0;RMAP_157_15_0,RMAP_156_1_0;RMAP_156_3_0;RMAP_156_3_1;RMAP_156_4_0;RMAP_156_6_0;RMAP_156_7_0;RMAP_156_7_1;RMAP_156_9_0;RMAP_156_10_0;RMAP_156_10_1;RMAP_156_12_0;RMAP_156_13_0
F157_051_00,D05_SAFETY_GOTO,6600,F156_009_00,20,field-and-entrance-resolved,,RMAP_157_1_0;RMAP_157_1_1;RMAP_157_4_0;RMAP_157_4_1;RMAP_157_5_0;RMAP_157_5_1;RMAP_157_6_0;RMAP_157_8_0;RMAP_157_8_1;RMAP_157_11_0;RMAP_157_12_0;RMAP_157_13_0;RMAP_157_15_0,RMAP_156_9_0
F157_051_00,D05_SAFETY_GOTO,6604,F156_051_00,15,entrance-id-missing,,RMAP_157_1_0;RMAP_157_1_1;RMAP_157_4_0;RMAP_157_4_1;RMAP_157_5_0;RMAP_157_5_1;RMAP_157_6_0;RMAP_157_8_0;RMAP_157_8_1;RMAP_157_11_0;RMAP_157_12_0;RMAP_157_13_0;RMAP_157_15_0,RMAP_156_1_0;RMAP_156_3_0;RMAP_156_3_1;RMAP_156_4_0;RMAP_156_6_0;RMAP_156_7_0;RMAP_156_7_1;RMAP_156_9_0;RMAP_156_10_0;RMAP_156_10_1;RMAP_156_12_0;RMAP_156_13_0
F157_051_00,D05_SAFETY_GOTO,6613,F156_012_00,20,field-and-entrance-resolved,,RMAP_157_1_0;RMAP_157_1_1;RMAP_157_4_0;RMAP_157_4_1;RMAP_157_5_0;RMAP_157_5_1;RMAP_157_6_0;RMAP_157_8_0;RMAP_157_8_1;RMAP_157_11_0;RMAP_157_12_0;RMAP_157_13_0;RMAP_157_15_0,RMAP_156_12_0
F157_051_00,D05_SAFETY_GOTO,6617,,,dynamic-arguments,,RMAP_157_1_0;RMAP_157_1_1;RMAP_157_4_0;RMAP_157_4_1;RMAP_157_5_0;RMAP_157_5_1;RMAP_157_6_0;RMAP_157_8_0;RMAP_157_8_1;RMAP_157_11_0;RMAP_157_12_0;RMAP_157_13_0;RMAP_157_15_0,
F157_051_00,D05_SAFETY_GOTO,6626,F156_006_00,50,field-and-entrance-resolved,,RMAP_157_1_0;RMAP_157_1_1;RMAP_157_4_0;RMAP_157_4_1;RMAP_157_5_0;RMAP_157_5_1;RMAP_157_6_0;RMAP_157_8_0;RMAP_157_8_1;RMAP_157_11_0;RMAP_157_12_0;RMAP_157_13_0;RMAP_157_15_0,RMAP_156_6_0
F157_051_00,D05_SAFETY_GOTO,6630,F156_051_00,17,entrance-id-missing,,RMAP_157_1_0;RMAP_157_1_1;RMAP_157_4_0;RMAP_157_4_1;RMAP_157_5_0;RMAP_157_5_1;RMAP_157_6_0;RMAP_157_8_0;RMAP_157_8_1;RMAP_157_11_0;RMAP_157_12_0;RMAP_157_13_0;RMAP_157_15_0,RMAP_156_1_0;RMAP_156_3_0;RMAP_156_3_1;RMAP_156_4_0;RMAP_156_6_0;RMAP_156_7_0;RMAP_156_7_1;RMAP_156_9_0;RMAP_156_10_0;RMAP_156_10_1;RMAP_156_12_0;RMAP_156_13_0
F157_051_00,D05_SAFETY_GOTO,6639,F156_010_00,20,field-and-entrance-resolved,,RMAP_157_1_0;RMAP_157_1_1;RMAP_157_4_0;RMAP_157_4_1;RMAP_157_5_0;RMAP_157_5_1;RMAP_157_6_0;RMAP_157_8_0;RMAP_157_8_1;RMAP_157_11_0;RMAP_157_12_0;RMAP_157_13_0;RMAP_157_15_0,RMAP_156_10_0;RMAP_156_10_1;RMAP_156_10_2
F157_051_00,D05_SAFETY_GOTO,6643,F156_051_00,18,entrance-id-missing,,RMAP_157_1_0;RMAP_157_1_1;RMAP_157_4_0;RMAP_157_4_1;RMAP_157_5_0;RMAP_157_5_1;RMAP_157_6_0;RMAP_157_8_0;RMAP_157_8_1;RMAP_157_11_0;RMAP_157_12_0;RMAP_157_13_0;RMAP_157_15_0,RMAP_156_1_0;RMAP_156_3_0;RMAP_156_3_1;RMAP_156_4_0;RMAP_156_6_0;RMAP_156_7_0;RMAP_156_7_1;RMAP_156_9_0;RMAP_156_10_0;RMAP_156_10_1;RMAP_156_12_0;RMAP_156_13_0
F157_051_00,D06_SAFETY_GOTO,6673,F157_001_00,2,field-and-entrance-resolved,"0,3,4",RMAP_157_1_0;RMAP_157_1_1;RMAP_157_4_0;RMAP_157_4_1;RMAP_157_5_0;RMAP_157_5_1;RMAP_157_6_0;RMAP_157_8_0;RMAP_157_8_1;RMAP_157_11_0;RMAP_157_12_0;RMAP_157_13_0;RMAP_157_15_0,RMAP_157_1_0;RMAP_157_1_1
F157_051_00,D06_SAFETY_GOTO,6680,F157_004_00,4,field-and-entrance-resolved,"0,3,4",RMAP_157_1_0;RMAP_157_1_1;RMAP_157_4_0;RMAP_157_4_1;RMAP_157_5_0;RMAP_157_5_1;RMAP_157_6_0;RMAP_157_8_0;RMAP_157_8_1;RMAP_157_11_0;RMAP_157_12_0;RMAP_157_13_0;RMAP_157_15_0,RMAP_157_4_0;RMAP_157_4_1
F157_051_00,D06_SAFETY_GOTO,6684,F157_051_00,11,entrance-id-missing,"0,3,4",RMAP_157_1_0;RMAP_157_1_1;RMAP_157_4_0;RMAP_157_4_1;RMAP_157_5_0;RMAP_157_5_1;RMAP_157_6_0;RMAP_157_8_0;RMAP_157_8_1;RMAP_157_11_0;RMAP_157_12_0;RMAP_157_13_0;RMAP_157_15_0,RMAP_157_1_0;RMAP_157_1_1;RMAP_157_4_0;RMAP_157_4_1;RMAP_157_5_0;RMAP_157_5_1;RMAP_157_6_0;RMAP_157_8_0;RMAP_157_8_1;RMAP_157_11_0;RMAP_157_12_0;RMAP_157_13_0;RMAP_157_15_0
F157_051_00,D06_SAFETY_GOTO,6693,F157_005_00,10,field-and-entrance-resolved,"0,3,4",RMAP_157_1_0;RMAP_157_1_1;RMAP_157_4_0;RMAP_157_4_1;RMAP_157_5_0;RMAP_157_5_1;RMAP_157_6_0;RMAP_157_8_0;RMAP_157_8_1;RMAP_157_11_0;RMAP_157_12_0;RMAP_157_13_0;RMAP_157_15_0,RMAP_157_5_0
F157_051_00,D06_SAFETY_GOTO,6697,F157_052_00,12,entrance-id-missing,"0,3,4",RMAP_157_1_0;RMAP_157_1_1;RMAP_157_4_0;RMAP_157_4_1;RMAP_157_5_0;RMAP_157_5_1;RMAP_157_6_0;RMAP_157_8_0;RMAP_157_8_1;RMAP_157_11_0;RMAP_157_12_0;RMAP_157_13_0;RMAP_157_15_0,RMAP_157_1_0;RMAP_157_1_1;RMAP_157_4_0;RMAP_157_4_1;RMAP_157_5_0;RMAP_157_5_1;RMAP_157_6_0;RMAP_157_8_0;RMAP_157_8_1;RMAP_157_11_0;RMAP_157_12_0;RMAP_157_13_0;RMAP_157_15_0
F157_051_00,D06_SAFETY_GOTO,6706,F157_006_00,3,field-and-entrance-resolved,"0,3,4",RMAP_157_1_0;RMAP_157_1_1;RMAP_157_4_0;RMAP_157_4_1;RMAP_157_5_0;RMAP_157_5_1;RMAP_157_6_0;RMAP_157_8_0;RMAP_157_8_1;RMAP_157_11_0;RMAP_157_12_0;RMAP_157_13_0;RMAP_157_15_0,RMAP_157_6_0
F157_051_00,D06_SAFETY_GOTO,6710,F157_051_00,13,entrance-id-missing,"0,3,4",RMAP_157_1_0;RMAP_157_1_1;RMAP_157_4_0;RMAP_157_4_1;RMAP_157_5_0;RMAP_157_5_1;RMAP_157_6_0;RMAP_157_8_0;RMAP_157_8_1;RMAP_157_11_0;RMAP_157_12_0;RMAP_157_13_0;RMAP_157_15_0,RMAP_157_1_0;RMAP_157_1_1;RMAP_157_4_0;RMAP_157_4_1;RMAP_157_5_0;RMAP_157_5_1;RMAP_157_6_0;RMAP_157_8_0;RMAP_157_8_1;RMAP_157_11_0;RMAP_157_12_0;RMAP_157_13_0;RMAP_157_15_0
F157_051_00,D06_SAFETY_GOTO,6719,F157_008_00,10,field-and-entrance-resolved,"0,3,4",RMAP_157_1_0;RMAP_157_1_1;RMAP_157_4_0;RMAP_157_4_1;RMAP_157_5_0;RMAP_157_5_1;RMAP_157_6_0;RMAP_157_8_0;RMAP_157_8_1;RMAP_157_11_0;RMAP_157_12_0;RMAP_157_13_0;RMAP_157_15_0,RMAP_157_8_0;RMAP_157_8_1
F157_051_00,D06_SAFETY_GOTO,6723,F157_052_00,14,entrance-id-missing,"0,3,4",RMAP_157_1_0;RMAP_157_1_1;RMAP_157_4_0;RMAP_157_4_1;RMAP_157_5_0;RMAP_157_5_1;RMAP_157_6_0;RMAP_157_8_0;RMAP_157_8_1;RMAP_157_11_0;RMAP_157_12_0;RMAP_157_13_0;RMAP_157_15_0,RMAP_157_1_0;RMAP_157_1_1;RMAP_157_4_0;RMAP_157_4_1;RMAP_157_5_0;RMAP_157_5_1;RMAP_157_6_0;RMAP_157_8_0;RMAP_157_8_1;RMAP_157_11_0;RMAP_157_12_0;RMAP_157_13_0;RMAP_157_15_0
F157_051_00,D06_SAFETY_GOTO,6732,F157_011_00,10,field-and-entrance-resolved,"0,3,4",RMAP_157_1_0;RMAP_157_1_1;RMAP_157_4_0;RMAP_157_4_1;RMAP_157_5_0;RMAP_157_5_1;RMAP_157_6_0;RMAP_157_8_0;RMAP_157_8_1;RMAP_157_11_0;RMAP_157_12_0;RMAP_157_13_0;RMAP_157_15_0,RMAP_157_11_0;RMAP_157_11_1;RMAP_157_11_2
F157_051_00,D06_SAFETY_GOTO,6736,F157_051_00,15,entrance-id-missing,"0,3,4",RMAP_157_1_0;RMAP_157_1_1;RMAP_157_4_0;RMAP_157_4_1;RMAP_157_5_0;RMAP_157_5_1;RMAP_157_6_0;RMAP_157_8_0;RMAP_157_8_1;RMAP_157_11_0;RMAP_157_12_0;RMAP_157_13_0;RMAP_157_15_0,RMAP_157_1_0;RMAP_157_1_1;RMAP_157_4_0;RMAP_157_4_1;RMAP_157_5_0;RMAP_157_5_1;RMAP_157_6_0;RMAP_157_8_0;RMAP_157_8_1;RMAP_157_11_0;RMAP_157_12_0;RMAP_157_13_0;RMAP_157_15_0
F157_051_00,D06_SAFETY_GOTO,6745,F157_012_00,10,field-and-entrance-resolved,"0,3,4",RMAP_157_1_0;RMAP_157_1_1;RMAP_157_4_0;RMAP_157_4_1;RMAP_157_5_0;RMAP_157_5_1;RMAP_157_6_0;RMAP_157_8_0;RMAP_157_8_1;RMAP_157_11_0;RMAP_157_12_0;RMAP_157_13_0;RMAP_157_15_0,RMAP_157_12_0
F157_051_00,D06_SAFETY_GOTO,6749,,,dynamic-arguments,"0,3,4",RMAP_157_1_0;RMAP_157_1_1;RMAP_157_4_0;RMAP_157_4_1;RMAP_157_5_0;RMAP_157_5_1;RMAP_157_6_0;RMAP_157_8_0;RMAP_157_8_1;RMAP_157_11_0;RMAP_157_12_0;RMAP_157_13_0;RMAP_157_15_0,
F157_051_00,D06_SAFETY_GOTO,6758,F157_013_00,10,field-and-entrance-resolved,"0,3,4",RMAP_157_1_0;RMAP_157_1_1;RMAP_157_4_0;RMAP_157_4_1;RMAP_157_5_0;RMAP_157_5_1;RMAP_157_6_0;RMAP_157_8_0;RMAP_157_8_1;RMAP_157_11_0;RMAP_157_12_0;RMAP_157_13_0;RMAP_157_15_0,RMAP_157_13_0
F157_051_00,D06_SAFETY_GOTO,6762,F157_051_00,17,entrance-id-missing,"0,3,4",RMAP_157_1_0;RMAP_157_1_1;RMAP_157_4_0;RMAP_157_4_1;RMAP_157_5_0;RMAP_157_5_1;RMAP_157_6_0;RMAP_157_8_0;RMAP_157_8_1;RMAP_157_11_0;RMAP_157_12_0;RMAP_157_13_0;RMAP_157_15_0,RMAP_157_1_0;RMAP_157_1_1;RMAP_157_4_0;RMAP_157_4_1;RMAP_157_5_0;RMAP_157_5_1;RMAP_157_6_0;RMAP_157_8_0;RMAP_157_8_1;RMAP_157_11_0;RMAP_157_12_0;RMAP_157_13_0;RMAP_157_15_0
F157_051_00,D06_SAFETY_GOTO,6771,F157_015_00,10,field-and-entrance-resolved,"0,3,4",RMAP_157_1_0;RMAP_157_1_1;RMAP_157_4_0;RMAP_157_4_1;RMAP_157_5_0;RMAP_157_5_1;RMAP_157_6_0;RMAP_157_8_0;RMAP_157_8_1;RMAP_157_11_0;RMAP_157_12_0;RMAP_157_13_0;RMAP_157_15_0,RMAP_157_15_0
F157_051_00,D06_SAFETY_GOTO,6775,F157_051_00,18,entrance-id-missing,"0,3,4",RMAP_157_1_0;RMAP_157_1_1;RMAP_157_4_0;RMAP_157_4_1;RMAP_157_5_0;RMAP_157_5_1;RMAP_157_6_0;RMAP_157_8_0;RMAP_157_8_1;RMAP_157_11_0;RMAP_157_12_0;RMAP_157_13_0;RMAP_157_15_0,RMAP_157_1_0;RMAP_157_1_1;RMAP_157_4_0;RMAP_157_4_1;RMAP_157_5_0;RMAP_157_5_1;RMAP_157_6_0;RMAP_157_8_0;RMAP_157_8_1;RMAP_157_11_0;RMAP_157_12_0;RMAP_157_13_0;RMAP_157_15_0
F157_051_00,D07_SAFETY_GOTO,6805,F159_001_00,2,field-and-entrance-resolved,,RMAP_157_1_0;RMAP_157_1_1;RMAP_157_4_0;RMAP_157_4_1;RMAP_157_5_0;RMAP_157_5_1;RMAP_157_6_0;RMAP_157_8_0;RMAP_157_8_1;RMAP_157_11_0;RMAP_157_12_0;RMAP_157_13_0;RMAP_157_15_0,RMAP_159_1_0
F157_051_00,D07_SAFETY_GOTO,6812,F159_004_00,20,field-and-entrance-resolved,,RMAP_157_1_0;RMAP_157_1_1;RMAP_157_4_0;RMAP_157_4_1;RMAP_157_5_0;RMAP_157_5_1;RMAP_157_6_0;RMAP_157_8_0;RMAP_157_8_1;RMAP_157_11_0;RMAP_157_12_0;RMAP_157_13_0;RMAP_157_15_0,RMAP_159_3_0;RMAP_159_3_1
F157_051_00,D07_SAFETY_GOTO,6816,F159_051_00,11,entrance-id-missing,,RMAP_157_1_0;RMAP_157_1_1;RMAP_157_4_0;RMAP_157_4_1;RMAP_157_5_0;RMAP_157_5_1;RMAP_157_6_0;RMAP_157_8_0;RMAP_157_8_1;RMAP_157_11_0;RMAP_157_12_0;RMAP_157_13_0;RMAP_157_15_0,RMAP_159_1_0;RMAP_159_3_0;RMAP_159_3_1;RMAP_159_6_0;RMAP_159_6_1;RMAP_159_6_2;RMAP_159_6_3;RMAP_159_7_0;RMAP_159_7_1;RMAP_159_10_0;RMAP_159_10_1;RMAP_159_11_0;RMAP_159_11_1;RMAP_159_11_2;RMAP_159_11_3
F157_051_00,D07_SAFETY_GOTO,6825,F159_020_00,20,field-and-entrance-resolved,,RMAP_157_1_0;RMAP_157_1_1;RMAP_157_4_0;RMAP_157_4_1;RMAP_157_5_0;RMAP_157_5_1;RMAP_157_6_0;RMAP_157_8_0;RMAP_157_8_1;RMAP_157_11_0;RMAP_157_12_0;RMAP_157_13_0;RMAP_157_15_0,RMAP_159_20_0;RMAP_159_20_1
F157_051_00,D07_SAFETY_GOTO,6829,F159_051_00,12,entrance-id-missing,,RMAP_157_1_0;RMAP_157_1_1;RMAP_157_4_0;RMAP_157_4_1;RMAP_157_5_0;RMAP_157_5_1;RMAP_157_6_0;RMAP_157_8_0;RMAP_157_8_1;RMAP_157_11_0;RMAP_157_12_0;RMAP_157_13_0;RMAP_157_15_0,RMAP_159_1_0;RMAP_159_3_0;RMAP_159_3_1;RMAP_159_6_0;RMAP_159_6_1;RMAP_159_6_2;RMAP_159_6_3;RMAP_159_7_0;RMAP_159_7_1;RMAP_159_10_0;RMAP_159_10_1;RMAP_159_11_0;RMAP_159_11_1;RMAP_159_11_2;RMAP_159_11_3
F157_051_00,D07_SAFETY_GOTO,6838,F159_010_00,20,field-and-entrance-resolved,,RMAP_157_1_0;RMAP_157_1_1;RMAP_157_4_0;RMAP_157_4_1;RMAP_157_5_0;RMAP_157_5_1;RMAP_157_6_0;RMAP_157_8_0;RMAP_157_8_1;RMAP_157_11_0;RMAP_157_12_0;RMAP_157_13_0;RMAP_157_15_0,RMAP_159_10_0;RMAP_159_10_1
F157_051_00,D07_SAFETY_GOTO,6842,F159_051_00,13,entrance-id-missing,,RMAP_157_1_0;RMAP_157_1_1;RMAP_157_4_0;RMAP_157_4_1;RMAP_157_5_0;RMAP_157_5_1;RMAP_157_6_0;RMAP_157_8_0;RMAP_157_8_1;RMAP_157_11_0;RMAP_157_12_0;RMAP_157_13_0;RMAP_157_15_0,RMAP_159_1_0;RMAP_159_3_0;RMAP_159_3_1;RMAP_159_6_0;RMAP_159_6_1;RMAP_159_6_2;RMAP_159_6_3;RMAP_159_7_0;RMAP_159_7_1;RMAP_159_10_0;RMAP_159_10_1;RMAP_159_11_0;RMAP_159_11_1;RMAP_159_11_2;RMAP_159_11_3
F157_051_00,D07_SAFETY_GOTO,6851,F159_025_00,20,field-and-entrance-resolved,,RMAP_157_1_0;RMAP_157_1_1;RMAP_157_4_0;RMAP_157_4_1;RMAP_157_5_0;RMAP_157_5_1;RMAP_157_6_0;RMAP_157_8_0;RMAP_157_8_1;RMAP_157_11_0;RMAP_157_12_0;RMAP_157_13_0;RMAP_157_15_0,RMAP_159_25_0;RMAP_159_25_1
F157_051_00,D07_SAFETY_GOTO,6855,F159_051_00,17,entrance-id-missing,,RMAP_157_1_0;RMAP_157_1_1;RMAP_157_4_0;RMAP_157_4_1;RMAP_157_5_0;RMAP_157_5_1;RMAP_157_6_0;RMAP_157_8_0;RMAP_157_8_1;RMAP_157_11_0;RMAP_157_12_0;RMAP_157_13_0;RMAP_157_15_0,RMAP_159_1_0;RMAP_159_3_0;RMAP_159_3_1;RMAP_159_6_0;RMAP_159_6_1;RMAP_159_6_2;RMAP_159_6_3;RMAP_159_7_0;RMAP_159_7_1;RMAP_159_10_0;RMAP_159_10_1;RMAP_159_11_0;RMAP_159_11_1;RMAP_159_11_2;RMAP_159_11_3
F157_051_00,D07_SAFETY_GOTO,6864,F159_007_00,20,field-and-entrance-resolved,,RMAP_157_1_0;RMAP_157_1_1;RMAP_157_4_0;RMAP_157_4_1;RMAP_157_5_0;RMAP_157_5_1;RMAP_157_6_0;RMAP_157_8_0;RMAP_157_8_1;RMAP_157_11_0;RMAP_157_12_0;RMAP_157_13_0;RMAP_157_15_0,RMAP_159_7_0;RMAP_159_7_1
F157_051_00,D07_SAFETY_GOTO,6868,F159_051_00,14,entrance-id-missing,,RMAP_157_1_0;RMAP_157_1_1;RMAP_157_4_0;RMAP_157_4_1;RMAP_157_5_0;RMAP_157_5_1;RMAP_157_6_0;RMAP_157_8_0;RMAP_157_8_1;RMAP_157_11_0;RMAP_157_12_0;RMAP_157_13_0;RMAP_157_15_0,RMAP_159_1_0;RMAP_159_3_0;RMAP_159_3_1;RMAP_159_6_0;RMAP_159_6_1;RMAP_159_6_2;RMAP_159_6_3;RMAP_159_7_0;RMAP_159_7_1;RMAP_159_10_0;RMAP_159_10_1;RMAP_159_11_0;RMAP_159_11_1;RMAP_159_11_2;RMAP_159_11_3
F157_051_00,D07_SAFETY_GOTO,6877,F159_006_00,20,field-and-entrance-resolved,,RMAP_157_1_0;RMAP_157_1_1;RMAP_157_4_0;RMAP_157_4_1;RMAP_157_5_0;RMAP_157_5_1;RMAP_157_6_0;RMAP_157_8_0;RMAP_157_8_1;RMAP_157_11_0;RMAP_157_12_0;RMAP_157_13_0;RMAP_157_15_0,RMAP_159_6_0;RMAP_159_6_1;RMAP_159_6_2;RMAP_159_6_3
F157_051_00,D07_SAFETY_GOTO,6881,F159_051_00,15,entrance-id-missing,,RMAP_157_1_0;RMAP_157_1_1;RMAP_157_4_0;RMAP_157_4_1;RMAP_157_5_0;RMAP_157_5_1;RMAP_157_6_0;RMAP_157_8_0;RMAP_157_8_1;RMAP_157_11_0;RMAP_157_12_0;RMAP_157_13_0;RMAP_157_15_0,RMAP_159_1_0;RMAP_159_3_0;RMAP_159_3_1;RMAP_159_6_0;RMAP_159_6_1;RMAP_159_6_2;RMAP_159_6_3;RMAP_159_7_0;RMAP_159_7_1;RMAP_159_10_0;RMAP_159_10_1;RMAP_159_11_0;RMAP_159_11_1;RMAP_159_11_2;RMAP_159_11_3
F157_051_00,D07_SAFETY_GOTO,6890,F159_011_00,20,field-and-entrance-resolved,,RMAP_157_1_0;RMAP_157_1_1;RMAP_157_4_0;RMAP_157_4_1;RMAP_157_5_0;RMAP_157_5_1;RMAP_157_6_0;RMAP_157_8_0;RMAP_157_8_1;RMAP_157_11_0;RMAP_157_12_0;RMAP_157_13_0;RMAP_157_15_0,RMAP_159_11_0;RMAP_159_11_1;RMAP_159_11_2;RMAP_159_11_3;RMAP_159_11_4
F157_051_00,D07_SAFETY_GOTO,6894,,,dynamic-arguments,,RMAP_157_1_0;RMAP_157_1_1;RMAP_157_4_0;RMAP_157_4_1;RMAP_157_5_0;RMAP_157_5_1;RMAP_157_6_0;RMAP_157_8_0;RMAP_157_8_1;RMAP_157_11_0;RMAP_157_12_0;RMAP_157_13_0;RMAP_157_15_0,
F157_051_00,D07_SAFETY_GOTO,6903,F159_003_00,20,field-and-entrance-resolved,,RMAP_157_1_0;RMAP_157_1_1;RMAP_157_4_0;RMAP_157_4_1;RMAP_157_5_0;RMAP_157_5_1;RMAP_157_6_0;RMAP_157_8_0;RMAP_157_8_1;RMAP_157_11_0;RMAP_157_12_0;RMAP_157_13_0;RMAP_157_15_0,RMAP_159_3_0;RMAP_159_3_1
F157_051_00,D07_SAFETY_GOTO,6907,F159_051_00,18,entrance-id-missing,,RMAP_157_1_0;RMAP_157_1_1;RMAP_157_4_0;RMAP_157_4_1;RMAP_157_5_0;RMAP_157_5_1;RMAP_157_6_0;RMAP_157_8_0;RMAP_157_8_1;RMAP_157_11_0;RMAP_157_12_0;RMAP_157_13_0;RMAP_157_15_0,RMAP_159_1_0;RMAP_159_3_0;RMAP_159_3_1;RMAP_159_6_0;RMAP_159_6_1;RMAP_159_6_2;RMAP_159_6_3;RMAP_159_7_0;RMAP_159_7_1;RMAP_159_10_0;RMAP_159_10_1;RMAP_159_11_0;RMAP_159_11_1;RMAP_159_11_2;RMAP_159_11_3
F157_051_00,D08_SAFETY_GOTO,6937,F161_001_00,0,field-and-entrance-resolved,,RMAP_157_1_0;RMAP_157_1_1;RMAP_157_4_0;RMAP_157_4_1;RMAP_157_5_0;RMAP_157_5_1;RMAP_157_6_0;RMAP_157_8_0;RMAP_157_8_1;RMAP_157_11_0;RMAP_157_12_0;RMAP_157_13_0;RMAP_157_15_0,RMAP_161_1_0
F157_051_00,D08_SAFETY_GOTO,6944,F161_006_00,20,field-and-entrance-resolved,,RMAP_157_1_0;RMAP_157_1_1;RMAP_157_4_0;RMAP_157_4_1;RMAP_157_5_0;RMAP_157_5_1;RMAP_157_6_0;RMAP_157_8_0;RMAP_157_8_1;RMAP_157_11_0;RMAP_157_12_0;RMAP_157_13_0;RMAP_157_15_0,RMAP_161_6_0
F157_051_00,D08_SAFETY_GOTO,6948,F161_051_00,11,entrance-id-missing,,RMAP_157_1_0;RMAP_157_1_1;RMAP_157_4_0;RMAP_157_4_1;RMAP_157_5_0;RMAP_157_5_1;RMAP_157_6_0;RMAP_157_8_0;RMAP_157_8_1;RMAP_157_11_0;RMAP_157_12_0;RMAP_157_13_0;RMAP_157_15_0,RMAP_160_1_0;RMAP_160_6_0;RMAP_161_1_0;RMAP_161_6_0;RMAP_161_10_0
F157_051_00,D08_SAFETY_GOTO,6957,F161_010_00,20,field-and-entrance-resolved,,RMAP_157_1_0;RMAP_157_1_1;RMAP_157_4_0;RMAP_157_4_1;RMAP_157_5_0;RMAP_157_5_1;RMAP_157_6_0;RMAP_157_8_0;RMAP_157_8_1;RMAP_157_11_0;RMAP_157_12_0;RMAP_157_13_0;RMAP_157_15_0,RMAP_161_10_0
F157_051_00,D08_SAFETY_GOTO,6961,F161_051_00,12,entrance-id-missing,,RMAP_157_1_0;RMAP_157_1_1;RMAP_157_4_0;RMAP_157_4_1;RMAP_157_5_0;RMAP_157_5_1;RMAP_157_6_0;RMAP_157_8_0;RMAP_157_8_1;RMAP_157_11_0;RMAP_157_12_0;RMAP_157_13_0;RMAP_157_15_0,RMAP_160_1_0;RMAP_160_6_0;RMAP_161_1_0;RMAP_161_6_0;RMAP_161_10_0
F157_051_00,D08_SAFETY_GOTO,6970,F161_003_00,20,field-and-entrance-resolved,,RMAP_157_1_0;RMAP_157_1_1;RMAP_157_4_0;RMAP_157_4_1;RMAP_157_5_0;RMAP_157_5_1;RMAP_157_6_0;RMAP_157_8_0;RMAP_157_8_1;RMAP_157_11_0;RMAP_157_12_0;RMAP_157_13_0;RMAP_157_15_0,RMAP_161_3_0
F157_051_00,D08_SAFETY_GOTO,6974,F161_051_00,13,entrance-id-missing,,RMAP_157_1_0;RMAP_157_1_1;RMAP_157_4_0;RMAP_157_4_1;RMAP_157_5_0;RMAP_157_5_1;RMAP_157_6_0;RMAP_157_8_0;RMAP_157_8_1;RMAP_157_11_0;RMAP_157_12_0;RMAP_157_13_0;RMAP_157_15_0,RMAP_160_1_0;RMAP_160_6_0;RMAP_161_1_0;RMAP_161_6_0;RMAP_161_10_0
F157_051_00,D08_SAFETY_GOTO,6983,F161_008_00,20,field-and-entrance-resolved,,RMAP_157_1_0;RMAP_157_1_1;RMAP_157_4_0;RMAP_157_4_1;RMAP_157_5_0;RMAP_157_5_1;RMAP_157_6_0;RMAP_157_8_0;RMAP_157_8_1;RMAP_157_11_0;RMAP_157_12_0;RMAP_157_13_0;RMAP_157_15_0,RMAP_161_8_0
F157_051_00,D08_SAFETY_GOTO,6987,F161_051_00,14,entrance-id-missing,,RMAP_157_1_0;RMAP_157_1_1;RMAP_157_4_0;RMAP_157_4_1;RMAP_157_5_0;RMAP_157_5_1;RMAP_157_6_0;RMAP_157_8_0;RMAP_157_8_1;RMAP_157_11_0;RMAP_157_12_0;RMAP_157_13_0;RMAP_157_15_0,RMAP_160_1_0;RMAP_160_6_0;RMAP_161_1_0;RMAP_161_6_0;RMAP_161_10_0
F157_051_00,LAST_SAFETY_GOTO,7017,F160_001_00,0,field-and-entrance-resolved,,RMAP_157_1_0;RMAP_157_1_1;RMAP_157_4_0;RMAP_157_4_1;RMAP_157_5_0;RMAP_157_5_1;RMAP_157_6_0;RMAP_157_8_0;RMAP_157_8_1;RMAP_157_11_0;RMAP_157_12_0;RMAP_157_13_0;RMAP_157_15_0,RMAP_160_1_0
F157_051_00,LAST_SAFETY_GOTO,7024,F160_006_00,0,field-and-entrance-resolved,,RMAP_157_1_0;RMAP_157_1_1;RMAP_157_4_0;RMAP_157_4_1;RMAP_157_5_0;RMAP_157_5_1;RMAP_157_6_0;RMAP_157_8_0;RMAP_157_8_1;RMAP_157_11_0;RMAP_157_12_0;RMAP_157_13_0;RMAP_157_15_0,RMAP_160_6_0
F157_051_00,LAST_SAFETY_GOTO,7028,F160_006_00,0,field-and-entrance-resolved,,RMAP_157_1_0;RMAP_157_1_1;RMAP_157_4_0;RMAP_157_4_1;RMAP_157_5_0;RMAP_157_5_1;RMAP_157_6_0;RMAP_157_8_0;RMAP_157_8_1;RMAP_157_11_0;RMAP_157_12_0;RMAP_157_13_0;RMAP_157_15_0,RMAP_160_6_0
F157_051_00,D10_SAFETY_GOTO,7058,F162_001_00,20,field-and-entrance-resolved,,RMAP_157_1_0;RMAP_157_1_1;RMAP_157_4_0;RMAP_157_4_1;RMAP_157_5_0;RMAP_157_5_1;RMAP_157_6_0;RMAP_157_8_0;RMAP_157_8_1;RMAP_157_11_0;RMAP_157_12_0;RMAP_157_13_0;RMAP_157_15_0,RMAP_162_1_0
F157_051_00,D10_SAFETY_GOTO,7065,F162_003_00,20,field-and-entrance-resolved,,RMAP_157_1_0;RMAP_157_1_1;RMAP_157_4_0;RMAP_157_4_1;RMAP_157_5_0;RMAP_157_5_1;RMAP_157_6_0;RMAP_157_8_0;RMAP_157_8_1;RMAP_157_11_0;RMAP_157_12_0;RMAP_157_13_0;RMAP_157_15_0,RMAP_162_3_0;RMAP_162_3_1
F157_051_00,D10_SAFETY_GOTO,7069,F162_051_00,11,entrance-id-missing,,RMAP_157_1_0;RMAP_157_1_1;RMAP_157_4_0;RMAP_157_4_1;RMAP_157_5_0;RMAP_157_5_1;RMAP_157_6_0;RMAP_157_8_0;RMAP_157_8_1;RMAP_157_11_0;RMAP_157_12_0;RMAP_157_13_0;RMAP_157_15_0,RMAP_162_1_0;RMAP_162_3_0;RMAP_162_4_0;RMAP_162_9_0;RMAP_162_11_0;RMAP_162_12_0;RMAP_162_14_0;RMAP_162_15_0
F157_051_00,D10_SAFETY_GOTO,7078,F162_009_00,20,field-and-entrance-resolved,,RMAP_157_1_0;RMAP_157_1_1;RMAP_157_4_0;RMAP_157_4_1;RMAP_157_5_0;RMAP_157_5_1;RMAP_157_6_0;RMAP_157_8_0;RMAP_157_8_1;RMAP_157_11_0;RMAP_157_12_0;RMAP_157_13_0;RMAP_157_15_0,RMAP_162_9_0;RMAP_162_9_1;RMAP_162_9_2;RMAP_162_9_3;RMAP_162_9_4
F157_051_00,D10_SAFETY_GOTO,7082,F162_051_00,12,entrance-id-missing,,RMAP_157_1_0;RMAP_157_1_1;RMAP_157_4_0;RMAP_157_4_1;RMAP_157_5_0;RMAP_157_5_1;RMAP_157_6_0;RMAP_157_8_0;RMAP_157_8_1;RMAP_157_11_0;RMAP_157_12_0;RMAP_157_13_0;RMAP_157_15_0,RMAP_162_1_0;RMAP_162_3_0;RMAP_162_4_0;RMAP_162_9_0;RMAP_162_11_0;RMAP_162_12_0;RMAP_162_14_0;RMAP_162_15_0
F157_051_00,D10_SAFETY_GOTO,7091,F162_014_00,20,field-and-entrance-resolved,,RMAP_157_1_0;RMAP_157_1_1;RMAP_157_4_0;RMAP_157_4_1;RMAP_157_5_0;RMAP_157_5_1;RMAP_157_6_0;RMAP_157_8_0;RMAP_157_8_1;RMAP_157_11_0;RMAP_157_12_0;RMAP_157_13_0;RMAP_157_15_0,RMAP_162_14_0;RMAP_162_14_1;RMAP_162_14_2;RMAP_162_14_3
F157_051_00,D10_SAFETY_GOTO,7095,F162_052_00,13,entrance-id-missing,,RMAP_157_1_0;RMAP_157_1_1;RMAP_157_4_0;RMAP_157_4_1;RMAP_157_5_0;RMAP_157_5_1;RMAP_157_6_0;RMAP_157_8_0;RMAP_157_8_1;RMAP_157_11_0;RMAP_157_12_0;RMAP_157_13_0;RMAP_157_15_0,RMAP_162_1_0;RMAP_162_3_0;RMAP_162_4_0;RMAP_162_9_0;RMAP_162_11_0;RMAP_162_12_0;RMAP_162_14_0;RMAP_162_15_0
F157_051_00,D10_SAFETY_GOTO,7104,F162_015_00,20,field-and-entrance-resolved,,RMAP_157_1_0;RMAP_157_1_1;RMAP_157_4_0;RMAP_157_4_1;RMAP_157_5_0;RMAP_157_5_1;RMAP_157_6_0;RMAP_157_8_0;RMAP_157_8_1;RMAP_157_11_0;RMAP_157_12_0;RMAP_157_13_0;RMAP_157_15_0,RMAP_162_15_0;RMAP_162_15_1;RMAP_162_15_2
F157_051_00,D10_SAFETY_GOTO,7108,F162_052_00,14,entrance-id-missing,,RMAP_157_1_0;RMAP_157_1_1;RMAP_157_4_0;RMAP_157_4_1;RMAP_157_5_0;RMAP_157_5_1;RMAP_157_6_0;RMAP_157_8_0;RMAP_157_8_1;RMAP_157_11_0;RMAP_157_12_0;RMAP_157_13_0;RMAP_157_15_0,RMAP_162_1_0;RMAP_162_3_0;RMAP_162_4_0;RMAP_162_9_0;RMAP_162_11_0;RMAP_162_12_0;RMAP_162_14_0;RMAP_162_15_0
F157_051_00,D10_SAFETY_GOTO,7117,F162_012_00,20,field-and-entrance-resolved,,RMAP_157_1_0;RMAP_157_1_1;RMAP_157_4_0;RMAP_157_4_1;RMAP_157_5_0;RMAP_157_5_1;RMAP_157_6_0;RMAP_157_8_0;RMAP_157_8_1;RMAP_157_11_0;RMAP_157_12_0;RMAP_157_13_0;RMAP_157_15_0,RMAP_162_12_0;RMAP_162_12_1
F157_051_00,D10_SAFETY_GOTO,7121,F162_052_00,15,entrance-id-missing,,RMAP_157_1_0;RMAP_157_1_1;RMAP_157_4_0;RMAP_157_4_1;RMAP_157_5_0;RMAP_157_5_1;RMAP_157_6_0;RMAP_157_8_0;RMAP_157_8_1;RMAP_157_11_0;RMAP_157_12_0;RMAP_157_13_0;RMAP_157_15_0,RMAP_162_1_0;RMAP_162_3_0;RMAP_162_4_0;RMAP_162_9_0;RMAP_162_11_0;RMAP_162_12_0;RMAP_162_14_0;RMAP_162_15_0
F157_051_00,D10_SAFETY_GOTO,7130,F162_005_00,20,entrance-id-missing,,RMAP_157_1_0;RMAP_157_1_1;RMAP_157_4_0;RMAP_157_4_1;RMAP_157_5_0;RMAP_157_5_1;RMAP_157_6_0;RMAP_157_8_0;RMAP_157_8_1;RMAP_157_11_0;RMAP_157_12_0;RMAP_157_13_0;RMAP_157_15_0,RMAP_162_5_0
F157_051_00,D10_SAFETY_GOTO,7134,,,dynamic-arguments,,RMAP_157_1_0;RMAP_157_1_1;RMAP_157_4_0;RMAP_157_4_1;RMAP_157_5_0;RMAP_157_5_1;RMAP_157_6_0;RMAP_157_8_0;RMAP_157_8_1;RMAP_157_11_0;RMAP_157_12_0;RMAP_157_13_0;RMAP_157_15_0,
F157_051_00,D10_SAFETY_GOTO,7143,,,dynamic-arguments,,RMAP_157_1_0;RMAP_157_1_1;RMAP_157_4_0;RMAP_157_4_1;RMAP_157_5_0;RMAP_157_5_1;RMAP_157_6_0;RMAP_157_8_0;RMAP_157_8_1;RMAP_157_11_0;RMAP_157_12_0;RMAP_157_13_0;RMAP_157_15_0,
F157_051_00,D10_SAFETY_GOTO,7147,F162_052_00,17,entrance-id-missing,,RMAP_157_1_0;RMAP_157_1_1;RMAP_157_4_0;RMAP_157_4_1;RMAP_157_5_0;RMAP_157_5_1;RMAP_157_6_0;RMAP_157_8_0;RMAP_157_8_1;RMAP_157_11_0;RMAP_157_12_0;RMAP_157_13_0;RMAP_157_15_0,RMAP_162_1_0;RMAP_162_3_0;RMAP_162_4_0;RMAP_162_9_0;RMAP_162_11_0;RMAP_162_12_0;RMAP_162_14_0;RMAP_162_15_0
F157_051_00,D10_SAFETY_GOTO,7156,F162_002_00,20,field-and-entrance-resolved,,RMAP_157_1_0;RMAP_157_1_1;RMAP_157_4_0;RMAP_157_4_1;RMAP_157_5_0;RMAP_157_5_1;RMAP_157_6_0;RMAP_157_8_0;RMAP_157_8_1;RMAP_157_11_0;RMAP_157_12_0;RMAP_157_13_0;RMAP_157_15_0,RMAP_162_2_0;RMAP_162_2_1;RMAP_162_2_2;RMAP_162_2_3
F157_051_00,D10_SAFETY_GOTO,7160,F162_051_00,18,entrance-id-missing,,RMAP_157_1_0;RMAP_157_1_1;RMAP_157_4_0;RMAP_157_4_1;RMAP_157_5_0;RMAP_157_5_1;RMAP_157_6_0;RMAP_157_8_0;RMAP_157_8_1;RMAP_157_11_0;RMAP_157_12_0;RMAP_157_13_0;RMAP_157_15_0,RMAP_162_1_0;RMAP_162_3_0;RMAP_162_4_0;RMAP_162_9_0;RMAP_162_11_0;RMAP_162_12_0;RMAP_162_14_0;RMAP_162_15_0
F157_051_00,D10_SAFETY_GOTO,7169,F162_011_00,20,field-and-entrance-resolved,,RMAP_157_1_0;RMAP_157_1_1;RMAP_157_4_0;RMAP_157_4_1;RMAP_157_5_0;RMAP_157_5_1;RMAP_157_6_0;RMAP_157_8_0;RMAP_157_8_1;RMAP_157_11_0;RMAP_157_12_0;RMAP_157_13_0;RMAP_157_15_0,RMAP_162_11_0;RMAP_162_11_1;RMAP_162_11_2
F157_051_00,D10_SAFETY_GOTO,7173,F162_052_00,19,entrance-id-missing,,RMAP_157_1_0;RMAP_157_1_1;RMAP_157_4_0;RMAP_157_4_1;RMAP_157_5_0;RMAP_157_5_1;RMAP_157_6_0;RMAP_157_8_0;RMAP_157_8_1;RMAP_157_11_0;RMAP_157_12_0;RMAP_157_13_0;RMAP_157_15_0,RMAP_162_1_0;RMAP_162_3_0;RMAP_162_4_0;RMAP_162_9_0;RMAP_162_11_0;RMAP_162_12_0;RMAP_162_14_0;RMAP_162_15_0
F157_052_00,GOTO_ENTRANCE_ACTION,4266,F151_001_00,2,field-and-entrance-resolved,"1,2",RMAP_157_1_0;RMAP_157_1_1;RMAP_157_4_0;RMAP_157_4_1;RMAP_157_5_0;RMAP_157_5_1;RMAP_157_6_0;RMAP_157_8_0;RMAP_157_8_1;RMAP_157_11_0;RMAP_157_12_0;RMAP_157_13_0;RMAP_157_15_0,RMAP_151_1_0;RMAP_151_1_1
F157_052_00,GOTO_ENTRANCE_ACTION,4270,F153_001_00,2,field-and-entrance-resolved,"1,2",RMAP_157_1_0;RMAP_157_1_1;RMAP_157_4_0;RMAP_157_4_1;RMAP_157_5_0;RMAP_157_5_1;RMAP_157_6_0;RMAP_157_8_0;RMAP_157_8_1;RMAP_157_11_0;RMAP_157_12_0;RMAP_157_13_0;RMAP_157_15_0,RMAP_153_1_0
F157_052_00,GOTO_ENTRANCE_ACTION,4274,F154_001_00,2,field-and-entrance-resolved,"1,2",RMAP_157_1_0;RMAP_157_1_1;RMAP_157_4_0;RMAP_157_4_1;RMAP_157_5_0;RMAP_157_5_1;RMAP_157_6_0;RMAP_157_8_0;RMAP_157_8_1;RMAP_157_11_0;RMAP_157_12_0;RMAP_157_13_0;RMAP_157_15_0,RMAP_154_1_0
F157_052_00,GOTO_ENTRANCE_ACTION,4278,F155_001_00,5,field-and-entrance-resolved,"1,2",RMAP_157_1_0;RMAP_157_1_1;RMAP_157_4_0;RMAP_157_4_1;RMAP_157_5_0;RMAP_157_5_1;RMAP_157_6_0;RMAP_157_8_0;RMAP_157_8_1;RMAP_157_11_0;RMAP_157_12_0;RMAP_157_13_0;RMAP_157_15_0,RMAP_155_1_0
F157_052_00,GOTO_ENTRANCE_ACTION,4282,F156_001_00,2,field-and-entrance-resolved,"1,2",RMAP_157_1_0;RMAP_157_1_1;RMAP_157_4_0;RMAP_157_4_1;RMAP_157_5_0;RMAP_157_5_1;RMAP_157_6_0;RMAP_157_8_0;RMAP_157_8_1;RMAP_157_11_0;RMAP_157_12_0;RMAP_157_13_0;RMAP_157_15_0,RMAP_156_1_0
F157_052_00,GOTO_ENTRANCE_ACTION,4286,F157_001_00,2,field-and-entrance-resolved,"1,2",RMAP_157_1_0;RMAP_157_1_1;RMAP_157_4_0;RMAP_157_4_1;RMAP_157_5_0;RMAP_157_5_1;RMAP_157_6_0;RMAP_157_8_0;RMAP_157_8_1;RMAP_157_11_0;RMAP_157_12_0;RMAP_157_13_0;RMAP_157_15_0,RMAP_157_1_0;RMAP_157_1_1
F157_052_00,GOTO_ENTRANCE_ACTION,4290,F159_001_00,2,field-and-entrance-resolved,"1,2",RMAP_157_1_0;RMAP_157_1_1;RMAP_157_4_0;RMAP_157_4_1;RMAP_157_5_0;RMAP_157_5_1;RMAP_157_6_0;RMAP_157_8_0;RMAP_157_8_1;RMAP_157_11_0;RMAP_157_12_0;RMAP_157_13_0;RMAP_157_15_0,RMAP_159_1_0
F157_052_00,GOTO_ENTRANCE_ACTION,4294,F161_001_00,0,field-and-entrance-resolved,"1,2",RMAP_157_1_0;RMAP_157_1_1;RMAP_157_4_0;RMAP_157_4_1;RMAP_157_5_0;RMAP_157_5_1;RMAP_157_6_0;RMAP_157_8_0;RMAP_157_8_1;RMAP_157_11_0;RMAP_157_12_0;RMAP_157_13_0;RMAP_157_15_0,RMAP_161_1_0
F157_052_00,GOTO_ENTRANCE_ACTION,4298,F162_001_00,20,field-and-entrance-resolved,"1,2",RMAP_157_1_0;RMAP_157_1_1;RMAP_157_4_0;RMAP_157_4_1;RMAP_157_5_0;RMAP_157_5_1;RMAP_157_6_0;RMAP_157_8_0;RMAP_157_8_1;RMAP_157_11_0;RMAP_157_12_0;RMAP_157_13_0;RMAP_157_15_0,RMAP_162_1_0
F157_052_00,GOTO_M_ENTRANCE_ACTION,4315,F190_001_00,1,field-and-entrance-resolved,"1,2",RMAP_157_1_0;RMAP_157_1_1;RMAP_157_4_0;RMAP_157_4_1;RMAP_157_5_0;RMAP_157_5_1;RMAP_157_6_0;RMAP_157_8_0;RMAP_157_8_1;RMAP_157_11_0;RMAP_157_12_0;RMAP_157_13_0;RMAP_157_15_0,RMAP_190_1_0
F157_052_00,DEBUG_GOTO_FIELD,4681,F002_005_00,10,field-and-entrance-resolved,,RMAP_157_1_0;RMAP_157_1_1;RMAP_157_4_0;RMAP_157_4_1;RMAP_157_5_0;RMAP_157_5_1;RMAP_157_6_0;RMAP_157_8_0;RMAP_157_8_1;RMAP_157_11_0;RMAP_157_12_0;RMAP_157_13_0;RMAP_157_15_0,RMAP_002_5_0
F157_052_00,DEBUG_GOTO_FIELD,4685,F001_006_00,10,field-and-entrance-resolved,,RMAP_157_1_0;RMAP_157_1_1;RMAP_157_4_0;RMAP_157_4_1;RMAP_157_5_0;RMAP_157_5_1;RMAP_157_6_0;RMAP_157_8_0;RMAP_157_8_1;RMAP_157_11_0;RMAP_157_12_0;RMAP_157_13_0;RMAP_157_15_0,RMAP_001_5_0
F157_052_00,DEBUG_GOTO_FIELD,4689,F001_006_00,10,field-and-entrance-resolved,,RMAP_157_1_0;RMAP_157_1_1;RMAP_157_4_0;RMAP_157_4_1;RMAP_157_5_0;RMAP_157_5_1;RMAP_157_6_0;RMAP_157_8_0;RMAP_157_8_1;RMAP_157_11_0;RMAP_157_12_0;RMAP_157_13_0;RMAP_157_15_0,RMAP_001_5_0
F157_052_00,DEBUG_GOTO_FIELD,4693,F003_002_01,50,field-and-entrance-resolved,,RMAP_157_1_0;RMAP_157_1_1;RMAP_157_4_0;RMAP_157_4_1;RMAP_157_5_0;RMAP_157_5_1;RMAP_157_6_0;RMAP_157_8_0;RMAP_157_8_1;RMAP_157_11_0;RMAP_157_12_0;RMAP_157_13_0;RMAP_157_15_0,RMAP_009_2_0
F157_052_00,DEBUG_GOTO_FIELD,4697,F003_002_01,50,field-and-entrance-resolved,,RMAP_157_1_0;RMAP_157_1_1;RMAP_157_4_0;RMAP_157_4_1;RMAP_157_5_0;RMAP_157_5_1;RMAP_157_6_0;RMAP_157_8_0;RMAP_157_8_1;RMAP_157_11_0;RMAP_157_12_0;RMAP_157_13_0;RMAP_157_15_0,RMAP_009_2_0
F157_052_00,DEBUG_GOTO_FIELD,4701,F003_002_01,50,field-and-entrance-resolved,,RMAP_157_1_0;RMAP_157_1_1;RMAP_157_4_0;RMAP_157_4_1;RMAP_157_5_0;RMAP_157_5_1;RMAP_157_6_0;RMAP_157_8_0;RMAP_157_8_1;RMAP_157_11_0;RMAP_157_12_0;RMAP_157_13_0;RMAP_157_15_0,RMAP_009_2_0
F157_052_00,DEBUG_GOTO_FIELD,4705,F003_002_00,51,field-and-entrance-resolved,,RMAP_157_1_0;RMAP_157_1_1;RMAP_157_4_0;RMAP_157_4_1;RMAP_157_5_0;RMAP_157_5_1;RMAP_157_6_0;RMAP_157_8_0;RMAP_157_8_1;RMAP_157_11_0;RMAP_157_12_0;RMAP_157_13_0;RMAP_157_15_0,RMAP_009_2_0
F157_052_00,DEBUG_GOTO_FIELD,4709,F003_002_00,51,field-and-entrance-resolved,,RMAP_157_1_0;RMAP_157_1_1;RMAP_157_4_0;RMAP_157_4_1;RMAP_157_5_0;RMAP_157_5_1;RMAP_157_6_0;RMAP_157_8_0;RMAP_157_8_1;RMAP_157_11_0;RMAP_157_12_0;RMAP_157_13_0;RMAP_157_15_0,RMAP_009_2_0
F157_052_00,DEBUG_GOTO_FIELD,4713,F003_002_00,51,field-and-entrance-resolved,,RMAP_157_1_0;RMAP_157_1_1;RMAP_157_4_0;RMAP_157_4_1;RMAP_157_5_0;RMAP_157_5_1;RMAP_157_6_0;RMAP_157_8_0;RMAP_157_8_1;RMAP_157_11_0;RMAP_157_12_0;RMAP_157_13_0;RMAP_157_15_0,RMAP_009_2_0
F157_052_00,DEBUG_GOTO_FIELD,4717,F003_002_00,51,field-and-entrance-resolved,,RMAP_157_1_0;RMAP_157_1_1;RMAP_157_4_0;RMAP_157_4_1;RMAP_157_5_0;RMAP_157_5_1;RMAP_157_6_0;RMAP_157_8_0;RMAP_157_8_1;RMAP_157_11_0;RMAP_157_12_0;RMAP_157_13_0;RMAP_157_15_0,RMAP_009_2_0
F157_052_00,D01_SAFETY_GOTO,6070,F151_001_00,2,field-and-entrance-resolved,,RMAP_157_1_0;RMAP_157_1_1;RMAP_157_4_0;RMAP_157_4_1;RMAP_157_5_0;RMAP_157_5_1;RMAP_157_6_0;RMAP_157_8_0;RMAP_157_8_1;RMAP_157_11_0;RMAP_157_12_0;RMAP_157_13_0;RMAP_157_15_0,RMAP_151_1_0;RMAP_151_1_1
F157_052_00,D01_SAFETY_GOTO,6077,F152_001_00,20,field-and-entrance-resolved,,RMAP_157_1_0;RMAP_157_1_1;RMAP_157_4_0;RMAP_157_4_1;RMAP_157_5_0;RMAP_157_5_1;RMAP_157_6_0;RMAP_157_8_0;RMAP_157_8_1;RMAP_157_11_0;RMAP_157_12_0;RMAP_157_13_0;RMAP_157_15_0,RMAP_152_1_0;RMAP_152_1_1
F157_052_00,D01_SAFETY_GOTO,6081,F152_051_00,21,entrance-id-missing,,RMAP_157_1_0;RMAP_157_1_1;RMAP_157_4_0;RMAP_157_4_1;RMAP_157_5_0;RMAP_157_5_1;RMAP_157_6_0;RMAP_157_8_0;RMAP_157_8_1;RMAP_157_11_0;RMAP_157_12_0;RMAP_157_13_0;RMAP_157_15_0,RMAP_151_1_0;RMAP_151_2_0;RMAP_151_3_0;RMAP_151_5_0;RMAP_151_7_0;RMAP_151_11_0;RMAP_152_1_0;RMAP_152_1_1
F157_052_00,D01_SAFETY_GOTO,6090,F151_014_00,20,field-and-entrance-resolved,,RMAP_157_1_0;RMAP_157_1_1;RMAP_157_4_0;RMAP_157_4_1;RMAP_157_5_0;RMAP_157_5_1;RMAP_157_6_0;RMAP_157_8_0;RMAP_157_8_1;RMAP_157_11_0;RMAP_157_12_0;RMAP_157_13_0;RMAP_157_15_0,RMAP_151_2_0;RMAP_151_2_1;RMAP_151_2_2
F157_052_00,D01_SAFETY_GOTO,6094,F151_051_00,11,entrance-id-missing,,RMAP_157_1_0;RMAP_157_1_1;RMAP_157_4_0;RMAP_157_4_1;RMAP_157_5_0;RMAP_157_5_1;RMAP_157_6_0;RMAP_157_8_0;RMAP_157_8_1;RMAP_157_11_0;RMAP_157_12_0;RMAP_157_13_0;RMAP_157_15_0,RMAP_151_1_0;RMAP_151_2_0;RMAP_151_3_0;RMAP_151_5_0;RMAP_151_7_0;RMAP_151_11_0;RMAP_152_1_0;RMAP_152_1_1
F157_052_00,D01_SAFETY_GOTO,6103,F151_002_00,20,field-and-entrance-resolved,,RMAP_157_1_0;RMAP_157_1_1;RMAP_157_4_0;RMAP_157_4_1;RMAP_157_5_0;RMAP_157_5_1;RMAP_157_6_0;RMAP_157_8_0;RMAP_157_8_1;RMAP_157_11_0;RMAP_157_12_0;RMAP_157_13_0;RMAP_157_15_0,RMAP_151_2_0;RMAP_151_2_1;RMAP_151_2_2
F157_052_00,D01_SAFETY_GOTO,6107,F151_051_00,12,entrance-id-missing,,RMAP_157_1_0;RMAP_157_1_1;RMAP_157_4_0;RMAP_157_4_1;RMAP_157_5_0;RMAP_157_5_1;RMAP_157_6_0;RMAP_157_8_0;RMAP_157_8_1;RMAP_157_11_0;RMAP_157_12_0;RMAP_157_13_0;RMAP_157_15_0,RMAP_151_1_0;RMAP_151_2_0;RMAP_151_3_0;RMAP_151_5_0;RMAP_151_7_0;RMAP_151_11_0;RMAP_152_1_0;RMAP_152_1_1
F157_052_00,D01_SAFETY_GOTO,6116,F151_004_00,20,field-and-entrance-resolved,,RMAP_157_1_0;RMAP_157_1_1;RMAP_157_4_0;RMAP_157_4_1;RMAP_157_5_0;RMAP_157_5_1;RMAP_157_6_0;RMAP_157_8_0;RMAP_157_8_1;RMAP_157_11_0;RMAP_157_12_0;RMAP_157_13_0;RMAP_157_15_0,RMAP_151_4_0;RMAP_151_4_1;RMAP_151_4_2
F157_052_00,D01_SAFETY_GOTO,6120,F151_051_00,13,entrance-id-missing,,RMAP_157_1_0;RMAP_157_1_1;RMAP_157_4_0;RMAP_157_4_1;RMAP_157_5_0;RMAP_157_5_1;RMAP_157_6_0;RMAP_157_8_0;RMAP_157_8_1;RMAP_157_11_0;RMAP_157_12_0;RMAP_157_13_0;RMAP_157_15_0,RMAP_151_1_0;RMAP_151_2_0;RMAP_151_3_0;RMAP_151_5_0;RMAP_151_7_0;RMAP_151_11_0;RMAP_152_1_0;RMAP_152_1_1
F157_052_00,D01_SAFETY_GOTO,6129,F151_005_00,20,field-and-entrance-resolved,,RMAP_157_1_0;RMAP_157_1_1;RMAP_157_4_0;RMAP_157_4_1;RMAP_157_5_0;RMAP_157_5_1;RMAP_157_6_0;RMAP_157_8_0;RMAP_157_8_1;RMAP_157_11_0;RMAP_157_12_0;RMAP_157_13_0;RMAP_157_15_0,RMAP_151_5_0;RMAP_151_5_1;RMAP_151_5_2
F157_052_00,D01_SAFETY_GOTO,6133,F151_051_00,14,entrance-id-missing,,RMAP_157_1_0;RMAP_157_1_1;RMAP_157_4_0;RMAP_157_4_1;RMAP_157_5_0;RMAP_157_5_1;RMAP_157_6_0;RMAP_157_8_0;RMAP_157_8_1;RMAP_157_11_0;RMAP_157_12_0;RMAP_157_13_0;RMAP_157_15_0,RMAP_151_1_0;RMAP_151_2_0;RMAP_151_3_0;RMAP_151_5_0;RMAP_151_7_0;RMAP_151_11_0;RMAP_152_1_0;RMAP_152_1_1
F157_052_00,D01_SAFETY_GOTO,6142,F151_007_00,20,field-and-entrance-resolved,,RMAP_157_1_0;RMAP_157_1_1;RMAP_157_4_0;RMAP_157_4_1;RMAP_157_5_0;RMAP_157_5_1;RMAP_157_6_0;RMAP_157_8_0;RMAP_157_8_1;RMAP_157_11_0;RMAP_157_12_0;RMAP_157_13_0;RMAP_157_15_0,RMAP_151_7_0
F157_052_00,D01_SAFETY_GOTO,6146,F151_051_00,31,entrance-id-missing,,RMAP_157_1_0;RMAP_157_1_1;RMAP_157_4_0;RMAP_157_4_1;RMAP_157_5_0;RMAP_157_5_1;RMAP_157_6_0;RMAP_157_8_0;RMAP_157_8_1;RMAP_157_11_0;RMAP_157_12_0;RMAP_157_13_0;RMAP_157_15_0,RMAP_151_1_0;RMAP_151_2_0;RMAP_151_3_0;RMAP_151_5_0;RMAP_151_7_0;RMAP_151_11_0;RMAP_152_1_0;RMAP_152_1_1
F157_052_00,D01_SAFETY_GOTO,6155,F151_011_00,1,field-and-entrance-resolved,,RMAP_157_1_0;RMAP_157_1_1;RMAP_157_4_0;RMAP_157_4_1;RMAP_157_5_0;RMAP_157_5_1;RMAP_157_6_0;RMAP_157_8_0;RMAP_157_8_1;RMAP_157_11_0;RMAP_157_12_0;RMAP_157_13_0;RMAP_157_15_0,RMAP_151_11_0;RMAP_151_11_1
F157_052_00,D01_SAFETY_GOTO,6159,,,dynamic-arguments,,RMAP_157_1_0;RMAP_157_1_1;RMAP_157_4_0;RMAP_157_4_1;RMAP_157_5_0;RMAP_157_5_1;RMAP_157_6_0;RMAP_157_8_0;RMAP_157_8_1;RMAP_157_11_0;RMAP_157_12_0;RMAP_157_13_0;RMAP_157_15_0,
F157_052_00,D02_SAFETY_GOTO,6189,F153_001_00,2,field-and-entrance-resolved,,RMAP_157_1_0;RMAP_157_1_1;RMAP_157_4_0;RMAP_157_4_1;RMAP_157_5_0;RMAP_157_5_1;RMAP_157_6_0;RMAP_157_8_0;RMAP_157_8_1;RMAP_157_11_0;RMAP_157_12_0;RMAP_157_13_0;RMAP_157_15_0,RMAP_153_1_0
F157_052_00,D02_SAFETY_GOTO,6196,F153_012_00,2,field-and-entrance-resolved,,RMAP_157_1_0;RMAP_157_1_1;RMAP_157_4_0;RMAP_157_4_1;RMAP_157_5_0;RMAP_157_5_1;RMAP_157_6_0;RMAP_157_8_0;RMAP_157_8_1;RMAP_157_11_0;RMAP_157_12_0;RMAP_157_13_0;RMAP_157_15_0,RMAP_153_2_0;RMAP_153_2_1
F157_052_00,D02_SAFETY_GOTO,6200,F153_051_00,12,entrance-id-missing,,RMAP_157_1_0;RMAP_157_1_1;RMAP_157_4_0;RMAP_157_4_1;RMAP_157_5_0;RMAP_157_5_1;RMAP_157_6_0;RMAP_157_8_0;RMAP_157_8_1;RMAP_157_11_0;RMAP_157_12_0;RMAP_157_13_0;RMAP_157_15_0,RMAP_153_1_0;RMAP_153_2_0;RMAP_153_3_0;RMAP_153_4_0;RMAP_153_5_0;RMAP_153_6_0;RMAP_153_6_1;RMAP_153_7_0;RMAP_153_7_1;RMAP_153_9_0;RMAP_153_9_1;RMAP_153_9_2
F157_052_00,D02_SAFETY_GOTO,6209,F153_003_00,4,field-and-entrance-resolved,,RMAP_157_1_0;RMAP_157_1_1;RMAP_157_4_0;RMAP_157_4_1;RMAP_157_5_0;RMAP_157_5_1;RMAP_157_6_0;RMAP_157_8_0;RMAP_157_8_1;RMAP_157_11_0;RMAP_157_12_0;RMAP_157_13_0;RMAP_157_15_0,RMAP_153_3_0;RMAP_153_3_1;RMAP_153_3_2;RMAP_153_3_3
F157_052_00,D02_SAFETY_GOTO,6213,F153_051_00,13,entrance-id-missing,,RMAP_157_1_0;RMAP_157_1_1;RMAP_157_4_0;RMAP_157_4_1;RMAP_157_5_0;RMAP_157_5_1;RMAP_157_6_0;RMAP_157_8_0;RMAP_157_8_1;RMAP_157_11_0;RMAP_157_12_0;RMAP_157_13_0;RMAP_157_15_0,RMAP_153_1_0;RMAP_153_2_0;RMAP_153_3_0;RMAP_153_4_0;RMAP_153_5_0;RMAP_153_6_0;RMAP_153_6_1;RMAP_153_7_0;RMAP_153_7_1;RMAP_153_9_0;RMAP_153_9_1;RMAP_153_9_2
F157_052_00,D02_SAFETY_GOTO,6222,F153_005_00,4,field-and-entrance-resolved,,RMAP_157_1_0;RMAP_157_1_1;RMAP_157_4_0;RMAP_157_4_1;RMAP_157_5_0;RMAP_157_5_1;RMAP_157_6_0;RMAP_157_8_0;RMAP_157_8_1;RMAP_157_11_0;RMAP_157_12_0;RMAP_157_13_0;RMAP_157_15_0,RMAP_153_5_0
F157_052_00,D02_SAFETY_GOTO,6226,F153_051_00,15,entrance-id-missing,,RMAP_157_1_0;RMAP_157_1_1;RMAP_157_4_0;RMAP_157_4_1;RMAP_157_5_0;RMAP_157_5_1;RMAP_157_6_0;RMAP_157_8_0;RMAP_157_8_1;RMAP_157_11_0;RMAP_157_12_0;RMAP_157_13_0;RMAP_157_15_0,RMAP_153_1_0;RMAP_153_2_0;RMAP_153_3_0;RMAP_153_4_0;RMAP_153_5_0;RMAP_153_6_0;RMAP_153_6_1;RMAP_153_7_0;RMAP_153_7_1;RMAP_153_9_0;RMAP_153_9_1;RMAP_153_9_2
F157_052_00,D02_SAFETY_GOTO,6235,F153_006_00,20,field-and-entrance-resolved,,RMAP_157_1_0;RMAP_157_1_1;RMAP_157_4_0;RMAP_157_4_1;RMAP_157_5_0;RMAP_157_5_1;RMAP_157_6_0;RMAP_157_8_0;RMAP_157_8_1;RMAP_157_11_0;RMAP_157_12_0;RMAP_157_13_0;RMAP_157_15_0,RMAP_153_6_0;RMAP_153_6_1
F157_052_00,D02_SAFETY_GOTO,6239,,,dynamic-arguments,,RMAP_157_1_0;RMAP_157_1_1;RMAP_157_4_0;RMAP_157_4_1;RMAP_157_5_0;RMAP_157_5_1;RMAP_157_6_0;RMAP_157_8_0;RMAP_157_8_1;RMAP_157_11_0;RMAP_157_12_0;RMAP_157_13_0;RMAP_157_15_0,
F157_052_00,D02_SAFETY_GOTO,6248,F153_007_00,20,entrance-id-missing,,RMAP_157_1_0;RMAP_157_1_1;RMAP_157_4_0;RMAP_157_4_1;RMAP_157_5_0;RMAP_157_5_1;RMAP_157_6_0;RMAP_157_8_0;RMAP_157_8_1;RMAP_157_11_0;RMAP_157_12_0;RMAP_157_13_0;RMAP_157_15_0,RMAP_153_7_0;RMAP_153_7_1;RMAP_153_7_2
F157_052_00,D02_SAFETY_GOTO,6252,F153_051_00,17,entrance-id-missing,,RMAP_157_1_0;RMAP_157_1_1;RMAP_157_4_0;RMAP_157_4_1;RMAP_157_5_0;RMAP_157_5_1;RMAP_157_6_0;RMAP_157_8_0;RMAP_157_8_1;RMAP_157_11_0;RMAP_157_12_0;RMAP_157_13_0;RMAP_157_15_0,RMAP_153_1_0;RMAP_153_2_0;RMAP_153_3_0;RMAP_153_4_0;RMAP_153_5_0;RMAP_153_6_0;RMAP_153_6_1;RMAP_153_7_0;RMAP_153_7_1;RMAP_153_9_0;RMAP_153_9_1;RMAP_153_9_2
F157_052_00,D02_SAFETY_GOTO,6261,F153_009_00,20,field-and-entrance-resolved,,RMAP_157_1_0;RMAP_157_1_1;RMAP_157_4_0;RMAP_157_4_1;RMAP_157_5_0;RMAP_157_5_1;RMAP_157_6_0;RMAP_157_8_0;RMAP_157_8_1;RMAP_157_11_0;RMAP_157_12_0;RMAP_157_13_0;RMAP_157_15_0,RMAP_153_9_0;RMAP_153_9_1;RMAP_153_9_2
F157_052_00,D02_SAFETY_GOTO,6265,F153_051_00,18,entrance-id-missing,,RMAP_157_1_0;RMAP_157_1_1;RMAP_157_4_0;RMAP_157_4_1;RMAP_157_5_0;RMAP_157_5_1;RMAP_157_6_0;RMAP_157_8_0;RMAP_157_8_1;RMAP_157_11_0;RMAP_157_12_0;RMAP_157_13_0;RMAP_157_15_0,RMAP_153_1_0;RMAP_153_2_0;RMAP_153_3_0;RMAP_153_4_0;RMAP_153_5_0;RMAP_153_6_0;RMAP_153_6_1;RMAP_153_7_0;RMAP_153_7_1;RMAP_153_9_0;RMAP_153_9_1;RMAP_153_9_2
F157_052_00,D02_SAFETY_GOTO,6274,F153_009_00,21,field-and-entrance-resolved,,RMAP_157_1_0;RMAP_157_1_1;RMAP_157_4_0;RMAP_157_4_1;RMAP_157_5_0;RMAP_157_5_1;RMAP_157_6_0;RMAP_157_8_0;RMAP_157_8_1;RMAP_157_11_0;RMAP_157_12_0;RMAP_157_13_0;RMAP_157_15_0,RMAP_153_9_0;RMAP_153_9_1;RMAP_153_9_2
F157_052_00,D02_SAFETY_GOTO,6278,F153_051_00,19,entrance-id-missing,,RMAP_157_1_0;RMAP_157_1_1;RMAP_157_4_0;RMAP_157_4_1;RMAP_157_5_0;RMAP_157_5_1;RMAP_157_6_0;RMAP_157_8_0;RMAP_157_8_1;RMAP_157_11_0;RMAP_157_12_0;RMAP_157_13_0;RMAP_157_15_0,RMAP_153_1_0;RMAP_153_2_0;RMAP_153_3_0;RMAP_153_4_0;RMAP_153_5_0;RMAP_153_6_0;RMAP_153_6_1;RMAP_153_7_0;RMAP_153_7_1;RMAP_153_9_0;RMAP_153_9_1;RMAP_153_9_2
F157_052_00,D03_SAFETY_GOTO,6308,F154_001_00,2,field-and-entrance-resolved,,RMAP_157_1_0;RMAP_157_1_1;RMAP_157_4_0;RMAP_157_4_1;RMAP_157_5_0;RMAP_157_5_1;RMAP_157_6_0;RMAP_157_8_0;RMAP_157_8_1;RMAP_157_11_0;RMAP_157_12_0;RMAP_157_13_0;RMAP_157_15_0,RMAP_154_1_0
F157_052_00,D03_SAFETY_GOTO,6315,F154_002_00,10,field-and-entrance-resolved,,RMAP_157_1_0;RMAP_157_1_1;RMAP_157_4_0;RMAP_157_4_1;RMAP_157_5_0;RMAP_157_5_1;RMAP_157_6_0;RMAP_157_8_0;RMAP_157_8_1;RMAP_157_11_0;RMAP_157_12_0;RMAP_157_13_0;RMAP_157_15_0,RMAP_154_2_0;RMAP_154_2_1
F157_052_00,D03_SAFETY_GOTO,6319,F154_051_00,11,entrance-id-missing,,RMAP_157_1_0;RMAP_157_1_1;RMAP_157_4_0;RMAP_157_4_1;RMAP_157_5_0;RMAP_157_5_1;RMAP_157_6_0;RMAP_157_8_0;RMAP_157_8_1;RMAP_157_11_0;RMAP_157_12_0;RMAP_157_13_0;RMAP_157_15_0,RMAP_154_1_0;RMAP_154_3_0;RMAP_154_3_1;RMAP_154_3_2;RMAP_154_5_0;RMAP_154_14_0;RMAP_154_14_1
F157_052_00,D03_SAFETY_GOTO,6328,F154_002_00,11,field-and-entrance-resolved,,RMAP_157_1_0;RMAP_157_1_1;RMAP_157_4_0;RMAP_157_4_1;RMAP_157_5_0;RMAP_157_5_1;RMAP_157_6_0;RMAP_157_8_0;RMAP_157_8_1;RMAP_157_11_0;RMAP_157_12_0;RMAP_157_13_0;RMAP_157_15_0,RMAP_154_2_0;RMAP_154_2_1
F157_052_00,D03_SAFETY_GOTO,6332,F154_051_00,12,entrance-id-missing,,RMAP_157_1_0;RMAP_157_1_1;RMAP_157_4_0;RMAP_157_4_1;RMAP_157_5_0;RMAP_157_5_1;RMAP_157_6_0;RMAP_157_8_0;RMAP_157_8_1;RMAP_157_11_0;RMAP_157_12_0;RMAP_157_13_0;RMAP_157_15_0,RMAP_154_1_0;RMAP_154_3_0;RMAP_154_3_1;RMAP_154_3_2;RMAP_154_5_0;RMAP_154_14_0;RMAP_154_14_1
F157_052_00,D03_SAFETY_GOTO,6341,F154_003_00,10,field-and-entrance-resolved,,RMAP_157_1_0;RMAP_157_1_1;RMAP_157_4_0;RMAP_157_4_1;RMAP_157_5_0;RMAP_157_5_1;RMAP_157_6_0;RMAP_157_8_0;RMAP_157_8_1;RMAP_157_11_0;RMAP_157_12_0;RMAP_157_13_0;RMAP_157_15_0,RMAP_154_3_0;RMAP_154_3_1;RMAP_154_3_2
F157_052_00,D03_SAFETY_GOTO,6345,F154_051_00,13,entrance-id-missing,,RMAP_157_1_0;RMAP_157_1_1;RMAP_157_4_0;RMAP_157_4_1;RMAP_157_5_0;RMAP_157_5_1;RMAP_157_6_0;RMAP_157_8_0;RMAP_157_8_1;RMAP_157_11_0;RMAP_157_12_0;RMAP_157_13_0;RMAP_157_15_0,RMAP_154_1_0;RMAP_154_3_0;RMAP_154_3_1;RMAP_154_3_2;RMAP_154_5_0;RMAP_154_14_0;RMAP_154_14_1
F157_052_00,D03_SAFETY_GOTO,6354,F154_003_00,11,field-and-entrance-resolved,,RMAP_157_1_0;RMAP_157_1_1;RMAP_157_4_0;RMAP_157_4_1;RMAP_157_5_0;RMAP_157_5_1;RMAP_157_6_0;RMAP_157_8_0;RMAP_157_8_1;RMAP_157_11_0;RMAP_157_12_0;RMAP_157_13_0;RMAP_157_15_0,RMAP_154_3_0;RMAP_154_3_1;RMAP_154_3_2
F157_052_00,D03_SAFETY_GOTO,6358,F154_051_00,14,entrance-id-missing,,RMAP_157_1_0;RMAP_157_1_1;RMAP_157_4_0;RMAP_157_4_1;RMAP_157_5_0;RMAP_157_5_1;RMAP_157_6_0;RMAP_157_8_0;RMAP_157_8_1;RMAP_157_11_0;RMAP_157_12_0;RMAP_157_13_0;RMAP_157_15_0,RMAP_154_1_0;RMAP_154_3_0;RMAP_154_3_1;RMAP_154_3_2;RMAP_154_5_0;RMAP_154_14_0;RMAP_154_14_1
F157_052_00,D03_SAFETY_GOTO,6367,F154_012_00,10,target-fbn-missing,,RMAP_157_1_0;RMAP_157_1_1;RMAP_157_4_0;RMAP_157_4_1;RMAP_157_5_0;RMAP_157_5_1;RMAP_157_6_0;RMAP_157_8_0;RMAP_157_8_1;RMAP_157_11_0;RMAP_157_12_0;RMAP_157_13_0;RMAP_157_15_0,RMAP_154_12_0;RMAP_154_12_1;RMAP_154_12_2
F157_052_00,D03_SAFETY_GOTO,6371,F154_051_00,15,entrance-id-missing,,RMAP_157_1_0;RMAP_157_1_1;RMAP_157_4_0;RMAP_157_4_1;RMAP_157_5_0;RMAP_157_5_1;RMAP_157_6_0;RMAP_157_8_0;RMAP_157_8_1;RMAP_157_11_0;RMAP_157_12_0;RMAP_157_13_0;RMAP_157_15_0,RMAP_154_1_0;RMAP_154_3_0;RMAP_154_3_1;RMAP_154_3_2;RMAP_154_5_0;RMAP_154_14_0;RMAP_154_14_1
F157_052_00,D03_SAFETY_GOTO,6380,F154_014_00,10,field-and-entrance-resolved,,RMAP_157_1_0;RMAP_157_1_1;RMAP_157_4_0;RMAP_157_4_1;RMAP_157_5_0;RMAP_157_5_1;RMAP_157_6_0;RMAP_157_8_0;RMAP_157_8_1;RMAP_157_11_0;RMAP_157_12_0;RMAP_157_13_0;RMAP_157_15_0,RMAP_154_14_0;RMAP_154_14_1
F157_052_00,D03_SAFETY_GOTO,6384,,,dynamic-arguments,,RMAP_157_1_0;RMAP_157_1_1;RMAP_157_4_0;RMAP_157_4_1;RMAP_157_5_0;RMAP_157_5_1;RMAP_157_6_0;RMAP_157_8_0;RMAP_157_8_1;RMAP_157_11_0;RMAP_157_12_0;RMAP_157_13_0;RMAP_157_15_0,
F157_052_00,D03_SAFETY_GOTO,6393,F154_005_00,10,field-and-entrance-resolved,,RMAP_157_1_0;RMAP_157_1_1;RMAP_157_4_0;RMAP_157_4_1;RMAP_157_5_0;RMAP_157_5_1;RMAP_157_6_0;RMAP_157_8_0;RMAP_157_8_1;RMAP_157_11_0;RMAP_157_12_0;RMAP_157_13_0;RMAP_157_15_0,RMAP_154_5_0;RMAP_154_5_1
F157_052_00,D03_SAFETY_GOTO,6397,F154_051_00,17,entrance-id-missing,,RMAP_157_1_0;RMAP_157_1_1;RMAP_157_4_0;RMAP_157_4_1;RMAP_157_5_0;RMAP_157_5_1;RMAP_157_6_0;RMAP_157_8_0;RMAP_157_8_1;RMAP_157_11_0;RMAP_157_12_0;RMAP_157_13_0;RMAP_157_15_0,RMAP_154_1_0;RMAP_154_3_0;RMAP_154_3_1;RMAP_154_3_2;RMAP_154_5_0;RMAP_154_14_0;RMAP_154_14_1
F157_052_00,D04_SAFETY_GOTO,6430,F155_001_00,10,field-and-entrance-resolved,,RMAP_157_1_0;RMAP_157_1_1;RMAP_157_4_0;RMAP_157_4_1;RMAP_157_5_0;RMAP_157_5_1;RMAP_157_6_0;RMAP_157_8_0;RMAP_157_8_1;RMAP_157_11_0;RMAP_157_12_0;RMAP_157_13_0;RMAP_157_15_0,RMAP_155_1_0
F157_052_00,D04_SAFETY_GOTO,6434,F155_001_00,5,field-and-entrance-resolved,,RMAP_157_1_0;RMAP_157_1_1;RMAP_157_4_0;RMAP_157_4_1;RMAP_157_5_0;RMAP_157_5_1;RMAP_157_6_0;RMAP_157_8_0;RMAP_157_8_1;RMAP_157_11_0;RMAP_157_12_0;RMAP_157_13_0;RMAP_157_15_0,RMAP_155_1_0
F157_052_00,D04_SAFETY_GOTO,6443,F155_011_00,20,field-and-entrance-resolved,,RMAP_157_1_0;RMAP_157_1_1;RMAP_157_4_0;RMAP_157_4_1;RMAP_157_5_0;RMAP_157_5_1;RMAP_157_6_0;RMAP_157_8_0;RMAP_157_8_1;RMAP_157_11_0;RMAP_157_12_0;RMAP_157_13_0;RMAP_157_15_0,RMAP_155_11_0;RMAP_155_11_1;RMAP_155_11_2;RMAP_155_11_3
F157_052_00,D04_SAFETY_GOTO,6447,F155_051_00,11,entrance-id-missing,,RMAP_157_1_0;RMAP_157_1_1;RMAP_157_4_0;RMAP_157_4_1;RMAP_157_5_0;RMAP_157_5_1;RMAP_157_6_0;RMAP_157_8_0;RMAP_157_8_1;RMAP_157_11_0;RMAP_157_12_0;RMAP_157_13_0;RMAP_157_15_0,RMAP_155_1_0;RMAP_155_2_0;RMAP_155_2_1;RMAP_155_4_0;RMAP_155_4_1;RMAP_155_9_0;RMAP_155_9_1
F157_052_00,D04_SAFETY_GOTO,6456,F155_002_00,20,field-and-entrance-resolved,,RMAP_157_1_0;RMAP_157_1_1;RMAP_157_4_0;RMAP_157_4_1;RMAP_157_5_0;RMAP_157_5_1;RMAP_157_6_0;RMAP_157_8_0;RMAP_157_8_1;RMAP_157_11_0;RMAP_157_12_0;RMAP_157_13_0;RMAP_157_15_0,RMAP_155_2_0;RMAP_155_2_1;RMAP_155_12_0;RMAP_155_12_1
F157_052_00,D04_SAFETY_GOTO,6460,F155_051_00,12,entrance-id-missing,,RMAP_157_1_0;RMAP_157_1_1;RMAP_157_4_0;RMAP_157_4_1;RMAP_157_5_0;RMAP_157_5_1;RMAP_157_6_0;RMAP_157_8_0;RMAP_157_8_1;RMAP_157_11_0;RMAP_157_12_0;RMAP_157_13_0;RMAP_157_15_0,RMAP_155_1_0;RMAP_155_2_0;RMAP_155_2_1;RMAP_155_4_0;RMAP_155_4_1;RMAP_155_9_0;RMAP_155_9_1
F157_052_00,D04_SAFETY_GOTO,6469,F155_002_00,21,field-and-entrance-resolved,,RMAP_157_1_0;RMAP_157_1_1;RMAP_157_4_0;RMAP_157_4_1;RMAP_157_5_0;RMAP_157_5_1;RMAP_157_6_0;RMAP_157_8_0;RMAP_157_8_1;RMAP_157_11_0;RMAP_157_12_0;RMAP_157_13_0;RMAP_157_15_0,RMAP_155_2_0;RMAP_155_2_1;RMAP_155_12_0;RMAP_155_12_1
F157_052_00,D04_SAFETY_GOTO,6473,F155_051_00,13,entrance-id-missing,,RMAP_157_1_0;RMAP_157_1_1;RMAP_157_4_0;RMAP_157_4_1;RMAP_157_5_0;RMAP_157_5_1;RMAP_157_6_0;RMAP_157_8_0;RMAP_157_8_1;RMAP_157_11_0;RMAP_157_12_0;RMAP_157_13_0;RMAP_157_15_0,RMAP_155_1_0;RMAP_155_2_0;RMAP_155_2_1;RMAP_155_4_0;RMAP_155_4_1;RMAP_155_9_0;RMAP_155_9_1
F157_052_00,D04_SAFETY_GOTO,6482,F155_002_00,22,field-and-entrance-resolved,,RMAP_157_1_0;RMAP_157_1_1;RMAP_157_4_0;RMAP_157_4_1;RMAP_157_5_0;RMAP_157_5_1;RMAP_157_6_0;RMAP_157_8_0;RMAP_157_8_1;RMAP_157_11_0;RMAP_157_12_0;RMAP_157_13_0;RMAP_157_15_0,RMAP_155_2_0;RMAP_155_2_1;RMAP_155_12_0;RMAP_155_12_1
F157_052_00,D04_SAFETY_GOTO,6486,F155_051_00,14,entrance-id-missing,,RMAP_157_1_0;RMAP_157_1_1;RMAP_157_4_0;RMAP_157_4_1;RMAP_157_5_0;RMAP_157_5_1;RMAP_157_6_0;RMAP_157_8_0;RMAP_157_8_1;RMAP_157_11_0;RMAP_157_12_0;RMAP_157_13_0;RMAP_157_15_0,RMAP_155_1_0;RMAP_155_2_0;RMAP_155_2_1;RMAP_155_4_0;RMAP_155_4_1;RMAP_155_9_0;RMAP_155_9_1
F157_052_00,D04_SAFETY_GOTO,6495,F155_004_00,21,field-and-entrance-resolved,,RMAP_157_1_0;RMAP_157_1_1;RMAP_157_4_0;RMAP_157_4_1;RMAP_157_5_0;RMAP_157_5_1;RMAP_157_6_0;RMAP_157_8_0;RMAP_157_8_1;RMAP_157_11_0;RMAP_157_12_0;RMAP_157_13_0;RMAP_157_15_0,RMAP_155_4_0;RMAP_155_4_1
F157_052_00,D04_SAFETY_GOTO,6499,F155_051_00,15,entrance-id-missing,,RMAP_157_1_0;RMAP_157_1_1;RMAP_157_4_0;RMAP_157_4_1;RMAP_157_5_0;RMAP_157_5_1;RMAP_157_6_0;RMAP_157_8_0;RMAP_157_8_1;RMAP_157_11_0;RMAP_157_12_0;RMAP_157_13_0;RMAP_157_15_0,RMAP_155_1_0;RMAP_155_2_0;RMAP_155_2_1;RMAP_155_4_0;RMAP_155_4_1;RMAP_155_9_0;RMAP_155_9_1
F157_052_00,D04_SAFETY_GOTO,6508,F155_004_00,20,field-and-entrance-resolved,,RMAP_157_1_0;RMAP_157_1_1;RMAP_157_4_0;RMAP_157_4_1;RMAP_157_5_0;RMAP_157_5_1;RMAP_157_6_0;RMAP_157_8_0;RMAP_157_8_1;RMAP_157_11_0;RMAP_157_12_0;RMAP_157_13_0;RMAP_157_15_0,RMAP_155_4_0;RMAP_155_4_1
F157_052_00,D04_SAFETY_GOTO,6512,F155_051_00,17,entrance-id-missing,,RMAP_157_1_0;RMAP_157_1_1;RMAP_157_4_0;RMAP_157_4_1;RMAP_157_5_0;RMAP_157_5_1;RMAP_157_6_0;RMAP_157_8_0;RMAP_157_8_1;RMAP_157_11_0;RMAP_157_12_0;RMAP_157_13_0;RMAP_157_15_0,RMAP_155_1_0;RMAP_155_2_0;RMAP_155_2_1;RMAP_155_4_0;RMAP_155_4_1;RMAP_155_9_0;RMAP_155_9_1
F157_052_00,D05_SAFETY_GOTO,6542,F156_001_00,5,entrance-id-missing,,RMAP_157_1_0;RMAP_157_1_1;RMAP_157_4_0;RMAP_157_4_1;RMAP_157_5_0;RMAP_157_5_1;RMAP_157_6_0;RMAP_157_8_0;RMAP_157_8_1;RMAP_157_11_0;RMAP_157_12_0;RMAP_157_13_0;RMAP_157_15_0,RMAP_156_1_0
F157_052_00,D05_SAFETY_GOTO,6549,F156_003_00,20,field-and-entrance-resolved,,RMAP_157_1_0;RMAP_157_1_1;RMAP_157_4_0;RMAP_157_4_1;RMAP_157_5_0;RMAP_157_5_1;RMAP_157_6_0;RMAP_157_8_0;RMAP_157_8_1;RMAP_157_11_0;RMAP_157_12_0;RMAP_157_13_0;RMAP_157_15_0,RMAP_156_3_0;RMAP_156_3_1
F157_052_00,D05_SAFETY_GOTO,6553,F156_051_00,11,entrance-id-missing,,RMAP_157_1_0;RMAP_157_1_1;RMAP_157_4_0;RMAP_157_4_1;RMAP_157_5_0;RMAP_157_5_1;RMAP_157_6_0;RMAP_157_8_0;RMAP_157_8_1;RMAP_157_11_0;RMAP_157_12_0;RMAP_157_13_0;RMAP_157_15_0,RMAP_156_1_0;RMAP_156_3_0;RMAP_156_3_1;RMAP_156_4_0;RMAP_156_6_0;RMAP_156_7_0;RMAP_156_7_1;RMAP_156_9_0;RMAP_156_10_0;RMAP_156_10_1;RMAP_156_12_0;RMAP_156_13_0
F157_052_00,D05_SAFETY_GOTO,6562,F156_013_00,2,field-and-entrance-resolved,,RMAP_157_1_0;RMAP_157_1_1;RMAP_157_4_0;RMAP_157_4_1;RMAP_157_5_0;RMAP_157_5_1;RMAP_157_6_0;RMAP_157_8_0;RMAP_157_8_1;RMAP_157_11_0;RMAP_157_12_0;RMAP_157_13_0;RMAP_157_15_0,RMAP_156_13_0
F157_052_00,D05_SAFETY_GOTO,6566,F156_051_00,12,entrance-id-missing,,RMAP_157_1_0;RMAP_157_1_1;RMAP_157_4_0;RMAP_157_4_1;RMAP_157_5_0;RMAP_157_5_1;RMAP_157_6_0;RMAP_157_8_0;RMAP_157_8_1;RMAP_157_11_0;RMAP_157_12_0;RMAP_157_13_0;RMAP_157_15_0,RMAP_156_1_0;RMAP_156_3_0;RMAP_156_3_1;RMAP_156_4_0;RMAP_156_6_0;RMAP_156_7_0;RMAP_156_7_1;RMAP_156_9_0;RMAP_156_10_0;RMAP_156_10_1;RMAP_156_12_0;RMAP_156_13_0
F157_052_00,D05_SAFETY_GOTO,6575,F156_004_00,20,field-and-entrance-resolved,,RMAP_157_1_0;RMAP_157_1_1;RMAP_157_4_0;RMAP_157_4_1;RMAP_157_5_0;RMAP_157_5_1;RMAP_157_6_0;RMAP_157_8_0;RMAP_157_8_1;RMAP_157_11_0;RMAP_157_12_0;RMAP_157_13_0;RMAP_157_15_0,RMAP_156_4_0
F157_052_00,D05_SAFETY_GOTO,6579,F156_051_00,13,entrance-id-missing,,RMAP_157_1_0;RMAP_157_1_1;RMAP_157_4_0;RMAP_157_4_1;RMAP_157_5_0;RMAP_157_5_1;RMAP_157_6_0;RMAP_157_8_0;RMAP_157_8_1;RMAP_157_11_0;RMAP_157_12_0;RMAP_157_13_0;RMAP_157_15_0,RMAP_156_1_0;RMAP_156_3_0;RMAP_156_3_1;RMAP_156_4_0;RMAP_156_6_0;RMAP_156_7_0;RMAP_156_7_1;RMAP_156_9_0;RMAP_156_10_0;RMAP_156_10_1;RMAP_156_12_0;RMAP_156_13_0
F157_052_00,D05_SAFETY_GOTO,6588,F156_007_00,20,field-and-entrance-resolved,,RMAP_157_1_0;RMAP_157_1_1;RMAP_157_4_0;RMAP_157_4_1;RMAP_157_5_0;RMAP_157_5_1;RMAP_157_6_0;RMAP_157_8_0;RMAP_157_8_1;RMAP_157_11_0;RMAP_157_12_0;RMAP_157_13_0;RMAP_157_15_0,RMAP_156_7_0;RMAP_156_7_1
F157_052_00,D05_SAFETY_GOTO,6592,F156_051_00,14,entrance-id-missing,,RMAP_157_1_0;RMAP_157_1_1;RMAP_157_4_0;RMAP_157_4_1;RMAP_157_5_0;RMAP_157_5_1;RMAP_157_6_0;RMAP_157_8_0;RMAP_157_8_1;RMAP_157_11_0;RMAP_157_12_0;RMAP_157_13_0;RMAP_157_15_0,RMAP_156_1_0;RMAP_156_3_0;RMAP_156_3_1;RMAP_156_4_0;RMAP_156_6_0;RMAP_156_7_0;RMAP_156_7_1;RMAP_156_9_0;RMAP_156_10_0;RMAP_156_10_1;RMAP_156_12_0;RMAP_156_13_0
F157_052_00,D05_SAFETY_GOTO,6601,F156_009_00,20,field-and-entrance-resolved,,RMAP_157_1_0;RMAP_157_1_1;RMAP_157_4_0;RMAP_157_4_1;RMAP_157_5_0;RMAP_157_5_1;RMAP_157_6_0;RMAP_157_8_0;RMAP_157_8_1;RMAP_157_11_0;RMAP_157_12_0;RMAP_157_13_0;RMAP_157_15_0,RMAP_156_9_0
F157_052_00,D05_SAFETY_GOTO,6605,F156_051_00,15,entrance-id-missing,,RMAP_157_1_0;RMAP_157_1_1;RMAP_157_4_0;RMAP_157_4_1;RMAP_157_5_0;RMAP_157_5_1;RMAP_157_6_0;RMAP_157_8_0;RMAP_157_8_1;RMAP_157_11_0;RMAP_157_12_0;RMAP_157_13_0;RMAP_157_15_0,RMAP_156_1_0;RMAP_156_3_0;RMAP_156_3_1;RMAP_156_4_0;RMAP_156_6_0;RMAP_156_7_0;RMAP_156_7_1;RMAP_156_9_0;RMAP_156_10_0;RMAP_156_10_1;RMAP_156_12_0;RMAP_156_13_0
F157_052_00,D05_SAFETY_GOTO,6614,F156_012_00,20,field-and-entrance-resolved,,RMAP_157_1_0;RMAP_157_1_1;RMAP_157_4_0;RMAP_157_4_1;RMAP_157_5_0;RMAP_157_5_1;RMAP_157_6_0;RMAP_157_8_0;RMAP_157_8_1;RMAP_157_11_0;RMAP_157_12_0;RMAP_157_13_0;RMAP_157_15_0,RMAP_156_12_0
F157_052_00,D05_SAFETY_GOTO,6618,,,dynamic-arguments,,RMAP_157_1_0;RMAP_157_1_1;RMAP_157_4_0;RMAP_157_4_1;RMAP_157_5_0;RMAP_157_5_1;RMAP_157_6_0;RMAP_157_8_0;RMAP_157_8_1;RMAP_157_11_0;RMAP_157_12_0;RMAP_157_13_0;RMAP_157_15_0,
F157_052_00,D05_SAFETY_GOTO,6627,F156_006_00,50,field-and-entrance-resolved,,RMAP_157_1_0;RMAP_157_1_1;RMAP_157_4_0;RMAP_157_4_1;RMAP_157_5_0;RMAP_157_5_1;RMAP_157_6_0;RMAP_157_8_0;RMAP_157_8_1;RMAP_157_11_0;RMAP_157_12_0;RMAP_157_13_0;RMAP_157_15_0,RMAP_156_6_0
F157_052_00,D05_SAFETY_GOTO,6631,F156_051_00,17,entrance-id-missing,,RMAP_157_1_0;RMAP_157_1_1;RMAP_157_4_0;RMAP_157_4_1;RMAP_157_5_0;RMAP_157_5_1;RMAP_157_6_0;RMAP_157_8_0;RMAP_157_8_1;RMAP_157_11_0;RMAP_157_12_0;RMAP_157_13_0;RMAP_157_15_0,RMAP_156_1_0;RMAP_156_3_0;RMAP_156_3_1;RMAP_156_4_0;RMAP_156_6_0;RMAP_156_7_0;RMAP_156_7_1;RMAP_156_9_0;RMAP_156_10_0;RMAP_156_10_1;RMAP_156_12_0;RMAP_156_13_0
F157_052_00,D05_SAFETY_GOTO,6640,F156_010_00,20,field-and-entrance-resolved,,RMAP_157_1_0;RMAP_157_1_1;RMAP_157_4_0;RMAP_157_4_1;RMAP_157_5_0;RMAP_157_5_1;RMAP_157_6_0;RMAP_157_8_0;RMAP_157_8_1;RMAP_157_11_0;RMAP_157_12_0;RMAP_157_13_0;RMAP_157_15_0,RMAP_156_10_0;RMAP_156_10_1;RMAP_156_10_2
F157_052_00,D05_SAFETY_GOTO,6644,F156_051_00,18,entrance-id-missing,,RMAP_157_1_0;RMAP_157_1_1;RMAP_157_4_0;RMAP_157_4_1;RMAP_157_5_0;RMAP_157_5_1;RMAP_157_6_0;RMAP_157_8_0;RMAP_157_8_1;RMAP_157_11_0;RMAP_157_12_0;RMAP_157_13_0;RMAP_157_15_0,RMAP_156_1_0;RMAP_156_3_0;RMAP_156_3_1;RMAP_156_4_0;RMAP_156_6_0;RMAP_156_7_0;RMAP_156_7_1;RMAP_156_9_0;RMAP_156_10_0;RMAP_156_10_1;RMAP_156_12_0;RMAP_156_13_0
F157_052_00,D06_SAFETY_GOTO,6674,F157_001_00,2,field-and-entrance-resolved,"0,3,4",RMAP_157_1_0;RMAP_157_1_1;RMAP_157_4_0;RMAP_157_4_1;RMAP_157_5_0;RMAP_157_5_1;RMAP_157_6_0;RMAP_157_8_0;RMAP_157_8_1;RMAP_157_11_0;RMAP_157_12_0;RMAP_157_13_0;RMAP_157_15_0,RMAP_157_1_0;RMAP_157_1_1
F157_052_00,D06_SAFETY_GOTO,6681,F157_004_00,4,field-and-entrance-resolved,"0,3,4",RMAP_157_1_0;RMAP_157_1_1;RMAP_157_4_0;RMAP_157_4_1;RMAP_157_5_0;RMAP_157_5_1;RMAP_157_6_0;RMAP_157_8_0;RMAP_157_8_1;RMAP_157_11_0;RMAP_157_12_0;RMAP_157_13_0;RMAP_157_15_0,RMAP_157_4_0;RMAP_157_4_1
F157_052_00,D06_SAFETY_GOTO,6685,F157_051_00,11,entrance-id-missing,"0,3,4",RMAP_157_1_0;RMAP_157_1_1;RMAP_157_4_0;RMAP_157_4_1;RMAP_157_5_0;RMAP_157_5_1;RMAP_157_6_0;RMAP_157_8_0;RMAP_157_8_1;RMAP_157_11_0;RMAP_157_12_0;RMAP_157_13_0;RMAP_157_15_0,RMAP_157_1_0;RMAP_157_1_1;RMAP_157_4_0;RMAP_157_4_1;RMAP_157_5_0;RMAP_157_5_1;RMAP_157_6_0;RMAP_157_8_0;RMAP_157_8_1;RMAP_157_11_0;RMAP_157_12_0;RMAP_157_13_0;RMAP_157_15_0
F157_052_00,D06_SAFETY_GOTO,6694,F157_005_00,10,field-and-entrance-resolved,"0,3,4",RMAP_157_1_0;RMAP_157_1_1;RMAP_157_4_0;RMAP_157_4_1;RMAP_157_5_0;RMAP_157_5_1;RMAP_157_6_0;RMAP_157_8_0;RMAP_157_8_1;RMAP_157_11_0;RMAP_157_12_0;RMAP_157_13_0;RMAP_157_15_0,RMAP_157_5_0
F157_052_00,D06_SAFETY_GOTO,6698,F157_052_00,12,entrance-id-missing,"0,3,4",RMAP_157_1_0;RMAP_157_1_1;RMAP_157_4_0;RMAP_157_4_1;RMAP_157_5_0;RMAP_157_5_1;RMAP_157_6_0;RMAP_157_8_0;RMAP_157_8_1;RMAP_157_11_0;RMAP_157_12_0;RMAP_157_13_0;RMAP_157_15_0,RMAP_157_1_0;RMAP_157_1_1;RMAP_157_4_0;RMAP_157_4_1;RMAP_157_5_0;RMAP_157_5_1;RMAP_157_6_0;RMAP_157_8_0;RMAP_157_8_1;RMAP_157_11_0;RMAP_157_12_0;RMAP_157_13_0;RMAP_157_15_0
F157_052_00,D06_SAFETY_GOTO,6707,F157_006_00,3,field-and-entrance-resolved,"0,3,4",RMAP_157_1_0;RMAP_157_1_1;RMAP_157_4_0;RMAP_157_4_1;RMAP_157_5_0;RMAP_157_5_1;RMAP_157_6_0;RMAP_157_8_0;RMAP_157_8_1;RMAP_157_11_0;RMAP_157_12_0;RMAP_157_13_0;RMAP_157_15_0,RMAP_157_6_0
F157_052_00,D06_SAFETY_GOTO,6711,F157_051_00,13,entrance-id-missing,"0,3,4",RMAP_157_1_0;RMAP_157_1_1;RMAP_157_4_0;RMAP_157_4_1;RMAP_157_5_0;RMAP_157_5_1;RMAP_157_6_0;RMAP_157_8_0;RMAP_157_8_1;RMAP_157_11_0;RMAP_157_12_0;RMAP_157_13_0;RMAP_157_15_0,RMAP_157_1_0;RMAP_157_1_1;RMAP_157_4_0;RMAP_157_4_1;RMAP_157_5_0;RMAP_157_5_1;RMAP_157_6_0;RMAP_157_8_0;RMAP_157_8_1;RMAP_157_11_0;RMAP_157_12_0;RMAP_157_13_0;RMAP_157_15_0
F157_052_00,D06_SAFETY_GOTO,6720,F157_008_00,10,field-and-entrance-resolved,"0,3,4",RMAP_157_1_0;RMAP_157_1_1;RMAP_157_4_0;RMAP_157_4_1;RMAP_157_5_0;RMAP_157_5_1;RMAP_157_6_0;RMAP_157_8_0;RMAP_157_8_1;RMAP_157_11_0;RMAP_157_12_0;RMAP_157_13_0;RMAP_157_15_0,RMAP_157_8_0;RMAP_157_8_1
F157_052_00,D06_SAFETY_GOTO,6724,F157_052_00,14,entrance-id-missing,"0,3,4",RMAP_157_1_0;RMAP_157_1_1;RMAP_157_4_0;RMAP_157_4_1;RMAP_157_5_0;RMAP_157_5_1;RMAP_157_6_0;RMAP_157_8_0;RMAP_157_8_1;RMAP_157_11_0;RMAP_157_12_0;RMAP_157_13_0;RMAP_157_15_0,RMAP_157_1_0;RMAP_157_1_1;RMAP_157_4_0;RMAP_157_4_1;RMAP_157_5_0;RMAP_157_5_1;RMAP_157_6_0;RMAP_157_8_0;RMAP_157_8_1;RMAP_157_11_0;RMAP_157_12_0;RMAP_157_13_0;RMAP_157_15_0
F157_052_00,D06_SAFETY_GOTO,6733,F157_011_00,10,field-and-entrance-resolved,"0,3,4",RMAP_157_1_0;RMAP_157_1_1;RMAP_157_4_0;RMAP_157_4_1;RMAP_157_5_0;RMAP_157_5_1;RMAP_157_6_0;RMAP_157_8_0;RMAP_157_8_1;RMAP_157_11_0;RMAP_157_12_0;RMAP_157_13_0;RMAP_157_15_0,RMAP_157_11_0;RMAP_157_11_1;RMAP_157_11_2
F157_052_00,D06_SAFETY_GOTO,6737,F157_051_00,15,entrance-id-missing,"0,3,4",RMAP_157_1_0;RMAP_157_1_1;RMAP_157_4_0;RMAP_157_4_1;RMAP_157_5_0;RMAP_157_5_1;RMAP_157_6_0;RMAP_157_8_0;RMAP_157_8_1;RMAP_157_11_0;RMAP_157_12_0;RMAP_157_13_0;RMAP_157_15_0,RMAP_157_1_0;RMAP_157_1_1;RMAP_157_4_0;RMAP_157_4_1;RMAP_157_5_0;RMAP_157_5_1;RMAP_157_6_0;RMAP_157_8_0;RMAP_157_8_1;RMAP_157_11_0;RMAP_157_12_0;RMAP_157_13_0;RMAP_157_15_0
F157_052_00,D06_SAFETY_GOTO,6746,F157_012_00,10,field-and-entrance-resolved,"0,3,4",RMAP_157_1_0;RMAP_157_1_1;RMAP_157_4_0;RMAP_157_4_1;RMAP_157_5_0;RMAP_157_5_1;RMAP_157_6_0;RMAP_157_8_0;RMAP_157_8_1;RMAP_157_11_0;RMAP_157_12_0;RMAP_157_13_0;RMAP_157_15_0,RMAP_157_12_0
F157_052_00,D06_SAFETY_GOTO,6750,,,dynamic-arguments,"0,3,4",RMAP_157_1_0;RMAP_157_1_1;RMAP_157_4_0;RMAP_157_4_1;RMAP_157_5_0;RMAP_157_5_1;RMAP_157_6_0;RMAP_157_8_0;RMAP_157_8_1;RMAP_157_11_0;RMAP_157_12_0;RMAP_157_13_0;RMAP_157_15_0,
F157_052_00,D06_SAFETY_GOTO,6759,F157_013_00,10,field-and-entrance-resolved,"0,3,4",RMAP_157_1_0;RMAP_157_1_1;RMAP_157_4_0;RMAP_157_4_1;RMAP_157_5_0;RMAP_157_5_1;RMAP_157_6_0;RMAP_157_8_0;RMAP_157_8_1;RMAP_157_11_0;RMAP_157_12_0;RMAP_157_13_0;RMAP_157_15_0,RMAP_157_13_0
F157_052_00,D06_SAFETY_GOTO,6763,F157_051_00,17,entrance-id-missing,"0,3,4",RMAP_157_1_0;RMAP_157_1_1;RMAP_157_4_0;RMAP_157_4_1;RMAP_157_5_0;RMAP_157_5_1;RMAP_157_6_0;RMAP_157_8_0;RMAP_157_8_1;RMAP_157_11_0;RMAP_157_12_0;RMAP_157_13_0;RMAP_157_15_0,RMAP_157_1_0;RMAP_157_1_1;RMAP_157_4_0;RMAP_157_4_1;RMAP_157_5_0;RMAP_157_5_1;RMAP_157_6_0;RMAP_157_8_0;RMAP_157_8_1;RMAP_157_11_0;RMAP_157_12_0;RMAP_157_13_0;RMAP_157_15_0
F157_052_00,D06_SAFETY_GOTO,6772,F157_015_00,10,field-and-entrance-resolved,"0,3,4",RMAP_157_1_0;RMAP_157_1_1;RMAP_157_4_0;RMAP_157_4_1;RMAP_157_5_0;RMAP_157_5_1;RMAP_157_6_0;RMAP_157_8_0;RMAP_157_8_1;RMAP_157_11_0;RMAP_157_12_0;RMAP_157_13_0;RMAP_157_15_0,RMAP_157_15_0
F157_052_00,D06_SAFETY_GOTO,6776,F157_051_00,18,entrance-id-missing,"0,3,4",RMAP_157_1_0;RMAP_157_1_1;RMAP_157_4_0;RMAP_157_4_1;RMAP_157_5_0;RMAP_157_5_1;RMAP_157_6_0;RMAP_157_8_0;RMAP_157_8_1;RMAP_157_11_0;RMAP_157_12_0;RMAP_157_13_0;RMAP_157_15_0,RMAP_157_1_0;RMAP_157_1_1;RMAP_157_4_0;RMAP_157_4_1;RMAP_157_5_0;RMAP_157_5_1;RMAP_157_6_0;RMAP_157_8_0;RMAP_157_8_1;RMAP_157_11_0;RMAP_157_12_0;RMAP_157_13_0;RMAP_157_15_0
F157_052_00,D07_SAFETY_GOTO,6806,F159_001_00,2,field-and-entrance-resolved,,RMAP_157_1_0;RMAP_157_1_1;RMAP_157_4_0;RMAP_157_4_1;RMAP_157_5_0;RMAP_157_5_1;RMAP_157_6_0;RMAP_157_8_0;RMAP_157_8_1;RMAP_157_11_0;RMAP_157_12_0;RMAP_157_13_0;RMAP_157_15_0,RMAP_159_1_0
F157_052_00,D07_SAFETY_GOTO,6813,F159_004_00,20,field-and-entrance-resolved,,RMAP_157_1_0;RMAP_157_1_1;RMAP_157_4_0;RMAP_157_4_1;RMAP_157_5_0;RMAP_157_5_1;RMAP_157_6_0;RMAP_157_8_0;RMAP_157_8_1;RMAP_157_11_0;RMAP_157_12_0;RMAP_157_13_0;RMAP_157_15_0,RMAP_159_3_0;RMAP_159_3_1
F157_052_00,D07_SAFETY_GOTO,6817,F159_051_00,11,entrance-id-missing,,RMAP_157_1_0;RMAP_157_1_1;RMAP_157_4_0;RMAP_157_4_1;RMAP_157_5_0;RMAP_157_5_1;RMAP_157_6_0;RMAP_157_8_0;RMAP_157_8_1;RMAP_157_11_0;RMAP_157_12_0;RMAP_157_13_0;RMAP_157_15_0,RMAP_159_1_0;RMAP_159_3_0;RMAP_159_3_1;RMAP_159_6_0;RMAP_159_6_1;RMAP_159_6_2;RMAP_159_6_3;RMAP_159_7_0;RMAP_159_7_1;RMAP_159_10_0;RMAP_159_10_1;RMAP_159_11_0;RMAP_159_11_1;RMAP_159_11_2;RMAP_159_11_3
F157_052_00,D07_SAFETY_GOTO,6826,F159_020_00,20,field-and-entrance-resolved,,RMAP_157_1_0;RMAP_157_1_1;RMAP_157_4_0;RMAP_157_4_1;RMAP_157_5_0;RMAP_157_5_1;RMAP_157_6_0;RMAP_157_8_0;RMAP_157_8_1;RMAP_157_11_0;RMAP_157_12_0;RMAP_157_13_0;RMAP_157_15_0,RMAP_159_20_0;RMAP_159_20_1
F157_052_00,D07_SAFETY_GOTO,6830,F159_051_00,12,entrance-id-missing,,RMAP_157_1_0;RMAP_157_1_1;RMAP_157_4_0;RMAP_157_4_1;RMAP_157_5_0;RMAP_157_5_1;RMAP_157_6_0;RMAP_157_8_0;RMAP_157_8_1;RMAP_157_11_0;RMAP_157_12_0;RMAP_157_13_0;RMAP_157_15_0,RMAP_159_1_0;RMAP_159_3_0;RMAP_159_3_1;RMAP_159_6_0;RMAP_159_6_1;RMAP_159_6_2;RMAP_159_6_3;RMAP_159_7_0;RMAP_159_7_1;RMAP_159_10_0;RMAP_159_10_1;RMAP_159_11_0;RMAP_159_11_1;RMAP_159_11_2;RMAP_159_11_3
F157_052_00,D07_SAFETY_GOTO,6839,F159_010_00,20,field-and-entrance-resolved,,RMAP_157_1_0;RMAP_157_1_1;RMAP_157_4_0;RMAP_157_4_1;RMAP_157_5_0;RMAP_157_5_1;RMAP_157_6_0;RMAP_157_8_0;RMAP_157_8_1;RMAP_157_11_0;RMAP_157_12_0;RMAP_157_13_0;RMAP_157_15_0,RMAP_159_10_0;RMAP_159_10_1
F157_052_00,D07_SAFETY_GOTO,6843,F159_051_00,13,entrance-id-missing,,RMAP_157_1_0;RMAP_157_1_1;RMAP_157_4_0;RMAP_157_4_1;RMAP_157_5_0;RMAP_157_5_1;RMAP_157_6_0;RMAP_157_8_0;RMAP_157_8_1;RMAP_157_11_0;RMAP_157_12_0;RMAP_157_13_0;RMAP_157_15_0,RMAP_159_1_0;RMAP_159_3_0;RMAP_159_3_1;RMAP_159_6_0;RMAP_159_6_1;RMAP_159_6_2;RMAP_159_6_3;RMAP_159_7_0;RMAP_159_7_1;RMAP_159_10_0;RMAP_159_10_1;RMAP_159_11_0;RMAP_159_11_1;RMAP_159_11_2;RMAP_159_11_3
F157_052_00,D07_SAFETY_GOTO,6852,F159_025_00,20,field-and-entrance-resolved,,RMAP_157_1_0;RMAP_157_1_1;RMAP_157_4_0;RMAP_157_4_1;RMAP_157_5_0;RMAP_157_5_1;RMAP_157_6_0;RMAP_157_8_0;RMAP_157_8_1;RMAP_157_11_0;RMAP_157_12_0;RMAP_157_13_0;RMAP_157_15_0,RMAP_159_25_0;RMAP_159_25_1
F157_052_00,D07_SAFETY_GOTO,6856,F159_051_00,17,entrance-id-missing,,RMAP_157_1_0;RMAP_157_1_1;RMAP_157_4_0;RMAP_157_4_1;RMAP_157_5_0;RMAP_157_5_1;RMAP_157_6_0;RMAP_157_8_0;RMAP_157_8_1;RMAP_157_11_0;RMAP_157_12_0;RMAP_157_13_0;RMAP_157_15_0,RMAP_159_1_0;RMAP_159_3_0;RMAP_159_3_1;RMAP_159_6_0;RMAP_159_6_1;RMAP_159_6_2;RMAP_159_6_3;RMAP_159_7_0;RMAP_159_7_1;RMAP_159_10_0;RMAP_159_10_1;RMAP_159_11_0;RMAP_159_11_1;RMAP_159_11_2;RMAP_159_11_3
F157_052_00,D07_SAFETY_GOTO,6865,F159_007_00,20,field-and-entrance-resolved,,RMAP_157_1_0;RMAP_157_1_1;RMAP_157_4_0;RMAP_157_4_1;RMAP_157_5_0;RMAP_157_5_1;RMAP_157_6_0;RMAP_157_8_0;RMAP_157_8_1;RMAP_157_11_0;RMAP_157_12_0;RMAP_157_13_0;RMAP_157_15_0,RMAP_159_7_0;RMAP_159_7_1
F157_052_00,D07_SAFETY_GOTO,6869,F159_051_00,14,entrance-id-missing,,RMAP_157_1_0;RMAP_157_1_1;RMAP_157_4_0;RMAP_157_4_1;RMAP_157_5_0;RMAP_157_5_1;RMAP_157_6_0;RMAP_157_8_0;RMAP_157_8_1;RMAP_157_11_0;RMAP_157_12_0;RMAP_157_13_0;RMAP_157_15_0,RMAP_159_1_0;RMAP_159_3_0;RMAP_159_3_1;RMAP_159_6_0;RMAP_159_6_1;RMAP_159_6_2;RMAP_159_6_3;RMAP_159_7_0;RMAP_159_7_1;RMAP_159_10_0;RMAP_159_10_1;RMAP_159_11_0;RMAP_159_11_1;RMAP_159_11_2;RMAP_159_11_3
F157_052_00,D07_SAFETY_GOTO,6878,F159_006_00,20,field-and-entrance-resolved,,RMAP_157_1_0;RMAP_157_1_1;RMAP_157_4_0;RMAP_157_4_1;RMAP_157_5_0;RMAP_157_5_1;RMAP_157_6_0;RMAP_157_8_0;RMAP_157_8_1;RMAP_157_11_0;RMAP_157_12_0;RMAP_157_13_0;RMAP_157_15_0,RMAP_159_6_0;RMAP_159_6_1;RMAP_159_6_2;RMAP_159_6_3
F157_052_00,D07_SAFETY_GOTO,6882,F159_051_00,15,entrance-id-missing,,RMAP_157_1_0;RMAP_157_1_1;RMAP_157_4_0;RMAP_157_4_1;RMAP_157_5_0;RMAP_157_5_1;RMAP_157_6_0;RMAP_157_8_0;RMAP_157_8_1;RMAP_157_11_0;RMAP_157_12_0;RMAP_157_13_0;RMAP_157_15_0,RMAP_159_1_0;RMAP_159_3_0;RMAP_159_3_1;RMAP_159_6_0;RMAP_159_6_1;RMAP_159_6_2;RMAP_159_6_3;RMAP_159_7_0;RMAP_159_7_1;RMAP_159_10_0;RMAP_159_10_1;RMAP_159_11_0;RMAP_159_11_1;RMAP_159_11_2;RMAP_159_11_3
F157_052_00,D07_SAFETY_GOTO,6891,F159_011_00,20,field-and-entrance-resolved,,RMAP_157_1_0;RMAP_157_1_1;RMAP_157_4_0;RMAP_157_4_1;RMAP_157_5_0;RMAP_157_5_1;RMAP_157_6_0;RMAP_157_8_0;RMAP_157_8_1;RMAP_157_11_0;RMAP_157_12_0;RMAP_157_13_0;RMAP_157_15_0,RMAP_159_11_0;RMAP_159_11_1;RMAP_159_11_2;RMAP_159_11_3;RMAP_159_11_4
F157_052_00,D07_SAFETY_GOTO,6895,,,dynamic-arguments,,RMAP_157_1_0;RMAP_157_1_1;RMAP_157_4_0;RMAP_157_4_1;RMAP_157_5_0;RMAP_157_5_1;RMAP_157_6_0;RMAP_157_8_0;RMAP_157_8_1;RMAP_157_11_0;RMAP_157_12_0;RMAP_157_13_0;RMAP_157_15_0,
F157_052_00,D07_SAFETY_GOTO,6904,F159_003_00,20,field-and-entrance-resolved,,RMAP_157_1_0;RMAP_157_1_1;RMAP_157_4_0;RMAP_157_4_1;RMAP_157_5_0;RMAP_157_5_1;RMAP_157_6_0;RMAP_157_8_0;RMAP_157_8_1;RMAP_157_11_0;RMAP_157_12_0;RMAP_157_13_0;RMAP_157_15_0,RMAP_159_3_0;RMAP_159_3_1
F157_052_00,D07_SAFETY_GOTO,6908,F159_051_00,18,entrance-id-missing,,RMAP_157_1_0;RMAP_157_1_1;RMAP_157_4_0;RMAP_157_4_1;RMAP_157_5_0;RMAP_157_5_1;RMAP_157_6_0;RMAP_157_8_0;RMAP_157_8_1;RMAP_157_11_0;RMAP_157_12_0;RMAP_157_13_0;RMAP_157_15_0,RMAP_159_1_0;RMAP_159_3_0;RMAP_159_3_1;RMAP_159_6_0;RMAP_159_6_1;RMAP_159_6_2;RMAP_159_6_3;RMAP_159_7_0;RMAP_159_7_1;RMAP_159_10_0;RMAP_159_10_1;RMAP_159_11_0;RMAP_159_11_1;RMAP_159_11_2;RMAP_159_11_3
F157_052_00,D08_SAFETY_GOTO,6938,F161_001_00,0,field-and-entrance-resolved,,RMAP_157_1_0;RMAP_157_1_1;RMAP_157_4_0;RMAP_157_4_1;RMAP_157_5_0;RMAP_157_5_1;RMAP_157_6_0;RMAP_157_8_0;RMAP_157_8_1;RMAP_157_11_0;RMAP_157_12_0;RMAP_157_13_0;RMAP_157_15_0,RMAP_161_1_0
F157_052_00,D08_SAFETY_GOTO,6945,F161_006_00,20,field-and-entrance-resolved,,RMAP_157_1_0;RMAP_157_1_1;RMAP_157_4_0;RMAP_157_4_1;RMAP_157_5_0;RMAP_157_5_1;RMAP_157_6_0;RMAP_157_8_0;RMAP_157_8_1;RMAP_157_11_0;RMAP_157_12_0;RMAP_157_13_0;RMAP_157_15_0,RMAP_161_6_0
F157_052_00,D08_SAFETY_GOTO,6949,F161_051_00,11,entrance-id-missing,,RMAP_157_1_0;RMAP_157_1_1;RMAP_157_4_0;RMAP_157_4_1;RMAP_157_5_0;RMAP_157_5_1;RMAP_157_6_0;RMAP_157_8_0;RMAP_157_8_1;RMAP_157_11_0;RMAP_157_12_0;RMAP_157_13_0;RMAP_157_15_0,RMAP_160_1_0;RMAP_160_6_0;RMAP_161_1_0;RMAP_161_6_0;RMAP_161_10_0
F157_052_00,D08_SAFETY_GOTO,6958,F161_010_00,20,field-and-entrance-resolved,,RMAP_157_1_0;RMAP_157_1_1;RMAP_157_4_0;RMAP_157_4_1;RMAP_157_5_0;RMAP_157_5_1;RMAP_157_6_0;RMAP_157_8_0;RMAP_157_8_1;RMAP_157_11_0;RMAP_157_12_0;RMAP_157_13_0;RMAP_157_15_0,RMAP_161_10_0
F157_052_00,D08_SAFETY_GOTO,6962,F161_051_00,12,entrance-id-missing,,RMAP_157_1_0;RMAP_157_1_1;RMAP_157_4_0;RMAP_157_4_1;RMAP_157_5_0;RMAP_157_5_1;RMAP_157_6_0;RMAP_157_8_0;RMAP_157_8_1;RMAP_157_11_0;RMAP_157_12_0;RMAP_157_13_0;RMAP_157_15_0,RMAP_160_1_0;RMAP_160_6_0;RMAP_161_1_0;RMAP_161_6_0;RMAP_161_10_0
F157_052_00,D08_SAFETY_GOTO,6971,F161_003_00,20,field-and-entrance-resolved,,RMAP_157_1_0;RMAP_157_1_1;RMAP_157_4_0;RMAP_157_4_1;RMAP_157_5_0;RMAP_157_5_1;RMAP_157_6_0;RMAP_157_8_0;RMAP_157_8_1;RMAP_157_11_0;RMAP_157_12_0;RMAP_157_13_0;RMAP_157_15_0,RMAP_161_3_0
F157_052_00,D08_SAFETY_GOTO,6975,F161_051_00,13,entrance-id-missing,,RMAP_157_1_0;RMAP_157_1_1;RMAP_157_4_0;RMAP_157_4_1;RMAP_157_5_0;RMAP_157_5_1;RMAP_157_6_0;RMAP_157_8_0;RMAP_157_8_1;RMAP_157_11_0;RMAP_157_12_0;RMAP_157_13_0;RMAP_157_15_0,RMAP_160_1_0;RMAP_160_6_0;RMAP_161_1_0;RMAP_161_6_0;RMAP_161_10_0
F157_052_00,D08_SAFETY_GOTO,6984,F161_008_00,20,field-and-entrance-resolved,,RMAP_157_1_0;RMAP_157_1_1;RMAP_157_4_0;RMAP_157_4_1;RMAP_157_5_0;RMAP_157_5_1;RMAP_157_6_0;RMAP_157_8_0;RMAP_157_8_1;RMAP_157_11_0;RMAP_157_12_0;RMAP_157_13_0;RMAP_157_15_0,RMAP_161_8_0
F157_052_00,D08_SAFETY_GOTO,6988,F161_051_00,14,entrance-id-missing,,RMAP_157_1_0;RMAP_157_1_1;RMAP_157_4_0;RMAP_157_4_1;RMAP_157_5_0;RMAP_157_5_1;RMAP_157_6_0;RMAP_157_8_0;RMAP_157_8_1;RMAP_157_11_0;RMAP_157_12_0;RMAP_157_13_0;RMAP_157_15_0,RMAP_160_1_0;RMAP_160_6_0;RMAP_161_1_0;RMAP_161_6_0;RMAP_161_10_0
F157_052_00,LAST_SAFETY_GOTO,7018,F160_001_00,0,field-and-entrance-resolved,,RMAP_157_1_0;RMAP_157_1_1;RMAP_157_4_0;RMAP_157_4_1;RMAP_157_5_0;RMAP_157_5_1;RMAP_157_6_0;RMAP_157_8_0;RMAP_157_8_1;RMAP_157_11_0;RMAP_157_12_0;RMAP_157_13_0;RMAP_157_15_0,RMAP_160_1_0
F157_052_00,LAST_SAFETY_GOTO,7025,F160_006_00,0,field-and-entrance-resolved,,RMAP_157_1_0;RMAP_157_1_1;RMAP_157_4_0;RMAP_157_4_1;RMAP_157_5_0;RMAP_157_5_1;RMAP_157_6_0;RMAP_157_8_0;RMAP_157_8_1;RMAP_157_11_0;RMAP_157_12_0;RMAP_157_13_0;RMAP_157_15_0,RMAP_160_6_0
F157_052_00,LAST_SAFETY_GOTO,7029,F160_006_00,0,field-and-entrance-resolved,,RMAP_157_1_0;RMAP_157_1_1;RMAP_157_4_0;RMAP_157_4_1;RMAP_157_5_0;RMAP_157_5_1;RMAP_157_6_0;RMAP_157_8_0;RMAP_157_8_1;RMAP_157_11_0;RMAP_157_12_0;RMAP_157_13_0;RMAP_157_15_0,RMAP_160_6_0
F157_052_00,D10_SAFETY_GOTO,7059,F162_001_00,20,field-and-entrance-resolved,,RMAP_157_1_0;RMAP_157_1_1;RMAP_157_4_0;RMAP_157_4_1;RMAP_157_5_0;RMAP_157_5_1;RMAP_157_6_0;RMAP_157_8_0;RMAP_157_8_1;RMAP_157_11_0;RMAP_157_12_0;RMAP_157_13_0;RMAP_157_15_0,RMAP_162_1_0
F157_052_00,D10_SAFETY_GOTO,7066,F162_003_00,20,field-and-entrance-resolved,,RMAP_157_1_0;RMAP_157_1_1;RMAP_157_4_0;RMAP_157_4_1;RMAP_157_5_0;RMAP_157_5_1;RMAP_157_6_0;RMAP_157_8_0;RMAP_157_8_1;RMAP_157_11_0;RMAP_157_12_0;RMAP_157_13_0;RMAP_157_15_0,RMAP_162_3_0;RMAP_162_3_1
F157_052_00,D10_SAFETY_GOTO,7070,F162_051_00,11,entrance-id-missing,,RMAP_157_1_0;RMAP_157_1_1;RMAP_157_4_0;RMAP_157_4_1;RMAP_157_5_0;RMAP_157_5_1;RMAP_157_6_0;RMAP_157_8_0;RMAP_157_8_1;RMAP_157_11_0;RMAP_157_12_0;RMAP_157_13_0;RMAP_157_15_0,RMAP_162_1_0;RMAP_162_3_0;RMAP_162_4_0;RMAP_162_9_0;RMAP_162_11_0;RMAP_162_12_0;RMAP_162_14_0;RMAP_162_15_0
F157_052_00,D10_SAFETY_GOTO,7079,F162_009_00,20,field-and-entrance-resolved,,RMAP_157_1_0;RMAP_157_1_1;RMAP_157_4_0;RMAP_157_4_1;RMAP_157_5_0;RMAP_157_5_1;RMAP_157_6_0;RMAP_157_8_0;RMAP_157_8_1;RMAP_157_11_0;RMAP_157_12_0;RMAP_157_13_0;RMAP_157_15_0,RMAP_162_9_0;RMAP_162_9_1;RMAP_162_9_2;RMAP_162_9_3;RMAP_162_9_4
F157_052_00,D10_SAFETY_GOTO,7083,F162_051_00,12,entrance-id-missing,,RMAP_157_1_0;RMAP_157_1_1;RMAP_157_4_0;RMAP_157_4_1;RMAP_157_5_0;RMAP_157_5_1;RMAP_157_6_0;RMAP_157_8_0;RMAP_157_8_1;RMAP_157_11_0;RMAP_157_12_0;RMAP_157_13_0;RMAP_157_15_0,RMAP_162_1_0;RMAP_162_3_0;RMAP_162_4_0;RMAP_162_9_0;RMAP_162_11_0;RMAP_162_12_0;RMAP_162_14_0;RMAP_162_15_0
F157_052_00,D10_SAFETY_GOTO,7092,F162_014_00,20,field-and-entrance-resolved,,RMAP_157_1_0;RMAP_157_1_1;RMAP_157_4_0;RMAP_157_4_1;RMAP_157_5_0;RMAP_157_5_1;RMAP_157_6_0;RMAP_157_8_0;RMAP_157_8_1;RMAP_157_11_0;RMAP_157_12_0;RMAP_157_13_0;RMAP_157_15_0,RMAP_162_14_0;RMAP_162_14_1;RMAP_162_14_2;RMAP_162_14_3
F157_052_00,D10_SAFETY_GOTO,7096,F162_052_00,13,entrance-id-missing,,RMAP_157_1_0;RMAP_157_1_1;RMAP_157_4_0;RMAP_157_4_1;RMAP_157_5_0;RMAP_157_5_1;RMAP_157_6_0;RMAP_157_8_0;RMAP_157_8_1;RMAP_157_11_0;RMAP_157_12_0;RMAP_157_13_0;RMAP_157_15_0,RMAP_162_1_0;RMAP_162_3_0;RMAP_162_4_0;RMAP_162_9_0;RMAP_162_11_0;RMAP_162_12_0;RMAP_162_14_0;RMAP_162_15_0
F157_052_00,D10_SAFETY_GOTO,7105,F162_015_00,20,field-and-entrance-resolved,,RMAP_157_1_0;RMAP_157_1_1;RMAP_157_4_0;RMAP_157_4_1;RMAP_157_5_0;RMAP_157_5_1;RMAP_157_6_0;RMAP_157_8_0;RMAP_157_8_1;RMAP_157_11_0;RMAP_157_12_0;RMAP_157_13_0;RMAP_157_15_0,RMAP_162_15_0;RMAP_162_15_1;RMAP_162_15_2
F157_052_00,D10_SAFETY_GOTO,7109,F162_052_00,14,entrance-id-missing,,RMAP_157_1_0;RMAP_157_1_1;RMAP_157_4_0;RMAP_157_4_1;RMAP_157_5_0;RMAP_157_5_1;RMAP_157_6_0;RMAP_157_8_0;RMAP_157_8_1;RMAP_157_11_0;RMAP_157_12_0;RMAP_157_13_0;RMAP_157_15_0,RMAP_162_1_0;RMAP_162_3_0;RMAP_162_4_0;RMAP_162_9_0;RMAP_162_11_0;RMAP_162_12_0;RMAP_162_14_0;RMAP_162_15_0
F157_052_00,D10_SAFETY_GOTO,7118,F162_012_00,20,field-and-entrance-resolved,,RMAP_157_1_0;RMAP_157_1_1;RMAP_157_4_0;RMAP_157_4_1;RMAP_157_5_0;RMAP_157_5_1;RMAP_157_6_0;RMAP_157_8_0;RMAP_157_8_1;RMAP_157_11_0;RMAP_157_12_0;RMAP_157_13_0;RMAP_157_15_0,RMAP_162_12_0;RMAP_162_12_1
F157_052_00,D10_SAFETY_GOTO,7122,F162_052_00,15,entrance-id-missing,,RMAP_157_1_0;RMAP_157_1_1;RMAP_157_4_0;RMAP_157_4_1;RMAP_157_5_0;RMAP_157_5_1;RMAP_157_6_0;RMAP_157_8_0;RMAP_157_8_1;RMAP_157_11_0;RMAP_157_12_0;RMAP_157_13_0;RMAP_157_15_0,RMAP_162_1_0;RMAP_162_3_0;RMAP_162_4_0;RMAP_162_9_0;RMAP_162_11_0;RMAP_162_12_0;RMAP_162_14_0;RMAP_162_15_0
F157_052_00,D10_SAFETY_GOTO,7131,F162_005_00,20,entrance-id-missing,,RMAP_157_1_0;RMAP_157_1_1;RMAP_157_4_0;RMAP_157_4_1;RMAP_157_5_0;RMAP_157_5_1;RMAP_157_6_0;RMAP_157_8_0;RMAP_157_8_1;RMAP_157_11_0;RMAP_157_12_0;RMAP_157_13_0;RMAP_157_15_0,RMAP_162_5_0
F157_052_00,D10_SAFETY_GOTO,7135,,,dynamic-arguments,,RMAP_157_1_0;RMAP_157_1_1;RMAP_157_4_0;RMAP_157_4_1;RMAP_157_5_0;RMAP_157_5_1;RMAP_157_6_0;RMAP_157_8_0;RMAP_157_8_1;RMAP_157_11_0;RMAP_157_12_0;RMAP_157_13_0;RMAP_157_15_0,
F157_052_00,D10_SAFETY_GOTO,7144,,,dynamic-arguments,,RMAP_157_1_0;RMAP_157_1_1;RMAP_157_4_0;RMAP_157_4_1;RMAP_157_5_0;RMAP_157_5_1;RMAP_157_6_0;RMAP_157_8_0;RMAP_157_8_1;RMAP_157_11_0;RMAP_157_12_0;RMAP_157_13_0;RMAP_157_15_0,
F157_052_00,D10_SAFETY_GOTO,7148,F162_052_00,17,entrance-id-missing,,RMAP_157_1_0;RMAP_157_1_1;RMAP_157_4_0;RMAP_157_4_1;RMAP_157_5_0;RMAP_157_5_1;RMAP_157_6_0;RMAP_157_8_0;RMAP_157_8_1;RMAP_157_11_0;RMAP_157_12_0;RMAP_157_13_0;RMAP_157_15_0,RMAP_162_1_0;RMAP_162_3_0;RMAP_162_4_0;RMAP_162_9_0;RMAP_162_11_0;RMAP_162_12_0;RMAP_162_14_0;RMAP_162_15_0
F157_052_00,D10_SAFETY_GOTO,7157,F162_002_00,20,field-and-entrance-resolved,,RMAP_157_1_0;RMAP_157_1_1;RMAP_157_4_0;RMAP_157_4_1;RMAP_157_5_0;RMAP_157_5_1;RMAP_157_6_0;RMAP_157_8_0;RMAP_157_8_1;RMAP_157_11_0;RMAP_157_12_0;RMAP_157_13_0;RMAP_157_15_0,RMAP_162_2_0;RMAP_162_2_1;RMAP_162_2_2;RMAP_162_2_3
F157_052_00,D10_SAFETY_GOTO,7161,F162_051_00,18,entrance-id-missing,,RMAP_157_1_0;RMAP_157_1_1;RMAP_157_4_0;RMAP_157_4_1;RMAP_157_5_0;RMAP_157_5_1;RMAP_157_6_0;RMAP_157_8_0;RMAP_157_8_1;RMAP_157_11_0;RMAP_157_12_0;RMAP_157_13_0;RMAP_157_15_0,RMAP_162_1_0;RMAP_162_3_0;RMAP_162_4_0;RMAP_162_9_0;RMAP_162_11_0;RMAP_162_12_0;RMAP_162_14_0;RMAP_162_15_0
F157_052_00,D10_SAFETY_GOTO,7170,F162_011_00,20,field-and-entrance-resolved,,RMAP_157_1_0;RMAP_157_1_1;RMAP_157_4_0;RMAP_157_4_1;RMAP_157_5_0;RMAP_157_5_1;RMAP_157_6_0;RMAP_157_8_0;RMAP_157_8_1;RMAP_157_11_0;RMAP_157_12_0;RMAP_157_13_0;RMAP_157_15_0,RMAP_162_11_0;RMAP_162_11_1;RMAP_162_11_2
F157_052_00,D10_SAFETY_GOTO,7174,F162_052_00,19,entrance-id-missing,,RMAP_157_1_0;RMAP_157_1_1;RMAP_157_4_0;RMAP_157_4_1;RMAP_157_5_0;RMAP_157_5_1;RMAP_157_6_0;RMAP_157_8_0;RMAP_157_8_1;RMAP_157_11_0;RMAP_157_12_0;RMAP_157_13_0;RMAP_157_15_0,RMAP_162_1_0;RMAP_162_3_0;RMAP_162_4_0;RMAP_162_9_0;RMAP_162_11_0;RMAP_162_12_0;RMAP_162_14_0;RMAP_162_15_0
F159_001_00,GOTO_159_02_00,197,F159_002_00,0,field-and-entrance-resolved,"2,3,4,5",RMAP_159_1_0,RMAP_159_2_0;RMAP_159_2_1;RMAP_159_2_2;RMAP_159_2_3;RMAP_159_2_4;RMAP_159_2_5
F159_001_00,GOTO_159_02_00,205,F159_002_00,0,field-and-entrance-resolved,"2,3,4,5",RMAP_159_1_0,RMAP_159_2_0;RMAP_159_2_1;RMAP_159_2_2;RMAP_159_2_3;RMAP_159_2_4;RMAP_159_2_5
F159_001_00,D_VELVET_ROOM,2716,F010_003_00,0,field-and-entrance-resolved,1,RMAP_159_1_0,RMAP_001_1_0
F159_001_00,DUNGEON_EXIT_DEBUG,3072,F003_002_00,51,field-and-entrance-resolved,0,RMAP_159_1_0,RMAP_009_2_0
F159_001_00,DUNGEON_EXIT_DEBUG_EX,3079,F159_001_00,2,field-and-entrance-resolved,0,RMAP_159_1_0,RMAP_159_1_0
F159_002_00,D159_02_MAIN_DOOR,20,F159_001_00,1,field-and-entrance-resolved,"0,1,2,3",RMAP_159_2_0;RMAP_159_2_1;RMAP_159_2_2;RMAP_159_2_3;RMAP_159_2_4;RMAP_159_2_5,RMAP_159_1_0
F159_003_00,D159_03_ELEVATOR_A_GOTO,149,,,dynamic-arguments,1,RMAP_159_3_0;RMAP_159_3_1,
F159_004_00,D159_04_ELEVATOR_GOTO,52,F159_012_00,0,field-and-entrance-resolved,28,RMAP_159_3_0;RMAP_159_3_1,RMAP_159_12_0
F159_004_00,D07_02_e423_031_START,167,F159_012_00,10,field-and-entrance-resolved,28,RMAP_159_3_0;RMAP_159_3_1,RMAP_159_12_0
F159_004_00,D07_e407_101_START,244,F159_004_00,5,field-and-entrance-resolved,1,RMAP_159_3_0;RMAP_159_3_1,RMAP_159_3_0;RMAP_159_3_1
F159_004_00,D07_01_e407_041_START,305,F159_004_00,11,field-and-entrance-resolved,3,RMAP_159_3_0;RMAP_159_3_1,RMAP_159_3_0;RMAP_159_3_1
F159_009_00,D159_09_ELEVATOR_A_GOTO,149,,,dynamic-arguments,1,RMAP_159_9_0,
F159_010_00,D159_10_ELEVATOR_A_GOTO,185,F159_020_00,1,field-and-entrance-resolved,1,RMAP_159_10_0;RMAP_159_10_1,RMAP_159_20_0;RMAP_159_20_1
F159_011_00,GOTO_159_13_00,71,F159_013_00,1,field-and-entrance-resolved,0,RMAP_159_11_0;RMAP_159_11_1;RMAP_159_11_2;RMAP_159_11_3;RMAP_159_11_4,RMAP_159_13_0
F159_011_00,DUCT_159_011_A_A_IN,506,F159_013_00,1,field-and-entrance-resolved,6,RMAP_159_11_0;RMAP_159_11_1;RMAP_159_11_2;RMAP_159_11_3;RMAP_159_11_4,RMAP_159_13_0
F159_012_00,D159_12_ELEVATOR_A_GOTO,41,F159_004_00,3,field-and-entrance-resolved,1,RMAP_159_12_0,RMAP_159_3_0;RMAP_159_3_1
F159_013_00,GOTO_159_11_02,70,F159_011_00,2,field-and-entrance-resolved,0,RMAP_159_13_0,RMAP_159_11_0;RMAP_159_11_1;RMAP_159_11_2;RMAP_159_11_3;RMAP_159_11_4
F159_020_00,D159_20_ELEVATOR_A_GOTO,183,,,dynamic-arguments,40,RMAP_159_20_0;RMAP_159_20_1,
F159_020_00,D159_20_ELEVATOR_B_GOTO,218,,,dynamic-arguments,42,RMAP_159_20_0;RMAP_159_20_1,
F159_035_00,D159_36_ELEVATOR_A_GOTO,180,,,dynamic-arguments,28,RMAP_159_35_0,
F159_051_00,GOTO_ENTRANCE_ACTION,4265,F151_001_00,2,field-and-entrance-resolved,"1,2",RMAP_159_1_0;RMAP_159_3_0;RMAP_159_3_1;RMAP_159_6_0;RMAP_159_6_1;RMAP_159_6_2;RMAP_159_6_3;RMAP_159_7_0;RMAP_159_7_1;RMAP_159_10_0;RMAP_159_10_1;RMAP_159_11_0;RMAP_159_11_1;RMAP_159_11_2;RMAP_159_11_3,RMAP_151_1_0;RMAP_151_1_1
F159_051_00,GOTO_ENTRANCE_ACTION,4269,F153_001_00,2,field-and-entrance-resolved,"1,2",RMAP_159_1_0;RMAP_159_3_0;RMAP_159_3_1;RMAP_159_6_0;RMAP_159_6_1;RMAP_159_6_2;RMAP_159_6_3;RMAP_159_7_0;RMAP_159_7_1;RMAP_159_10_0;RMAP_159_10_1;RMAP_159_11_0;RMAP_159_11_1;RMAP_159_11_2;RMAP_159_11_3,RMAP_153_1_0
F159_051_00,GOTO_ENTRANCE_ACTION,4273,F154_001_00,2,field-and-entrance-resolved,"1,2",RMAP_159_1_0;RMAP_159_3_0;RMAP_159_3_1;RMAP_159_6_0;RMAP_159_6_1;RMAP_159_6_2;RMAP_159_6_3;RMAP_159_7_0;RMAP_159_7_1;RMAP_159_10_0;RMAP_159_10_1;RMAP_159_11_0;RMAP_159_11_1;RMAP_159_11_2;RMAP_159_11_3,RMAP_154_1_0
F159_051_00,GOTO_ENTRANCE_ACTION,4277,F155_001_00,5,field-and-entrance-resolved,"1,2",RMAP_159_1_0;RMAP_159_3_0;RMAP_159_3_1;RMAP_159_6_0;RMAP_159_6_1;RMAP_159_6_2;RMAP_159_6_3;RMAP_159_7_0;RMAP_159_7_1;RMAP_159_10_0;RMAP_159_10_1;RMAP_159_11_0;RMAP_159_11_1;RMAP_159_11_2;RMAP_159_11_3,RMAP_155_1_0
F159_051_00,GOTO_ENTRANCE_ACTION,4281,F156_001_00,2,field-and-entrance-resolved,"1,2",RMAP_159_1_0;RMAP_159_3_0;RMAP_159_3_1;RMAP_159_6_0;RMAP_159_6_1;RMAP_159_6_2;RMAP_159_6_3;RMAP_159_7_0;RMAP_159_7_1;RMAP_159_10_0;RMAP_159_10_1;RMAP_159_11_0;RMAP_159_11_1;RMAP_159_11_2;RMAP_159_11_3,RMAP_156_1_0
F159_051_00,GOTO_ENTRANCE_ACTION,4285,F157_001_00,2,field-and-entrance-resolved,"1,2",RMAP_159_1_0;RMAP_159_3_0;RMAP_159_3_1;RMAP_159_6_0;RMAP_159_6_1;RMAP_159_6_2;RMAP_159_6_3;RMAP_159_7_0;RMAP_159_7_1;RMAP_159_10_0;RMAP_159_10_1;RMAP_159_11_0;RMAP_159_11_1;RMAP_159_11_2;RMAP_159_11_3,RMAP_157_1_0;RMAP_157_1_1
F159_051_00,GOTO_ENTRANCE_ACTION,4289,F159_001_00,2,field-and-entrance-resolved,"1,2",RMAP_159_1_0;RMAP_159_3_0;RMAP_159_3_1;RMAP_159_6_0;RMAP_159_6_1;RMAP_159_6_2;RMAP_159_6_3;RMAP_159_7_0;RMAP_159_7_1;RMAP_159_10_0;RMAP_159_10_1;RMAP_159_11_0;RMAP_159_11_1;RMAP_159_11_2;RMAP_159_11_3,RMAP_159_1_0
F159_051_00,GOTO_ENTRANCE_ACTION,4293,F161_001_00,0,field-and-entrance-resolved,"1,2",RMAP_159_1_0;RMAP_159_3_0;RMAP_159_3_1;RMAP_159_6_0;RMAP_159_6_1;RMAP_159_6_2;RMAP_159_6_3;RMAP_159_7_0;RMAP_159_7_1;RMAP_159_10_0;RMAP_159_10_1;RMAP_159_11_0;RMAP_159_11_1;RMAP_159_11_2;RMAP_159_11_3,RMAP_161_1_0
F159_051_00,GOTO_ENTRANCE_ACTION,4297,F162_001_00,20,field-and-entrance-resolved,"1,2",RMAP_159_1_0;RMAP_159_3_0;RMAP_159_3_1;RMAP_159_6_0;RMAP_159_6_1;RMAP_159_6_2;RMAP_159_6_3;RMAP_159_7_0;RMAP_159_7_1;RMAP_159_10_0;RMAP_159_10_1;RMAP_159_11_0;RMAP_159_11_1;RMAP_159_11_2;RMAP_159_11_3,RMAP_162_1_0
F159_051_00,GOTO_M_ENTRANCE_ACTION,4314,F190_001_00,1,field-and-entrance-resolved,"1,2",RMAP_159_1_0;RMAP_159_3_0;RMAP_159_3_1;RMAP_159_6_0;RMAP_159_6_1;RMAP_159_6_2;RMAP_159_6_3;RMAP_159_7_0;RMAP_159_7_1;RMAP_159_10_0;RMAP_159_10_1;RMAP_159_11_0;RMAP_159_11_1;RMAP_159_11_2;RMAP_159_11_3,RMAP_190_1_0
F159_051_00,DEBUG_GOTO_FIELD,4680,F002_005_00,10,field-and-entrance-resolved,,RMAP_159_1_0;RMAP_159_3_0;RMAP_159_3_1;RMAP_159_6_0;RMAP_159_6_1;RMAP_159_6_2;RMAP_159_6_3;RMAP_159_7_0;RMAP_159_7_1;RMAP_159_10_0;RMAP_159_10_1;RMAP_159_11_0;RMAP_159_11_1;RMAP_159_11_2;RMAP_159_11_3,RMAP_002_5_0
F159_051_00,DEBUG_GOTO_FIELD,4684,F001_006_00,10,field-and-entrance-resolved,,RMAP_159_1_0;RMAP_159_3_0;RMAP_159_3_1;RMAP_159_6_0;RMAP_159_6_1;RMAP_159_6_2;RMAP_159_6_3;RMAP_159_7_0;RMAP_159_7_1;RMAP_159_10_0;RMAP_159_10_1;RMAP_159_11_0;RMAP_159_11_1;RMAP_159_11_2;RMAP_159_11_3,RMAP_001_5_0
F159_051_00,DEBUG_GOTO_FIELD,4688,F001_006_00,10,field-and-entrance-resolved,,RMAP_159_1_0;RMAP_159_3_0;RMAP_159_3_1;RMAP_159_6_0;RMAP_159_6_1;RMAP_159_6_2;RMAP_159_6_3;RMAP_159_7_0;RMAP_159_7_1;RMAP_159_10_0;RMAP_159_10_1;RMAP_159_11_0;RMAP_159_11_1;RMAP_159_11_2;RMAP_159_11_3,RMAP_001_5_0
F159_051_00,DEBUG_GOTO_FIELD,4692,F003_002_01,50,field-and-entrance-resolved,,RMAP_159_1_0;RMAP_159_3_0;RMAP_159_3_1;RMAP_159_6_0;RMAP_159_6_1;RMAP_159_6_2;RMAP_159_6_3;RMAP_159_7_0;RMAP_159_7_1;RMAP_159_10_0;RMAP_159_10_1;RMAP_159_11_0;RMAP_159_11_1;RMAP_159_11_2;RMAP_159_11_3,RMAP_009_2_0
F159_051_00,DEBUG_GOTO_FIELD,4696,F003_002_01,50,field-and-entrance-resolved,,RMAP_159_1_0;RMAP_159_3_0;RMAP_159_3_1;RMAP_159_6_0;RMAP_159_6_1;RMAP_159_6_2;RMAP_159_6_3;RMAP_159_7_0;RMAP_159_7_1;RMAP_159_10_0;RMAP_159_10_1;RMAP_159_11_0;RMAP_159_11_1;RMAP_159_11_2;RMAP_159_11_3,RMAP_009_2_0
F159_051_00,DEBUG_GOTO_FIELD,4700,F003_002_01,50,field-and-entrance-resolved,,RMAP_159_1_0;RMAP_159_3_0;RMAP_159_3_1;RMAP_159_6_0;RMAP_159_6_1;RMAP_159_6_2;RMAP_159_6_3;RMAP_159_7_0;RMAP_159_7_1;RMAP_159_10_0;RMAP_159_10_1;RMAP_159_11_0;RMAP_159_11_1;RMAP_159_11_2;RMAP_159_11_3,RMAP_009_2_0
F159_051_00,DEBUG_GOTO_FIELD,4704,F003_002_00,51,field-and-entrance-resolved,,RMAP_159_1_0;RMAP_159_3_0;RMAP_159_3_1;RMAP_159_6_0;RMAP_159_6_1;RMAP_159_6_2;RMAP_159_6_3;RMAP_159_7_0;RMAP_159_7_1;RMAP_159_10_0;RMAP_159_10_1;RMAP_159_11_0;RMAP_159_11_1;RMAP_159_11_2;RMAP_159_11_3,RMAP_009_2_0
F159_051_00,DEBUG_GOTO_FIELD,4708,F003_002_00,51,field-and-entrance-resolved,,RMAP_159_1_0;RMAP_159_3_0;RMAP_159_3_1;RMAP_159_6_0;RMAP_159_6_1;RMAP_159_6_2;RMAP_159_6_3;RMAP_159_7_0;RMAP_159_7_1;RMAP_159_10_0;RMAP_159_10_1;RMAP_159_11_0;RMAP_159_11_1;RMAP_159_11_2;RMAP_159_11_3,RMAP_009_2_0
F159_051_00,DEBUG_GOTO_FIELD,4712,F003_002_00,51,field-and-entrance-resolved,,RMAP_159_1_0;RMAP_159_3_0;RMAP_159_3_1;RMAP_159_6_0;RMAP_159_6_1;RMAP_159_6_2;RMAP_159_6_3;RMAP_159_7_0;RMAP_159_7_1;RMAP_159_10_0;RMAP_159_10_1;RMAP_159_11_0;RMAP_159_11_1;RMAP_159_11_2;RMAP_159_11_3,RMAP_009_2_0
F159_051_00,DEBUG_GOTO_FIELD,4716,F003_002_00,51,field-and-entrance-resolved,,RMAP_159_1_0;RMAP_159_3_0;RMAP_159_3_1;RMAP_159_6_0;RMAP_159_6_1;RMAP_159_6_2;RMAP_159_6_3;RMAP_159_7_0;RMAP_159_7_1;RMAP_159_10_0;RMAP_159_10_1;RMAP_159_11_0;RMAP_159_11_1;RMAP_159_11_2;RMAP_159_11_3,RMAP_009_2_0
F159_051_00,D01_SAFETY_GOTO,6069,F151_001_00,2,field-and-entrance-resolved,,RMAP_159_1_0;RMAP_159_3_0;RMAP_159_3_1;RMAP_159_6_0;RMAP_159_6_1;RMAP_159_6_2;RMAP_159_6_3;RMAP_159_7_0;RMAP_159_7_1;RMAP_159_10_0;RMAP_159_10_1;RMAP_159_11_0;RMAP_159_11_1;RMAP_159_11_2;RMAP_159_11_3,RMAP_151_1_0;RMAP_151_1_1
F159_051_00,D01_SAFETY_GOTO,6076,F152_001_00,20,field-and-entrance-resolved,,RMAP_159_1_0;RMAP_159_3_0;RMAP_159_3_1;RMAP_159_6_0;RMAP_159_6_1;RMAP_159_6_2;RMAP_159_6_3;RMAP_159_7_0;RMAP_159_7_1;RMAP_159_10_0;RMAP_159_10_1;RMAP_159_11_0;RMAP_159_11_1;RMAP_159_11_2;RMAP_159_11_3,RMAP_152_1_0;RMAP_152_1_1
F159_051_00,D01_SAFETY_GOTO,6080,F152_051_00,21,entrance-id-missing,,RMAP_159_1_0;RMAP_159_3_0;RMAP_159_3_1;RMAP_159_6_0;RMAP_159_6_1;RMAP_159_6_2;RMAP_159_6_3;RMAP_159_7_0;RMAP_159_7_1;RMAP_159_10_0;RMAP_159_10_1;RMAP_159_11_0;RMAP_159_11_1;RMAP_159_11_2;RMAP_159_11_3,RMAP_151_1_0;RMAP_151_2_0;RMAP_151_3_0;RMAP_151_5_0;RMAP_151_7_0;RMAP_151_11_0;RMAP_152_1_0;RMAP_152_1_1
F159_051_00,D01_SAFETY_GOTO,6089,F151_014_00,20,field-and-entrance-resolved,,RMAP_159_1_0;RMAP_159_3_0;RMAP_159_3_1;RMAP_159_6_0;RMAP_159_6_1;RMAP_159_6_2;RMAP_159_6_3;RMAP_159_7_0;RMAP_159_7_1;RMAP_159_10_0;RMAP_159_10_1;RMAP_159_11_0;RMAP_159_11_1;RMAP_159_11_2;RMAP_159_11_3,RMAP_151_2_0;RMAP_151_2_1;RMAP_151_2_2
F159_051_00,D01_SAFETY_GOTO,6093,F151_051_00,11,entrance-id-missing,,RMAP_159_1_0;RMAP_159_3_0;RMAP_159_3_1;RMAP_159_6_0;RMAP_159_6_1;RMAP_159_6_2;RMAP_159_6_3;RMAP_159_7_0;RMAP_159_7_1;RMAP_159_10_0;RMAP_159_10_1;RMAP_159_11_0;RMAP_159_11_1;RMAP_159_11_2;RMAP_159_11_3,RMAP_151_1_0;RMAP_151_2_0;RMAP_151_3_0;RMAP_151_5_0;RMAP_151_7_0;RMAP_151_11_0;RMAP_152_1_0;RMAP_152_1_1
F159_051_00,D01_SAFETY_GOTO,6102,F151_002_00,20,field-and-entrance-resolved,,RMAP_159_1_0;RMAP_159_3_0;RMAP_159_3_1;RMAP_159_6_0;RMAP_159_6_1;RMAP_159_6_2;RMAP_159_6_3;RMAP_159_7_0;RMAP_159_7_1;RMAP_159_10_0;RMAP_159_10_1;RMAP_159_11_0;RMAP_159_11_1;RMAP_159_11_2;RMAP_159_11_3,RMAP_151_2_0;RMAP_151_2_1;RMAP_151_2_2
F159_051_00,D01_SAFETY_GOTO,6106,F151_051_00,12,entrance-id-missing,,RMAP_159_1_0;RMAP_159_3_0;RMAP_159_3_1;RMAP_159_6_0;RMAP_159_6_1;RMAP_159_6_2;RMAP_159_6_3;RMAP_159_7_0;RMAP_159_7_1;RMAP_159_10_0;RMAP_159_10_1;RMAP_159_11_0;RMAP_159_11_1;RMAP_159_11_2;RMAP_159_11_3,RMAP_151_1_0;RMAP_151_2_0;RMAP_151_3_0;RMAP_151_5_0;RMAP_151_7_0;RMAP_151_11_0;RMAP_152_1_0;RMAP_152_1_1
F159_051_00,D01_SAFETY_GOTO,6115,F151_004_00,20,field-and-entrance-resolved,,RMAP_159_1_0;RMAP_159_3_0;RMAP_159_3_1;RMAP_159_6_0;RMAP_159_6_1;RMAP_159_6_2;RMAP_159_6_3;RMAP_159_7_0;RMAP_159_7_1;RMAP_159_10_0;RMAP_159_10_1;RMAP_159_11_0;RMAP_159_11_1;RMAP_159_11_2;RMAP_159_11_3,RMAP_151_4_0;RMAP_151_4_1;RMAP_151_4_2
F159_051_00,D01_SAFETY_GOTO,6119,F151_051_00,13,entrance-id-missing,,RMAP_159_1_0;RMAP_159_3_0;RMAP_159_3_1;RMAP_159_6_0;RMAP_159_6_1;RMAP_159_6_2;RMAP_159_6_3;RMAP_159_7_0;RMAP_159_7_1;RMAP_159_10_0;RMAP_159_10_1;RMAP_159_11_0;RMAP_159_11_1;RMAP_159_11_2;RMAP_159_11_3,RMAP_151_1_0;RMAP_151_2_0;RMAP_151_3_0;RMAP_151_5_0;RMAP_151_7_0;RMAP_151_11_0;RMAP_152_1_0;RMAP_152_1_1
F159_051_00,D01_SAFETY_GOTO,6128,F151_005_00,20,field-and-entrance-resolved,,RMAP_159_1_0;RMAP_159_3_0;RMAP_159_3_1;RMAP_159_6_0;RMAP_159_6_1;RMAP_159_6_2;RMAP_159_6_3;RMAP_159_7_0;RMAP_159_7_1;RMAP_159_10_0;RMAP_159_10_1;RMAP_159_11_0;RMAP_159_11_1;RMAP_159_11_2;RMAP_159_11_3,RMAP_151_5_0;RMAP_151_5_1;RMAP_151_5_2
F159_051_00,D01_SAFETY_GOTO,6132,F151_051_00,14,entrance-id-missing,,RMAP_159_1_0;RMAP_159_3_0;RMAP_159_3_1;RMAP_159_6_0;RMAP_159_6_1;RMAP_159_6_2;RMAP_159_6_3;RMAP_159_7_0;RMAP_159_7_1;RMAP_159_10_0;RMAP_159_10_1;RMAP_159_11_0;RMAP_159_11_1;RMAP_159_11_2;RMAP_159_11_3,RMAP_151_1_0;RMAP_151_2_0;RMAP_151_3_0;RMAP_151_5_0;RMAP_151_7_0;RMAP_151_11_0;RMAP_152_1_0;RMAP_152_1_1
F159_051_00,D01_SAFETY_GOTO,6141,F151_007_00,20,field-and-entrance-resolved,,RMAP_159_1_0;RMAP_159_3_0;RMAP_159_3_1;RMAP_159_6_0;RMAP_159_6_1;RMAP_159_6_2;RMAP_159_6_3;RMAP_159_7_0;RMAP_159_7_1;RMAP_159_10_0;RMAP_159_10_1;RMAP_159_11_0;RMAP_159_11_1;RMAP_159_11_2;RMAP_159_11_3,RMAP_151_7_0
F159_051_00,D01_SAFETY_GOTO,6145,F151_051_00,31,entrance-id-missing,,RMAP_159_1_0;RMAP_159_3_0;RMAP_159_3_1;RMAP_159_6_0;RMAP_159_6_1;RMAP_159_6_2;RMAP_159_6_3;RMAP_159_7_0;RMAP_159_7_1;RMAP_159_10_0;RMAP_159_10_1;RMAP_159_11_0;RMAP_159_11_1;RMAP_159_11_2;RMAP_159_11_3,RMAP_151_1_0;RMAP_151_2_0;RMAP_151_3_0;RMAP_151_5_0;RMAP_151_7_0;RMAP_151_11_0;RMAP_152_1_0;RMAP_152_1_1
F159_051_00,D01_SAFETY_GOTO,6154,F151_011_00,1,field-and-entrance-resolved,,RMAP_159_1_0;RMAP_159_3_0;RMAP_159_3_1;RMAP_159_6_0;RMAP_159_6_1;RMAP_159_6_2;RMAP_159_6_3;RMAP_159_7_0;RMAP_159_7_1;RMAP_159_10_0;RMAP_159_10_1;RMAP_159_11_0;RMAP_159_11_1;RMAP_159_11_2;RMAP_159_11_3,RMAP_151_11_0;RMAP_151_11_1
F159_051_00,D01_SAFETY_GOTO,6158,,,dynamic-arguments,,RMAP_159_1_0;RMAP_159_3_0;RMAP_159_3_1;RMAP_159_6_0;RMAP_159_6_1;RMAP_159_6_2;RMAP_159_6_3;RMAP_159_7_0;RMAP_159_7_1;RMAP_159_10_0;RMAP_159_10_1;RMAP_159_11_0;RMAP_159_11_1;RMAP_159_11_2;RMAP_159_11_3,
F159_051_00,D02_SAFETY_GOTO,6188,F153_001_00,2,field-and-entrance-resolved,,RMAP_159_1_0;RMAP_159_3_0;RMAP_159_3_1;RMAP_159_6_0;RMAP_159_6_1;RMAP_159_6_2;RMAP_159_6_3;RMAP_159_7_0;RMAP_159_7_1;RMAP_159_10_0;RMAP_159_10_1;RMAP_159_11_0;RMAP_159_11_1;RMAP_159_11_2;RMAP_159_11_3,RMAP_153_1_0
F159_051_00,D02_SAFETY_GOTO,6195,F153_012_00,2,field-and-entrance-resolved,,RMAP_159_1_0;RMAP_159_3_0;RMAP_159_3_1;RMAP_159_6_0;RMAP_159_6_1;RMAP_159_6_2;RMAP_159_6_3;RMAP_159_7_0;RMAP_159_7_1;RMAP_159_10_0;RMAP_159_10_1;RMAP_159_11_0;RMAP_159_11_1;RMAP_159_11_2;RMAP_159_11_3,RMAP_153_2_0;RMAP_153_2_1
F159_051_00,D02_SAFETY_GOTO,6199,F153_051_00,12,entrance-id-missing,,RMAP_159_1_0;RMAP_159_3_0;RMAP_159_3_1;RMAP_159_6_0;RMAP_159_6_1;RMAP_159_6_2;RMAP_159_6_3;RMAP_159_7_0;RMAP_159_7_1;RMAP_159_10_0;RMAP_159_10_1;RMAP_159_11_0;RMAP_159_11_1;RMAP_159_11_2;RMAP_159_11_3,RMAP_153_1_0;RMAP_153_2_0;RMAP_153_3_0;RMAP_153_4_0;RMAP_153_5_0;RMAP_153_6_0;RMAP_153_6_1;RMAP_153_7_0;RMAP_153_7_1;RMAP_153_9_0;RMAP_153_9_1;RMAP_153_9_2
F159_051_00,D02_SAFETY_GOTO,6208,F153_003_00,4,field-and-entrance-resolved,,RMAP_159_1_0;RMAP_159_3_0;RMAP_159_3_1;RMAP_159_6_0;RMAP_159_6_1;RMAP_159_6_2;RMAP_159_6_3;RMAP_159_7_0;RMAP_159_7_1;RMAP_159_10_0;RMAP_159_10_1;RMAP_159_11_0;RMAP_159_11_1;RMAP_159_11_2;RMAP_159_11_3,RMAP_153_3_0;RMAP_153_3_1;RMAP_153_3_2;RMAP_153_3_3
F159_051_00,D02_SAFETY_GOTO,6212,F153_051_00,13,entrance-id-missing,,RMAP_159_1_0;RMAP_159_3_0;RMAP_159_3_1;RMAP_159_6_0;RMAP_159_6_1;RMAP_159_6_2;RMAP_159_6_3;RMAP_159_7_0;RMAP_159_7_1;RMAP_159_10_0;RMAP_159_10_1;RMAP_159_11_0;RMAP_159_11_1;RMAP_159_11_2;RMAP_159_11_3,RMAP_153_1_0;RMAP_153_2_0;RMAP_153_3_0;RMAP_153_4_0;RMAP_153_5_0;RMAP_153_6_0;RMAP_153_6_1;RMAP_153_7_0;RMAP_153_7_1;RMAP_153_9_0;RMAP_153_9_1;RMAP_153_9_2
F159_051_00,D02_SAFETY_GOTO,6221,F153_005_00,4,field-and-entrance-resolved,,RMAP_159_1_0;RMAP_159_3_0;RMAP_159_3_1;RMAP_159_6_0;RMAP_159_6_1;RMAP_159_6_2;RMAP_159_6_3;RMAP_159_7_0;RMAP_159_7_1;RMAP_159_10_0;RMAP_159_10_1;RMAP_159_11_0;RMAP_159_11_1;RMAP_159_11_2;RMAP_159_11_3,RMAP_153_5_0
F159_051_00,D02_SAFETY_GOTO,6225,F153_051_00,15,entrance-id-missing,,RMAP_159_1_0;RMAP_159_3_0;RMAP_159_3_1;RMAP_159_6_0;RMAP_159_6_1;RMAP_159_6_2;RMAP_159_6_3;RMAP_159_7_0;RMAP_159_7_1;RMAP_159_10_0;RMAP_159_10_1;RMAP_159_11_0;RMAP_159_11_1;RMAP_159_11_2;RMAP_159_11_3,RMAP_153_1_0;RMAP_153_2_0;RMAP_153_3_0;RMAP_153_4_0;RMAP_153_5_0;RMAP_153_6_0;RMAP_153_6_1;RMAP_153_7_0;RMAP_153_7_1;RMAP_153_9_0;RMAP_153_9_1;RMAP_153_9_2
F159_051_00,D02_SAFETY_GOTO,6234,F153_006_00,20,field-and-entrance-resolved,,RMAP_159_1_0;RMAP_159_3_0;RMAP_159_3_1;RMAP_159_6_0;RMAP_159_6_1;RMAP_159_6_2;RMAP_159_6_3;RMAP_159_7_0;RMAP_159_7_1;RMAP_159_10_0;RMAP_159_10_1;RMAP_159_11_0;RMAP_159_11_1;RMAP_159_11_2;RMAP_159_11_3,RMAP_153_6_0;RMAP_153_6_1
F159_051_00,D02_SAFETY_GOTO,6238,,,dynamic-arguments,,RMAP_159_1_0;RMAP_159_3_0;RMAP_159_3_1;RMAP_159_6_0;RMAP_159_6_1;RMAP_159_6_2;RMAP_159_6_3;RMAP_159_7_0;RMAP_159_7_1;RMAP_159_10_0;RMAP_159_10_1;RMAP_159_11_0;RMAP_159_11_1;RMAP_159_11_2;RMAP_159_11_3,
F159_051_00,D02_SAFETY_GOTO,6247,F153_007_00,20,entrance-id-missing,,RMAP_159_1_0;RMAP_159_3_0;RMAP_159_3_1;RMAP_159_6_0;RMAP_159_6_1;RMAP_159_6_2;RMAP_159_6_3;RMAP_159_7_0;RMAP_159_7_1;RMAP_159_10_0;RMAP_159_10_1;RMAP_159_11_0;RMAP_159_11_1;RMAP_159_11_2;RMAP_159_11_3,RMAP_153_7_0;RMAP_153_7_1;RMAP_153_7_2
F159_051_00,D02_SAFETY_GOTO,6251,F153_051_00,17,entrance-id-missing,,RMAP_159_1_0;RMAP_159_3_0;RMAP_159_3_1;RMAP_159_6_0;RMAP_159_6_1;RMAP_159_6_2;RMAP_159_6_3;RMAP_159_7_0;RMAP_159_7_1;RMAP_159_10_0;RMAP_159_10_1;RMAP_159_11_0;RMAP_159_11_1;RMAP_159_11_2;RMAP_159_11_3,RMAP_153_1_0;RMAP_153_2_0;RMAP_153_3_0;RMAP_153_4_0;RMAP_153_5_0;RMAP_153_6_0;RMAP_153_6_1;RMAP_153_7_0;RMAP_153_7_1;RMAP_153_9_0;RMAP_153_9_1;RMAP_153_9_2
F159_051_00,D02_SAFETY_GOTO,6260,F153_009_00,20,field-and-entrance-resolved,,RMAP_159_1_0;RMAP_159_3_0;RMAP_159_3_1;RMAP_159_6_0;RMAP_159_6_1;RMAP_159_6_2;RMAP_159_6_3;RMAP_159_7_0;RMAP_159_7_1;RMAP_159_10_0;RMAP_159_10_1;RMAP_159_11_0;RMAP_159_11_1;RMAP_159_11_2;RMAP_159_11_3,RMAP_153_9_0;RMAP_153_9_1;RMAP_153_9_2
F159_051_00,D02_SAFETY_GOTO,6264,F153_051_00,18,entrance-id-missing,,RMAP_159_1_0;RMAP_159_3_0;RMAP_159_3_1;RMAP_159_6_0;RMAP_159_6_1;RMAP_159_6_2;RMAP_159_6_3;RMAP_159_7_0;RMAP_159_7_1;RMAP_159_10_0;RMAP_159_10_1;RMAP_159_11_0;RMAP_159_11_1;RMAP_159_11_2;RMAP_159_11_3,RMAP_153_1_0;RMAP_153_2_0;RMAP_153_3_0;RMAP_153_4_0;RMAP_153_5_0;RMAP_153_6_0;RMAP_153_6_1;RMAP_153_7_0;RMAP_153_7_1;RMAP_153_9_0;RMAP_153_9_1;RMAP_153_9_2
F159_051_00,D02_SAFETY_GOTO,6273,F153_009_00,21,field-and-entrance-resolved,,RMAP_159_1_0;RMAP_159_3_0;RMAP_159_3_1;RMAP_159_6_0;RMAP_159_6_1;RMAP_159_6_2;RMAP_159_6_3;RMAP_159_7_0;RMAP_159_7_1;RMAP_159_10_0;RMAP_159_10_1;RMAP_159_11_0;RMAP_159_11_1;RMAP_159_11_2;RMAP_159_11_3,RMAP_153_9_0;RMAP_153_9_1;RMAP_153_9_2
F159_051_00,D02_SAFETY_GOTO,6277,F153_051_00,19,entrance-id-missing,,RMAP_159_1_0;RMAP_159_3_0;RMAP_159_3_1;RMAP_159_6_0;RMAP_159_6_1;RMAP_159_6_2;RMAP_159_6_3;RMAP_159_7_0;RMAP_159_7_1;RMAP_159_10_0;RMAP_159_10_1;RMAP_159_11_0;RMAP_159_11_1;RMAP_159_11_2;RMAP_159_11_3,RMAP_153_1_0;RMAP_153_2_0;RMAP_153_3_0;RMAP_153_4_0;RMAP_153_5_0;RMAP_153_6_0;RMAP_153_6_1;RMAP_153_7_0;RMAP_153_7_1;RMAP_153_9_0;RMAP_153_9_1;RMAP_153_9_2
F159_051_00,D03_SAFETY_GOTO,6307,F154_001_00,2,field-and-entrance-resolved,,RMAP_159_1_0;RMAP_159_3_0;RMAP_159_3_1;RMAP_159_6_0;RMAP_159_6_1;RMAP_159_6_2;RMAP_159_6_3;RMAP_159_7_0;RMAP_159_7_1;RMAP_159_10_0;RMAP_159_10_1;RMAP_159_11_0;RMAP_159_11_1;RMAP_159_11_2;RMAP_159_11_3,RMAP_154_1_0
F159_051_00,D03_SAFETY_GOTO,6314,F154_002_00,10,field-and-entrance-resolved,,RMAP_159_1_0;RMAP_159_3_0;RMAP_159_3_1;RMAP_159_6_0;RMAP_159_6_1;RMAP_159_6_2;RMAP_159_6_3;RMAP_159_7_0;RMAP_159_7_1;RMAP_159_10_0;RMAP_159_10_1;RMAP_159_11_0;RMAP_159_11_1;RMAP_159_11_2;RMAP_159_11_3,RMAP_154_2_0;RMAP_154_2_1
F159_051_00,D03_SAFETY_GOTO,6318,F154_051_00,11,entrance-id-missing,,RMAP_159_1_0;RMAP_159_3_0;RMAP_159_3_1;RMAP_159_6_0;RMAP_159_6_1;RMAP_159_6_2;RMAP_159_6_3;RMAP_159_7_0;RMAP_159_7_1;RMAP_159_10_0;RMAP_159_10_1;RMAP_159_11_0;RMAP_159_11_1;RMAP_159_11_2;RMAP_159_11_3,RMAP_154_1_0;RMAP_154_3_0;RMAP_154_3_1;RMAP_154_3_2;RMAP_154_5_0;RMAP_154_14_0;RMAP_154_14_1
F159_051_00,D03_SAFETY_GOTO,6327,F154_002_00,11,field-and-entrance-resolved,,RMAP_159_1_0;RMAP_159_3_0;RMAP_159_3_1;RMAP_159_6_0;RMAP_159_6_1;RMAP_159_6_2;RMAP_159_6_3;RMAP_159_7_0;RMAP_159_7_1;RMAP_159_10_0;RMAP_159_10_1;RMAP_159_11_0;RMAP_159_11_1;RMAP_159_11_2;RMAP_159_11_3,RMAP_154_2_0;RMAP_154_2_1
F159_051_00,D03_SAFETY_GOTO,6331,F154_051_00,12,entrance-id-missing,,RMAP_159_1_0;RMAP_159_3_0;RMAP_159_3_1;RMAP_159_6_0;RMAP_159_6_1;RMAP_159_6_2;RMAP_159_6_3;RMAP_159_7_0;RMAP_159_7_1;RMAP_159_10_0;RMAP_159_10_1;RMAP_159_11_0;RMAP_159_11_1;RMAP_159_11_2;RMAP_159_11_3,RMAP_154_1_0;RMAP_154_3_0;RMAP_154_3_1;RMAP_154_3_2;RMAP_154_5_0;RMAP_154_14_0;RMAP_154_14_1
F159_051_00,D03_SAFETY_GOTO,6340,F154_003_00,10,field-and-entrance-resolved,,RMAP_159_1_0;RMAP_159_3_0;RMAP_159_3_1;RMAP_159_6_0;RMAP_159_6_1;RMAP_159_6_2;RMAP_159_6_3;RMAP_159_7_0;RMAP_159_7_1;RMAP_159_10_0;RMAP_159_10_1;RMAP_159_11_0;RMAP_159_11_1;RMAP_159_11_2;RMAP_159_11_3,RMAP_154_3_0;RMAP_154_3_1;RMAP_154_3_2
F159_051_00,D03_SAFETY_GOTO,6344,F154_051_00,13,entrance-id-missing,,RMAP_159_1_0;RMAP_159_3_0;RMAP_159_3_1;RMAP_159_6_0;RMAP_159_6_1;RMAP_159_6_2;RMAP_159_6_3;RMAP_159_7_0;RMAP_159_7_1;RMAP_159_10_0;RMAP_159_10_1;RMAP_159_11_0;RMAP_159_11_1;RMAP_159_11_2;RMAP_159_11_3,RMAP_154_1_0;RMAP_154_3_0;RMAP_154_3_1;RMAP_154_3_2;RMAP_154_5_0;RMAP_154_14_0;RMAP_154_14_1
F159_051_00,D03_SAFETY_GOTO,6353,F154_003_00,11,field-and-entrance-resolved,,RMAP_159_1_0;RMAP_159_3_0;RMAP_159_3_1;RMAP_159_6_0;RMAP_159_6_1;RMAP_159_6_2;RMAP_159_6_3;RMAP_159_7_0;RMAP_159_7_1;RMAP_159_10_0;RMAP_159_10_1;RMAP_159_11_0;RMAP_159_11_1;RMAP_159_11_2;RMAP_159_11_3,RMAP_154_3_0;RMAP_154_3_1;RMAP_154_3_2
F159_051_00,D03_SAFETY_GOTO,6357,F154_051_00,14,entrance-id-missing,,RMAP_159_1_0;RMAP_159_3_0;RMAP_159_3_1;RMAP_159_6_0;RMAP_159_6_1;RMAP_159_6_2;RMAP_159_6_3;RMAP_159_7_0;RMAP_159_7_1;RMAP_159_10_0;RMAP_159_10_1;RMAP_159_11_0;RMAP_159_11_1;RMAP_159_11_2;RMAP_159_11_3,RMAP_154_1_0;RMAP_154_3_0;RMAP_154_3_1;RMAP_154_3_2;RMAP_154_5_0;RMAP_154_14_0;RMAP_154_14_1
F159_051_00,D03_SAFETY_GOTO,6366,F154_012_00,10,target-fbn-missing,,RMAP_159_1_0;RMAP_159_3_0;RMAP_159_3_1;RMAP_159_6_0;RMAP_159_6_1;RMAP_159_6_2;RMAP_159_6_3;RMAP_159_7_0;RMAP_159_7_1;RMAP_159_10_0;RMAP_159_10_1;RMAP_159_11_0;RMAP_159_11_1;RMAP_159_11_2;RMAP_159_11_3,RMAP_154_12_0;RMAP_154_12_1;RMAP_154_12_2
F159_051_00,D03_SAFETY_GOTO,6370,F154_051_00,15,entrance-id-missing,,RMAP_159_1_0;RMAP_159_3_0;RMAP_159_3_1;RMAP_159_6_0;RMAP_159_6_1;RMAP_159_6_2;RMAP_159_6_3;RMAP_159_7_0;RMAP_159_7_1;RMAP_159_10_0;RMAP_159_10_1;RMAP_159_11_0;RMAP_159_11_1;RMAP_159_11_2;RMAP_159_11_3,RMAP_154_1_0;RMAP_154_3_0;RMAP_154_3_1;RMAP_154_3_2;RMAP_154_5_0;RMAP_154_14_0;RMAP_154_14_1
F159_051_00,D03_SAFETY_GOTO,6379,F154_014_00,10,field-and-entrance-resolved,,RMAP_159_1_0;RMAP_159_3_0;RMAP_159_3_1;RMAP_159_6_0;RMAP_159_6_1;RMAP_159_6_2;RMAP_159_6_3;RMAP_159_7_0;RMAP_159_7_1;RMAP_159_10_0;RMAP_159_10_1;RMAP_159_11_0;RMAP_159_11_1;RMAP_159_11_2;RMAP_159_11_3,RMAP_154_14_0;RMAP_154_14_1
F159_051_00,D03_SAFETY_GOTO,6383,,,dynamic-arguments,,RMAP_159_1_0;RMAP_159_3_0;RMAP_159_3_1;RMAP_159_6_0;RMAP_159_6_1;RMAP_159_6_2;RMAP_159_6_3;RMAP_159_7_0;RMAP_159_7_1;RMAP_159_10_0;RMAP_159_10_1;RMAP_159_11_0;RMAP_159_11_1;RMAP_159_11_2;RMAP_159_11_3,
F159_051_00,D03_SAFETY_GOTO,6392,F154_005_00,10,field-and-entrance-resolved,,RMAP_159_1_0;RMAP_159_3_0;RMAP_159_3_1;RMAP_159_6_0;RMAP_159_6_1;RMAP_159_6_2;RMAP_159_6_3;RMAP_159_7_0;RMAP_159_7_1;RMAP_159_10_0;RMAP_159_10_1;RMAP_159_11_0;RMAP_159_11_1;RMAP_159_11_2;RMAP_159_11_3,RMAP_154_5_0;RMAP_154_5_1
F159_051_00,D03_SAFETY_GOTO,6396,F154_051_00,17,entrance-id-missing,,RMAP_159_1_0;RMAP_159_3_0;RMAP_159_3_1;RMAP_159_6_0;RMAP_159_6_1;RMAP_159_6_2;RMAP_159_6_3;RMAP_159_7_0;RMAP_159_7_1;RMAP_159_10_0;RMAP_159_10_1;RMAP_159_11_0;RMAP_159_11_1;RMAP_159_11_2;RMAP_159_11_3,RMAP_154_1_0;RMAP_154_3_0;RMAP_154_3_1;RMAP_154_3_2;RMAP_154_5_0;RMAP_154_14_0;RMAP_154_14_1
F159_051_00,D04_SAFETY_GOTO,6429,F155_001_00,10,field-and-entrance-resolved,,RMAP_159_1_0;RMAP_159_3_0;RMAP_159_3_1;RMAP_159_6_0;RMAP_159_6_1;RMAP_159_6_2;RMAP_159_6_3;RMAP_159_7_0;RMAP_159_7_1;RMAP_159_10_0;RMAP_159_10_1;RMAP_159_11_0;RMAP_159_11_1;RMAP_159_11_2;RMAP_159_11_3,RMAP_155_1_0
F159_051_00,D04_SAFETY_GOTO,6433,F155_001_00,5,field-and-entrance-resolved,,RMAP_159_1_0;RMAP_159_3_0;RMAP_159_3_1;RMAP_159_6_0;RMAP_159_6_1;RMAP_159_6_2;RMAP_159_6_3;RMAP_159_7_0;RMAP_159_7_1;RMAP_159_10_0;RMAP_159_10_1;RMAP_159_11_0;RMAP_159_11_1;RMAP_159_11_2;RMAP_159_11_3,RMAP_155_1_0
F159_051_00,D04_SAFETY_GOTO,6442,F155_011_00,20,field-and-entrance-resolved,,RMAP_159_1_0;RMAP_159_3_0;RMAP_159_3_1;RMAP_159_6_0;RMAP_159_6_1;RMAP_159_6_2;RMAP_159_6_3;RMAP_159_7_0;RMAP_159_7_1;RMAP_159_10_0;RMAP_159_10_1;RMAP_159_11_0;RMAP_159_11_1;RMAP_159_11_2;RMAP_159_11_3,RMAP_155_11_0;RMAP_155_11_1;RMAP_155_11_2;RMAP_155_11_3
F159_051_00,D04_SAFETY_GOTO,6446,F155_051_00,11,entrance-id-missing,,RMAP_159_1_0;RMAP_159_3_0;RMAP_159_3_1;RMAP_159_6_0;RMAP_159_6_1;RMAP_159_6_2;RMAP_159_6_3;RMAP_159_7_0;RMAP_159_7_1;RMAP_159_10_0;RMAP_159_10_1;RMAP_159_11_0;RMAP_159_11_1;RMAP_159_11_2;RMAP_159_11_3,RMAP_155_1_0;RMAP_155_2_0;RMAP_155_2_1;RMAP_155_4_0;RMAP_155_4_1;RMAP_155_9_0;RMAP_155_9_1
F159_051_00,D04_SAFETY_GOTO,6455,F155_002_00,20,field-and-entrance-resolved,,RMAP_159_1_0;RMAP_159_3_0;RMAP_159_3_1;RMAP_159_6_0;RMAP_159_6_1;RMAP_159_6_2;RMAP_159_6_3;RMAP_159_7_0;RMAP_159_7_1;RMAP_159_10_0;RMAP_159_10_1;RMAP_159_11_0;RMAP_159_11_1;RMAP_159_11_2;RMAP_159_11_3,RMAP_155_2_0;RMAP_155_2_1;RMAP_155_12_0;RMAP_155_12_1
F159_051_00,D04_SAFETY_GOTO,6459,F155_051_00,12,entrance-id-missing,,RMAP_159_1_0;RMAP_159_3_0;RMAP_159_3_1;RMAP_159_6_0;RMAP_159_6_1;RMAP_159_6_2;RMAP_159_6_3;RMAP_159_7_0;RMAP_159_7_1;RMAP_159_10_0;RMAP_159_10_1;RMAP_159_11_0;RMAP_159_11_1;RMAP_159_11_2;RMAP_159_11_3,RMAP_155_1_0;RMAP_155_2_0;RMAP_155_2_1;RMAP_155_4_0;RMAP_155_4_1;RMAP_155_9_0;RMAP_155_9_1
F159_051_00,D04_SAFETY_GOTO,6468,F155_002_00,21,field-and-entrance-resolved,,RMAP_159_1_0;RMAP_159_3_0;RMAP_159_3_1;RMAP_159_6_0;RMAP_159_6_1;RMAP_159_6_2;RMAP_159_6_3;RMAP_159_7_0;RMAP_159_7_1;RMAP_159_10_0;RMAP_159_10_1;RMAP_159_11_0;RMAP_159_11_1;RMAP_159_11_2;RMAP_159_11_3,RMAP_155_2_0;RMAP_155_2_1;RMAP_155_12_0;RMAP_155_12_1
F159_051_00,D04_SAFETY_GOTO,6472,F155_051_00,13,entrance-id-missing,,RMAP_159_1_0;RMAP_159_3_0;RMAP_159_3_1;RMAP_159_6_0;RMAP_159_6_1;RMAP_159_6_2;RMAP_159_6_3;RMAP_159_7_0;RMAP_159_7_1;RMAP_159_10_0;RMAP_159_10_1;RMAP_159_11_0;RMAP_159_11_1;RMAP_159_11_2;RMAP_159_11_3,RMAP_155_1_0;RMAP_155_2_0;RMAP_155_2_1;RMAP_155_4_0;RMAP_155_4_1;RMAP_155_9_0;RMAP_155_9_1
F159_051_00,D04_SAFETY_GOTO,6481,F155_002_00,22,field-and-entrance-resolved,,RMAP_159_1_0;RMAP_159_3_0;RMAP_159_3_1;RMAP_159_6_0;RMAP_159_6_1;RMAP_159_6_2;RMAP_159_6_3;RMAP_159_7_0;RMAP_159_7_1;RMAP_159_10_0;RMAP_159_10_1;RMAP_159_11_0;RMAP_159_11_1;RMAP_159_11_2;RMAP_159_11_3,RMAP_155_2_0;RMAP_155_2_1;RMAP_155_12_0;RMAP_155_12_1
F159_051_00,D04_SAFETY_GOTO,6485,F155_051_00,14,entrance-id-missing,,RMAP_159_1_0;RMAP_159_3_0;RMAP_159_3_1;RMAP_159_6_0;RMAP_159_6_1;RMAP_159_6_2;RMAP_159_6_3;RMAP_159_7_0;RMAP_159_7_1;RMAP_159_10_0;RMAP_159_10_1;RMAP_159_11_0;RMAP_159_11_1;RMAP_159_11_2;RMAP_159_11_3,RMAP_155_1_0;RMAP_155_2_0;RMAP_155_2_1;RMAP_155_4_0;RMAP_155_4_1;RMAP_155_9_0;RMAP_155_9_1
F159_051_00,D04_SAFETY_GOTO,6494,F155_004_00,21,field-and-entrance-resolved,,RMAP_159_1_0;RMAP_159_3_0;RMAP_159_3_1;RMAP_159_6_0;RMAP_159_6_1;RMAP_159_6_2;RMAP_159_6_3;RMAP_159_7_0;RMAP_159_7_1;RMAP_159_10_0;RMAP_159_10_1;RMAP_159_11_0;RMAP_159_11_1;RMAP_159_11_2;RMAP_159_11_3,RMAP_155_4_0;RMAP_155_4_1
F159_051_00,D04_SAFETY_GOTO,6498,F155_051_00,15,entrance-id-missing,,RMAP_159_1_0;RMAP_159_3_0;RMAP_159_3_1;RMAP_159_6_0;RMAP_159_6_1;RMAP_159_6_2;RMAP_159_6_3;RMAP_159_7_0;RMAP_159_7_1;RMAP_159_10_0;RMAP_159_10_1;RMAP_159_11_0;RMAP_159_11_1;RMAP_159_11_2;RMAP_159_11_3,RMAP_155_1_0;RMAP_155_2_0;RMAP_155_2_1;RMAP_155_4_0;RMAP_155_4_1;RMAP_155_9_0;RMAP_155_9_1
F159_051_00,D04_SAFETY_GOTO,6507,F155_004_00,20,field-and-entrance-resolved,,RMAP_159_1_0;RMAP_159_3_0;RMAP_159_3_1;RMAP_159_6_0;RMAP_159_6_1;RMAP_159_6_2;RMAP_159_6_3;RMAP_159_7_0;RMAP_159_7_1;RMAP_159_10_0;RMAP_159_10_1;RMAP_159_11_0;RMAP_159_11_1;RMAP_159_11_2;RMAP_159_11_3,RMAP_155_4_0;RMAP_155_4_1
F159_051_00,D04_SAFETY_GOTO,6511,F155_051_00,17,entrance-id-missing,,RMAP_159_1_0;RMAP_159_3_0;RMAP_159_3_1;RMAP_159_6_0;RMAP_159_6_1;RMAP_159_6_2;RMAP_159_6_3;RMAP_159_7_0;RMAP_159_7_1;RMAP_159_10_0;RMAP_159_10_1;RMAP_159_11_0;RMAP_159_11_1;RMAP_159_11_2;RMAP_159_11_3,RMAP_155_1_0;RMAP_155_2_0;RMAP_155_2_1;RMAP_155_4_0;RMAP_155_4_1;RMAP_155_9_0;RMAP_155_9_1
F159_051_00,D05_SAFETY_GOTO,6541,F156_001_00,5,entrance-id-missing,,RMAP_159_1_0;RMAP_159_3_0;RMAP_159_3_1;RMAP_159_6_0;RMAP_159_6_1;RMAP_159_6_2;RMAP_159_6_3;RMAP_159_7_0;RMAP_159_7_1;RMAP_159_10_0;RMAP_159_10_1;RMAP_159_11_0;RMAP_159_11_1;RMAP_159_11_2;RMAP_159_11_3,RMAP_156_1_0
F159_051_00,D05_SAFETY_GOTO,6548,F156_003_00,20,field-and-entrance-resolved,,RMAP_159_1_0;RMAP_159_3_0;RMAP_159_3_1;RMAP_159_6_0;RMAP_159_6_1;RMAP_159_6_2;RMAP_159_6_3;RMAP_159_7_0;RMAP_159_7_1;RMAP_159_10_0;RMAP_159_10_1;RMAP_159_11_0;RMAP_159_11_1;RMAP_159_11_2;RMAP_159_11_3,RMAP_156_3_0;RMAP_156_3_1
F159_051_00,D05_SAFETY_GOTO,6552,F156_051_00,11,entrance-id-missing,,RMAP_159_1_0;RMAP_159_3_0;RMAP_159_3_1;RMAP_159_6_0;RMAP_159_6_1;RMAP_159_6_2;RMAP_159_6_3;RMAP_159_7_0;RMAP_159_7_1;RMAP_159_10_0;RMAP_159_10_1;RMAP_159_11_0;RMAP_159_11_1;RMAP_159_11_2;RMAP_159_11_3,RMAP_156_1_0;RMAP_156_3_0;RMAP_156_3_1;RMAP_156_4_0;RMAP_156_6_0;RMAP_156_7_0;RMAP_156_7_1;RMAP_156_9_0;RMAP_156_10_0;RMAP_156_10_1;RMAP_156_12_0;RMAP_156_13_0
F159_051_00,D05_SAFETY_GOTO,6561,F156_013_00,2,field-and-entrance-resolved,,RMAP_159_1_0;RMAP_159_3_0;RMAP_159_3_1;RMAP_159_6_0;RMAP_159_6_1;RMAP_159_6_2;RMAP_159_6_3;RMAP_159_7_0;RMAP_159_7_1;RMAP_159_10_0;RMAP_159_10_1;RMAP_159_11_0;RMAP_159_11_1;RMAP_159_11_2;RMAP_159_11_3,RMAP_156_13_0
F159_051_00,D05_SAFETY_GOTO,6565,F156_051_00,12,entrance-id-missing,,RMAP_159_1_0;RMAP_159_3_0;RMAP_159_3_1;RMAP_159_6_0;RMAP_159_6_1;RMAP_159_6_2;RMAP_159_6_3;RMAP_159_7_0;RMAP_159_7_1;RMAP_159_10_0;RMAP_159_10_1;RMAP_159_11_0;RMAP_159_11_1;RMAP_159_11_2;RMAP_159_11_3,RMAP_156_1_0;RMAP_156_3_0;RMAP_156_3_1;RMAP_156_4_0;RMAP_156_6_0;RMAP_156_7_0;RMAP_156_7_1;RMAP_156_9_0;RMAP_156_10_0;RMAP_156_10_1;RMAP_156_12_0;RMAP_156_13_0
F159_051_00,D05_SAFETY_GOTO,6574,F156_004_00,20,field-and-entrance-resolved,,RMAP_159_1_0;RMAP_159_3_0;RMAP_159_3_1;RMAP_159_6_0;RMAP_159_6_1;RMAP_159_6_2;RMAP_159_6_3;RMAP_159_7_0;RMAP_159_7_1;RMAP_159_10_0;RMAP_159_10_1;RMAP_159_11_0;RMAP_159_11_1;RMAP_159_11_2;RMAP_159_11_3,RMAP_156_4_0
F159_051_00,D05_SAFETY_GOTO,6578,F156_051_00,13,entrance-id-missing,,RMAP_159_1_0;RMAP_159_3_0;RMAP_159_3_1;RMAP_159_6_0;RMAP_159_6_1;RMAP_159_6_2;RMAP_159_6_3;RMAP_159_7_0;RMAP_159_7_1;RMAP_159_10_0;RMAP_159_10_1;RMAP_159_11_0;RMAP_159_11_1;RMAP_159_11_2;RMAP_159_11_3,RMAP_156_1_0;RMAP_156_3_0;RMAP_156_3_1;RMAP_156_4_0;RMAP_156_6_0;RMAP_156_7_0;RMAP_156_7_1;RMAP_156_9_0;RMAP_156_10_0;RMAP_156_10_1;RMAP_156_12_0;RMAP_156_13_0
F159_051_00,D05_SAFETY_GOTO,6587,F156_007_00,20,field-and-entrance-resolved,,RMAP_159_1_0;RMAP_159_3_0;RMAP_159_3_1;RMAP_159_6_0;RMAP_159_6_1;RMAP_159_6_2;RMAP_159_6_3;RMAP_159_7_0;RMAP_159_7_1;RMAP_159_10_0;RMAP_159_10_1;RMAP_159_11_0;RMAP_159_11_1;RMAP_159_11_2;RMAP_159_11_3,RMAP_156_7_0;RMAP_156_7_1
F159_051_00,D05_SAFETY_GOTO,6591,F156_051_00,14,entrance-id-missing,,RMAP_159_1_0;RMAP_159_3_0;RMAP_159_3_1;RMAP_159_6_0;RMAP_159_6_1;RMAP_159_6_2;RMAP_159_6_3;RMAP_159_7_0;RMAP_159_7_1;RMAP_159_10_0;RMAP_159_10_1;RMAP_159_11_0;RMAP_159_11_1;RMAP_159_11_2;RMAP_159_11_3,RMAP_156_1_0;RMAP_156_3_0;RMAP_156_3_1;RMAP_156_4_0;RMAP_156_6_0;RMAP_156_7_0;RMAP_156_7_1;RMAP_156_9_0;RMAP_156_10_0;RMAP_156_10_1;RMAP_156_12_0;RMAP_156_13_0
F159_051_00,D05_SAFETY_GOTO,6600,F156_009_00,20,field-and-entrance-resolved,,RMAP_159_1_0;RMAP_159_3_0;RMAP_159_3_1;RMAP_159_6_0;RMAP_159_6_1;RMAP_159_6_2;RMAP_159_6_3;RMAP_159_7_0;RMAP_159_7_1;RMAP_159_10_0;RMAP_159_10_1;RMAP_159_11_0;RMAP_159_11_1;RMAP_159_11_2;RMAP_159_11_3,RMAP_156_9_0
F159_051_00,D05_SAFETY_GOTO,6604,F156_051_00,15,entrance-id-missing,,RMAP_159_1_0;RMAP_159_3_0;RMAP_159_3_1;RMAP_159_6_0;RMAP_159_6_1;RMAP_159_6_2;RMAP_159_6_3;RMAP_159_7_0;RMAP_159_7_1;RMAP_159_10_0;RMAP_159_10_1;RMAP_159_11_0;RMAP_159_11_1;RMAP_159_11_2;RMAP_159_11_3,RMAP_156_1_0;RMAP_156_3_0;RMAP_156_3_1;RMAP_156_4_0;RMAP_156_6_0;RMAP_156_7_0;RMAP_156_7_1;RMAP_156_9_0;RMAP_156_10_0;RMAP_156_10_1;RMAP_156_12_0;RMAP_156_13_0
F159_051_00,D05_SAFETY_GOTO,6613,F156_012_00,20,field-and-entrance-resolved,,RMAP_159_1_0;RMAP_159_3_0;RMAP_159_3_1;RMAP_159_6_0;RMAP_159_6_1;RMAP_159_6_2;RMAP_159_6_3;RMAP_159_7_0;RMAP_159_7_1;RMAP_159_10_0;RMAP_159_10_1;RMAP_159_11_0;RMAP_159_11_1;RMAP_159_11_2;RMAP_159_11_3,RMAP_156_12_0
F159_051_00,D05_SAFETY_GOTO,6617,,,dynamic-arguments,,RMAP_159_1_0;RMAP_159_3_0;RMAP_159_3_1;RMAP_159_6_0;RMAP_159_6_1;RMAP_159_6_2;RMAP_159_6_3;RMAP_159_7_0;RMAP_159_7_1;RMAP_159_10_0;RMAP_159_10_1;RMAP_159_11_0;RMAP_159_11_1;RMAP_159_11_2;RMAP_159_11_3,
F159_051_00,D05_SAFETY_GOTO,6626,F156_006_00,50,field-and-entrance-resolved,,RMAP_159_1_0;RMAP_159_3_0;RMAP_159_3_1;RMAP_159_6_0;RMAP_159_6_1;RMAP_159_6_2;RMAP_159_6_3;RMAP_159_7_0;RMAP_159_7_1;RMAP_159_10_0;RMAP_159_10_1;RMAP_159_11_0;RMAP_159_11_1;RMAP_159_11_2;RMAP_159_11_3,RMAP_156_6_0
F159_051_00,D05_SAFETY_GOTO,6630,F156_051_00,17,entrance-id-missing,,RMAP_159_1_0;RMAP_159_3_0;RMAP_159_3_1;RMAP_159_6_0;RMAP_159_6_1;RMAP_159_6_2;RMAP_159_6_3;RMAP_159_7_0;RMAP_159_7_1;RMAP_159_10_0;RMAP_159_10_1;RMAP_159_11_0;RMAP_159_11_1;RMAP_159_11_2;RMAP_159_11_3,RMAP_156_1_0;RMAP_156_3_0;RMAP_156_3_1;RMAP_156_4_0;RMAP_156_6_0;RMAP_156_7_0;RMAP_156_7_1;RMAP_156_9_0;RMAP_156_10_0;RMAP_156_10_1;RMAP_156_12_0;RMAP_156_13_0
F159_051_00,D05_SAFETY_GOTO,6639,F156_010_00,20,field-and-entrance-resolved,,RMAP_159_1_0;RMAP_159_3_0;RMAP_159_3_1;RMAP_159_6_0;RMAP_159_6_1;RMAP_159_6_2;RMAP_159_6_3;RMAP_159_7_0;RMAP_159_7_1;RMAP_159_10_0;RMAP_159_10_1;RMAP_159_11_0;RMAP_159_11_1;RMAP_159_11_2;RMAP_159_11_3,RMAP_156_10_0;RMAP_156_10_1;RMAP_156_10_2
F159_051_00,D05_SAFETY_GOTO,6643,F156_051_00,18,entrance-id-missing,,RMAP_159_1_0;RMAP_159_3_0;RMAP_159_3_1;RMAP_159_6_0;RMAP_159_6_1;RMAP_159_6_2;RMAP_159_6_3;RMAP_159_7_0;RMAP_159_7_1;RMAP_159_10_0;RMAP_159_10_1;RMAP_159_11_0;RMAP_159_11_1;RMAP_159_11_2;RMAP_159_11_3,RMAP_156_1_0;RMAP_156_3_0;RMAP_156_3_1;RMAP_156_4_0;RMAP_156_6_0;RMAP_156_7_0;RMAP_156_7_1;RMAP_156_9_0;RMAP_156_10_0;RMAP_156_10_1;RMAP_156_12_0;RMAP_156_13_0
F159_051_00,D06_SAFETY_GOTO,6673,F157_001_00,2,field-and-entrance-resolved,,RMAP_159_1_0;RMAP_159_3_0;RMAP_159_3_1;RMAP_159_6_0;RMAP_159_6_1;RMAP_159_6_2;RMAP_159_6_3;RMAP_159_7_0;RMAP_159_7_1;RMAP_159_10_0;RMAP_159_10_1;RMAP_159_11_0;RMAP_159_11_1;RMAP_159_11_2;RMAP_159_11_3,RMAP_157_1_0;RMAP_157_1_1
F159_051_00,D06_SAFETY_GOTO,6680,F157_004_00,4,field-and-entrance-resolved,,RMAP_159_1_0;RMAP_159_3_0;RMAP_159_3_1;RMAP_159_6_0;RMAP_159_6_1;RMAP_159_6_2;RMAP_159_6_3;RMAP_159_7_0;RMAP_159_7_1;RMAP_159_10_0;RMAP_159_10_1;RMAP_159_11_0;RMAP_159_11_1;RMAP_159_11_2;RMAP_159_11_3,RMAP_157_4_0;RMAP_157_4_1
F159_051_00,D06_SAFETY_GOTO,6684,F157_051_00,11,entrance-id-missing,,RMAP_159_1_0;RMAP_159_3_0;RMAP_159_3_1;RMAP_159_6_0;RMAP_159_6_1;RMAP_159_6_2;RMAP_159_6_3;RMAP_159_7_0;RMAP_159_7_1;RMAP_159_10_0;RMAP_159_10_1;RMAP_159_11_0;RMAP_159_11_1;RMAP_159_11_2;RMAP_159_11_3,RMAP_157_1_0;RMAP_157_1_1;RMAP_157_4_0;RMAP_157_4_1;RMAP_157_5_0;RMAP_157_5_1;RMAP_157_6_0;RMAP_157_8_0;RMAP_157_8_1;RMAP_157_11_0;RMAP_157_12_0;RMAP_157_13_0;RMAP_157_15_0
F159_051_00,D06_SAFETY_GOTO,6693,F157_005_00,10,field-and-entrance-resolved,,RMAP_159_1_0;RMAP_159_3_0;RMAP_159_3_1;RMAP_159_6_0;RMAP_159_6_1;RMAP_159_6_2;RMAP_159_6_3;RMAP_159_7_0;RMAP_159_7_1;RMAP_159_10_0;RMAP_159_10_1;RMAP_159_11_0;RMAP_159_11_1;RMAP_159_11_2;RMAP_159_11_3,RMAP_157_5_0
F159_051_00,D06_SAFETY_GOTO,6697,F157_052_00,12,entrance-id-missing,,RMAP_159_1_0;RMAP_159_3_0;RMAP_159_3_1;RMAP_159_6_0;RMAP_159_6_1;RMAP_159_6_2;RMAP_159_6_3;RMAP_159_7_0;RMAP_159_7_1;RMAP_159_10_0;RMAP_159_10_1;RMAP_159_11_0;RMAP_159_11_1;RMAP_159_11_2;RMAP_159_11_3,RMAP_157_1_0;RMAP_157_1_1;RMAP_157_4_0;RMAP_157_4_1;RMAP_157_5_0;RMAP_157_5_1;RMAP_157_6_0;RMAP_157_8_0;RMAP_157_8_1;RMAP_157_11_0;RMAP_157_12_0;RMAP_157_13_0;RMAP_157_15_0
F159_051_00,D06_SAFETY_GOTO,6706,F157_006_00,3,field-and-entrance-resolved,,RMAP_159_1_0;RMAP_159_3_0;RMAP_159_3_1;RMAP_159_6_0;RMAP_159_6_1;RMAP_159_6_2;RMAP_159_6_3;RMAP_159_7_0;RMAP_159_7_1;RMAP_159_10_0;RMAP_159_10_1;RMAP_159_11_0;RMAP_159_11_1;RMAP_159_11_2;RMAP_159_11_3,RMAP_157_6_0
F159_051_00,D06_SAFETY_GOTO,6710,F157_051_00,13,entrance-id-missing,,RMAP_159_1_0;RMAP_159_3_0;RMAP_159_3_1;RMAP_159_6_0;RMAP_159_6_1;RMAP_159_6_2;RMAP_159_6_3;RMAP_159_7_0;RMAP_159_7_1;RMAP_159_10_0;RMAP_159_10_1;RMAP_159_11_0;RMAP_159_11_1;RMAP_159_11_2;RMAP_159_11_3,RMAP_157_1_0;RMAP_157_1_1;RMAP_157_4_0;RMAP_157_4_1;RMAP_157_5_0;RMAP_157_5_1;RMAP_157_6_0;RMAP_157_8_0;RMAP_157_8_1;RMAP_157_11_0;RMAP_157_12_0;RMAP_157_13_0;RMAP_157_15_0
F159_051_00,D06_SAFETY_GOTO,6719,F157_008_00,10,field-and-entrance-resolved,,RMAP_159_1_0;RMAP_159_3_0;RMAP_159_3_1;RMAP_159_6_0;RMAP_159_6_1;RMAP_159_6_2;RMAP_159_6_3;RMAP_159_7_0;RMAP_159_7_1;RMAP_159_10_0;RMAP_159_10_1;RMAP_159_11_0;RMAP_159_11_1;RMAP_159_11_2;RMAP_159_11_3,RMAP_157_8_0;RMAP_157_8_1
F159_051_00,D06_SAFETY_GOTO,6723,F157_052_00,14,entrance-id-missing,,RMAP_159_1_0;RMAP_159_3_0;RMAP_159_3_1;RMAP_159_6_0;RMAP_159_6_1;RMAP_159_6_2;RMAP_159_6_3;RMAP_159_7_0;RMAP_159_7_1;RMAP_159_10_0;RMAP_159_10_1;RMAP_159_11_0;RMAP_159_11_1;RMAP_159_11_2;RMAP_159_11_3,RMAP_157_1_0;RMAP_157_1_1;RMAP_157_4_0;RMAP_157_4_1;RMAP_157_5_0;RMAP_157_5_1;RMAP_157_6_0;RMAP_157_8_0;RMAP_157_8_1;RMAP_157_11_0;RMAP_157_12_0;RMAP_157_13_0;RMAP_157_15_0
F159_051_00,D06_SAFETY_GOTO,6732,F157_011_00,10,field-and-entrance-resolved,,RMAP_159_1_0;RMAP_159_3_0;RMAP_159_3_1;RMAP_159_6_0;RMAP_159_6_1;RMAP_159_6_2;RMAP_159_6_3;RMAP_159_7_0;RMAP_159_7_1;RMAP_159_10_0;RMAP_159_10_1;RMAP_159_11_0;RMAP_159_11_1;RMAP_159_11_2;RMAP_159_11_3,RMAP_157_11_0;RMAP_157_11_1;RMAP_157_11_2
F159_051_00,D06_SAFETY_GOTO,6736,F157_051_00,15,entrance-id-missing,,RMAP_159_1_0;RMAP_159_3_0;RMAP_159_3_1;RMAP_159_6_0;RMAP_159_6_1;RMAP_159_6_2;RMAP_159_6_3;RMAP_159_7_0;RMAP_159_7_1;RMAP_159_10_0;RMAP_159_10_1;RMAP_159_11_0;RMAP_159_11_1;RMAP_159_11_2;RMAP_159_11_3,RMAP_157_1_0;RMAP_157_1_1;RMAP_157_4_0;RMAP_157_4_1;RMAP_157_5_0;RMAP_157_5_1;RMAP_157_6_0;RMAP_157_8_0;RMAP_157_8_1;RMAP_157_11_0;RMAP_157_12_0;RMAP_157_13_0;RMAP_157_15_0
F159_051_00,D06_SAFETY_GOTO,6745,F157_012_00,10,field-and-entrance-resolved,,RMAP_159_1_0;RMAP_159_3_0;RMAP_159_3_1;RMAP_159_6_0;RMAP_159_6_1;RMAP_159_6_2;RMAP_159_6_3;RMAP_159_7_0;RMAP_159_7_1;RMAP_159_10_0;RMAP_159_10_1;RMAP_159_11_0;RMAP_159_11_1;RMAP_159_11_2;RMAP_159_11_3,RMAP_157_12_0
F159_051_00,D06_SAFETY_GOTO,6749,,,dynamic-arguments,,RMAP_159_1_0;RMAP_159_3_0;RMAP_159_3_1;RMAP_159_6_0;RMAP_159_6_1;RMAP_159_6_2;RMAP_159_6_3;RMAP_159_7_0;RMAP_159_7_1;RMAP_159_10_0;RMAP_159_10_1;RMAP_159_11_0;RMAP_159_11_1;RMAP_159_11_2;RMAP_159_11_3,
F159_051_00,D06_SAFETY_GOTO,6758,F157_013_00,10,field-and-entrance-resolved,,RMAP_159_1_0;RMAP_159_3_0;RMAP_159_3_1;RMAP_159_6_0;RMAP_159_6_1;RMAP_159_6_2;RMAP_159_6_3;RMAP_159_7_0;RMAP_159_7_1;RMAP_159_10_0;RMAP_159_10_1;RMAP_159_11_0;RMAP_159_11_1;RMAP_159_11_2;RMAP_159_11_3,RMAP_157_13_0
F159_051_00,D06_SAFETY_GOTO,6762,F157_051_00,17,entrance-id-missing,,RMAP_159_1_0;RMAP_159_3_0;RMAP_159_3_1;RMAP_159_6_0;RMAP_159_6_1;RMAP_159_6_2;RMAP_159_6_3;RMAP_159_7_0;RMAP_159_7_1;RMAP_159_10_0;RMAP_159_10_1;RMAP_159_11_0;RMAP_159_11_1;RMAP_159_11_2;RMAP_159_11_3,RMAP_157_1_0;RMAP_157_1_1;RMAP_157_4_0;RMAP_157_4_1;RMAP_157_5_0;RMAP_157_5_1;RMAP_157_6_0;RMAP_157_8_0;RMAP_157_8_1;RMAP_157_11_0;RMAP_157_12_0;RMAP_157_13_0;RMAP_157_15_0
F159_051_00,D06_SAFETY_GOTO,6771,F157_015_00,10,field-and-entrance-resolved,,RMAP_159_1_0;RMAP_159_3_0;RMAP_159_3_1;RMAP_159_6_0;RMAP_159_6_1;RMAP_159_6_2;RMAP_159_6_3;RMAP_159_7_0;RMAP_159_7_1;RMAP_159_10_0;RMAP_159_10_1;RMAP_159_11_0;RMAP_159_11_1;RMAP_159_11_2;RMAP_159_11_3,RMAP_157_15_0
F159_051_00,D06_SAFETY_GOTO,6775,F157_051_00,18,entrance-id-missing,,RMAP_159_1_0;RMAP_159_3_0;RMAP_159_3_1;RMAP_159_6_0;RMAP_159_6_1;RMAP_159_6_2;RMAP_159_6_3;RMAP_159_7_0;RMAP_159_7_1;RMAP_159_10_0;RMAP_159_10_1;RMAP_159_11_0;RMAP_159_11_1;RMAP_159_11_2;RMAP_159_11_3,RMAP_157_1_0;RMAP_157_1_1;RMAP_157_4_0;RMAP_157_4_1;RMAP_157_5_0;RMAP_157_5_1;RMAP_157_6_0;RMAP_157_8_0;RMAP_157_8_1;RMAP_157_11_0;RMAP_157_12_0;RMAP_157_13_0;RMAP_157_15_0
F159_051_00,D07_SAFETY_GOTO,6805,F159_001_00,2,field-and-entrance-resolved,"0,3,4",RMAP_159_1_0;RMAP_159_3_0;RMAP_159_3_1;RMAP_159_6_0;RMAP_159_6_1;RMAP_159_6_2;RMAP_159_6_3;RMAP_159_7_0;RMAP_159_7_1;RMAP_159_10_0;RMAP_159_10_1;RMAP_159_11_0;RMAP_159_11_1;RMAP_159_11_2;RMAP_159_11_3,RMAP_159_1_0
F159_051_00,D07_SAFETY_GOTO,6812,F159_004_00,20,field-and-entrance-resolved,"0,3,4",RMAP_159_1_0;RMAP_159_3_0;RMAP_159_3_1;RMAP_159_6_0;RMAP_159_6_1;RMAP_159_6_2;RMAP_159_6_3;RMAP_159_7_0;RMAP_159_7_1;RMAP_159_10_0;RMAP_159_10_1;RMAP_159_11_0;RMAP_159_11_1;RMAP_159_11_2;RMAP_159_11_3,RMAP_159_3_0;RMAP_159_3_1
F159_051_00,D07_SAFETY_GOTO,6816,F159_051_00,11,entrance-id-missing,"0,3,4",RMAP_159_1_0;RMAP_159_3_0;RMAP_159_3_1;RMAP_159_6_0;RMAP_159_6_1;RMAP_159_6_2;RMAP_159_6_3;RMAP_159_7_0;RMAP_159_7_1;RMAP_159_10_0;RMAP_159_10_1;RMAP_159_11_0;RMAP_159_11_1;RMAP_159_11_2;RMAP_159_11_3,RMAP_159_1_0;RMAP_159_3_0;RMAP_159_3_1;RMAP_159_6_0;RMAP_159_6_1;RMAP_159_6_2;RMAP_159_6_3;RMAP_159_7_0;RMAP_159_7_1;RMAP_159_10_0;RMAP_159_10_1;RMAP_159_11_0;RMAP_159_11_1;RMAP_159_11_2;RMAP_159_11_3
F159_051_00,D07_SAFETY_GOTO,6825,F159_020_00,20,field-and-entrance-resolved,"0,3,4",RMAP_159_1_0;RMAP_159_3_0;RMAP_159_3_1;RMAP_159_6_0;RMAP_159_6_1;RMAP_159_6_2;RMAP_159_6_3;RMAP_159_7_0;RMAP_159_7_1;RMAP_159_10_0;RMAP_159_10_1;RMAP_159_11_0;RMAP_159_11_1;RMAP_159_11_2;RMAP_159_11_3,RMAP_159_20_0;RMAP_159_20_1
F159_051_00,D07_SAFETY_GOTO,6829,F159_051_00,12,entrance-id-missing,"0,3,4",RMAP_159_1_0;RMAP_159_3_0;RMAP_159_3_1;RMAP_159_6_0;RMAP_159_6_1;RMAP_159_6_2;RMAP_159_6_3;RMAP_159_7_0;RMAP_159_7_1;RMAP_159_10_0;RMAP_159_10_1;RMAP_159_11_0;RMAP_159_11_1;RMAP_159_11_2;RMAP_159_11_3,RMAP_159_1_0;RMAP_159_3_0;RMAP_159_3_1;RMAP_159_6_0;RMAP_159_6_1;RMAP_159_6_2;RMAP_159_6_3;RMAP_159_7_0;RMAP_159_7_1;RMAP_159_10_0;RMAP_159_10_1;RMAP_159_11_0;RMAP_159_11_1;RMAP_159_11_2;RMAP_159_11_3
F159_051_00,D07_SAFETY_GOTO,6838,F159_010_00,20,field-and-entrance-resolved,"0,3,4",RMAP_159_1_0;RMAP_159_3_0;RMAP_159_3_1;RMAP_159_6_0;RMAP_159_6_1;RMAP_159_6_2;RMAP_159_6_3;RMAP_159_7_0;RMAP_159_7_1;RMAP_159_10_0;RMAP_159_10_1;RMAP_159_11_0;RMAP_159_11_1;RMAP_159_11_2;RMAP_159_11_3,RMAP_159_10_0;RMAP_159_10_1
F159_051_00,D07_SAFETY_GOTO,6842,F159_051_00,13,entrance-id-missing,"0,3,4",RMAP_159_1_0;RMAP_159_3_0;RMAP_159_3_1;RMAP_159_6_0;RMAP_159_6_1;RMAP_159_6_2;RMAP_159_6_3;RMAP_159_7_0;RMAP_159_7_1;RMAP_159_10_0;RMAP_159_10_1;RMAP_159_11_0;RMAP_159_11_1;RMAP_159_11_2;RMAP_159_11_3,RMAP_159_1_0;RMAP_159_3_0;RMAP_159_3_1;RMAP_159_6_0;RMAP_159_6_1;RMAP_159_6_2;RMAP_159_6_3;RMAP_159_7_0;RMAP_159_7_1;RMAP_159_10_0;RMAP_159_10_1;RMAP_159_11_0;RMAP_159_11_1;RMAP_159_11_2;RMAP_159_11_3
F159_051_00,D07_SAFETY_GOTO,6851,F159_025_00,20,field-and-entrance-resolved,"0,3,4",RMAP_159_1_0;RMAP_159_3_0;RMAP_159_3_1;RMAP_159_6_0;RMAP_159_6_1;RMAP_159_6_2;RMAP_159_6_3;RMAP_159_7_0;RMAP_159_7_1;RMAP_159_10_0;RMAP_159_10_1;RMAP_159_11_0;RMAP_159_11_1;RMAP_159_11_2;RMAP_159_11_3,RMAP_159_25_0;RMAP_159_25_1
F159_051_00,D07_SAFETY_GOTO,6855,F159_051_00,17,entrance-id-missing,"0,3,4",RMAP_159_1_0;RMAP_159_3_0;RMAP_159_3_1;RMAP_159_6_0;RMAP_159_6_1;RMAP_159_6_2;RMAP_159_6_3;RMAP_159_7_0;RMAP_159_7_1;RMAP_159_10_0;RMAP_159_10_1;RMAP_159_11_0;RMAP_159_11_1;RMAP_159_11_2;RMAP_159_11_3,RMAP_159_1_0;RMAP_159_3_0;RMAP_159_3_1;RMAP_159_6_0;RMAP_159_6_1;RMAP_159_6_2;RMAP_159_6_3;RMAP_159_7_0;RMAP_159_7_1;RMAP_159_10_0;RMAP_159_10_1;RMAP_159_11_0;RMAP_159_11_1;RMAP_159_11_2;RMAP_159_11_3
F159_051_00,D07_SAFETY_GOTO,6864,F159_007_00,20,field-and-entrance-resolved,"0,3,4",RMAP_159_1_0;RMAP_159_3_0;RMAP_159_3_1;RMAP_159_6_0;RMAP_159_6_1;RMAP_159_6_2;RMAP_159_6_3;RMAP_159_7_0;RMAP_159_7_1;RMAP_159_10_0;RMAP_159_10_1;RMAP_159_11_0;RMAP_159_11_1;RMAP_159_11_2;RMAP_159_11_3,RMAP_159_7_0;RMAP_159_7_1
F159_051_00,D07_SAFETY_GOTO,6868,F159_051_00,14,entrance-id-missing,"0,3,4",RMAP_159_1_0;RMAP_159_3_0;RMAP_159_3_1;RMAP_159_6_0;RMAP_159_6_1;RMAP_159_6_2;RMAP_159_6_3;RMAP_159_7_0;RMAP_159_7_1;RMAP_159_10_0;RMAP_159_10_1;RMAP_159_11_0;RMAP_159_11_1;RMAP_159_11_2;RMAP_159_11_3,RMAP_159_1_0;RMAP_159_3_0;RMAP_159_3_1;RMAP_159_6_0;RMAP_159_6_1;RMAP_159_6_2;RMAP_159_6_3;RMAP_159_7_0;RMAP_159_7_1;RMAP_159_10_0;RMAP_159_10_1;RMAP_159_11_0;RMAP_159_11_1;RMAP_159_11_2;RMAP_159_11_3
F159_051_00,D07_SAFETY_GOTO,6877,F159_006_00,20,field-and-entrance-resolved,"0,3,4",RMAP_159_1_0;RMAP_159_3_0;RMAP_159_3_1;RMAP_159_6_0;RMAP_159_6_1;RMAP_159_6_2;RMAP_159_6_3;RMAP_159_7_0;RMAP_159_7_1;RMAP_159_10_0;RMAP_159_10_1;RMAP_159_11_0;RMAP_159_11_1;RMAP_159_11_2;RMAP_159_11_3,RMAP_159_6_0;RMAP_159_6_1;RMAP_159_6_2;RMAP_159_6_3
F159_051_00,D07_SAFETY_GOTO,6881,F159_051_00,15,entrance-id-missing,"0,3,4",RMAP_159_1_0;RMAP_159_3_0;RMAP_159_3_1;RMAP_159_6_0;RMAP_159_6_1;RMAP_159_6_2;RMAP_159_6_3;RMAP_159_7_0;RMAP_159_7_1;RMAP_159_10_0;RMAP_159_10_1;RMAP_159_11_0;RMAP_159_11_1;RMAP_159_11_2;RMAP_159_11_3,RMAP_159_1_0;RMAP_159_3_0;RMAP_159_3_1;RMAP_159_6_0;RMAP_159_6_1;RMAP_159_6_2;RMAP_159_6_3;RMAP_159_7_0;RMAP_159_7_1;RMAP_159_10_0;RMAP_159_10_1;RMAP_159_11_0;RMAP_159_11_1;RMAP_159_11_2;RMAP_159_11_3
F159_051_00,D07_SAFETY_GOTO,6890,F159_011_00,20,field-and-entrance-resolved,"0,3,4",RMAP_159_1_0;RMAP_159_3_0;RMAP_159_3_1;RMAP_159_6_0;RMAP_159_6_1;RMAP_159_6_2;RMAP_159_6_3;RMAP_159_7_0;RMAP_159_7_1;RMAP_159_10_0;RMAP_159_10_1;RMAP_159_11_0;RMAP_159_11_1;RMAP_159_11_2;RMAP_159_11_3,RMAP_159_11_0;RMAP_159_11_1;RMAP_159_11_2;RMAP_159_11_3;RMAP_159_11_4
F159_051_00,D07_SAFETY_GOTO,6894,,,dynamic-arguments,"0,3,4",RMAP_159_1_0;RMAP_159_3_0;RMAP_159_3_1;RMAP_159_6_0;RMAP_159_6_1;RMAP_159_6_2;RMAP_159_6_3;RMAP_159_7_0;RMAP_159_7_1;RMAP_159_10_0;RMAP_159_10_1;RMAP_159_11_0;RMAP_159_11_1;RMAP_159_11_2;RMAP_159_11_3,
F159_051_00,D07_SAFETY_GOTO,6903,F159_003_00,20,field-and-entrance-resolved,"0,3,4",RMAP_159_1_0;RMAP_159_3_0;RMAP_159_3_1;RMAP_159_6_0;RMAP_159_6_1;RMAP_159_6_2;RMAP_159_6_3;RMAP_159_7_0;RMAP_159_7_1;RMAP_159_10_0;RMAP_159_10_1;RMAP_159_11_0;RMAP_159_11_1;RMAP_159_11_2;RMAP_159_11_3,RMAP_159_3_0;RMAP_159_3_1
F159_051_00,D07_SAFETY_GOTO,6907,F159_051_00,18,entrance-id-missing,"0,3,4",RMAP_159_1_0;RMAP_159_3_0;RMAP_159_3_1;RMAP_159_6_0;RMAP_159_6_1;RMAP_159_6_2;RMAP_159_6_3;RMAP_159_7_0;RMAP_159_7_1;RMAP_159_10_0;RMAP_159_10_1;RMAP_159_11_0;RMAP_159_11_1;RMAP_159_11_2;RMAP_159_11_3,RMAP_159_1_0;RMAP_159_3_0;RMAP_159_3_1;RMAP_159_6_0;RMAP_159_6_1;RMAP_159_6_2;RMAP_159_6_3;RMAP_159_7_0;RMAP_159_7_1;RMAP_159_10_0;RMAP_159_10_1;RMAP_159_11_0;RMAP_159_11_1;RMAP_159_11_2;RMAP_159_11_3
F159_051_00,D08_SAFETY_GOTO,6937,F161_001_00,0,field-and-entrance-resolved,,RMAP_159_1_0;RMAP_159_3_0;RMAP_159_3_1;RMAP_159_6_0;RMAP_159_6_1;RMAP_159_6_2;RMAP_159_6_3;RMAP_159_7_0;RMAP_159_7_1;RMAP_159_10_0;RMAP_159_10_1;RMAP_159_11_0;RMAP_159_11_1;RMAP_159_11_2;RMAP_159_11_3,RMAP_161_1_0
F159_051_00,D08_SAFETY_GOTO,6944,F161_006_00,20,field-and-entrance-resolved,,RMAP_159_1_0;RMAP_159_3_0;RMAP_159_3_1;RMAP_159_6_0;RMAP_159_6_1;RMAP_159_6_2;RMAP_159_6_3;RMAP_159_7_0;RMAP_159_7_1;RMAP_159_10_0;RMAP_159_10_1;RMAP_159_11_0;RMAP_159_11_1;RMAP_159_11_2;RMAP_159_11_3,RMAP_161_6_0
F159_051_00,D08_SAFETY_GOTO,6948,F161_051_00,11,entrance-id-missing,,RMAP_159_1_0;RMAP_159_3_0;RMAP_159_3_1;RMAP_159_6_0;RMAP_159_6_1;RMAP_159_6_2;RMAP_159_6_3;RMAP_159_7_0;RMAP_159_7_1;RMAP_159_10_0;RMAP_159_10_1;RMAP_159_11_0;RMAP_159_11_1;RMAP_159_11_2;RMAP_159_11_3,RMAP_160_1_0;RMAP_160_6_0;RMAP_161_1_0;RMAP_161_6_0;RMAP_161_10_0
F159_051_00,D08_SAFETY_GOTO,6957,F161_010_00,20,field-and-entrance-resolved,,RMAP_159_1_0;RMAP_159_3_0;RMAP_159_3_1;RMAP_159_6_0;RMAP_159_6_1;RMAP_159_6_2;RMAP_159_6_3;RMAP_159_7_0;RMAP_159_7_1;RMAP_159_10_0;RMAP_159_10_1;RMAP_159_11_0;RMAP_159_11_1;RMAP_159_11_2;RMAP_159_11_3,RMAP_161_10_0
F159_051_00,D08_SAFETY_GOTO,6961,F161_051_00,12,entrance-id-missing,,RMAP_159_1_0;RMAP_159_3_0;RMAP_159_3_1;RMAP_159_6_0;RMAP_159_6_1;RMAP_159_6_2;RMAP_159_6_3;RMAP_159_7_0;RMAP_159_7_1;RMAP_159_10_0;RMAP_159_10_1;RMAP_159_11_0;RMAP_159_11_1;RMAP_159_11_2;RMAP_159_11_3,RMAP_160_1_0;RMAP_160_6_0;RMAP_161_1_0;RMAP_161_6_0;RMAP_161_10_0
F159_051_00,D08_SAFETY_GOTO,6970,F161_003_00,20,field-and-entrance-resolved,,RMAP_159_1_0;RMAP_159_3_0;RMAP_159_3_1;RMAP_159_6_0;RMAP_159_6_1;RMAP_159_6_2;RMAP_159_6_3;RMAP_159_7_0;RMAP_159_7_1;RMAP_159_10_0;RMAP_159_10_1;RMAP_159_11_0;RMAP_159_11_1;RMAP_159_11_2;RMAP_159_11_3,RMAP_161_3_0
F159_051_00,D08_SAFETY_GOTO,6974,F161_051_00,13,entrance-id-missing,,RMAP_159_1_0;RMAP_159_3_0;RMAP_159_3_1;RMAP_159_6_0;RMAP_159_6_1;RMAP_159_6_2;RMAP_159_6_3;RMAP_159_7_0;RMAP_159_7_1;RMAP_159_10_0;RMAP_159_10_1;RMAP_159_11_0;RMAP_159_11_1;RMAP_159_11_2;RMAP_159_11_3,RMAP_160_1_0;RMAP_160_6_0;RMAP_161_1_0;RMAP_161_6_0;RMAP_161_10_0
F159_051_00,D08_SAFETY_GOTO,6983,F161_008_00,20,field-and-entrance-resolved,,RMAP_159_1_0;RMAP_159_3_0;RMAP_159_3_1;RMAP_159_6_0;RMAP_159_6_1;RMAP_159_6_2;RMAP_159_6_3;RMAP_159_7_0;RMAP_159_7_1;RMAP_159_10_0;RMAP_159_10_1;RMAP_159_11_0;RMAP_159_11_1;RMAP_159_11_2;RMAP_159_11_3,RMAP_161_8_0
F159_051_00,D08_SAFETY_GOTO,6987,F161_051_00,14,entrance-id-missing,,RMAP_159_1_0;RMAP_159_3_0;RMAP_159_3_1;RMAP_159_6_0;RMAP_159_6_1;RMAP_159_6_2;RMAP_159_6_3;RMAP_159_7_0;RMAP_159_7_1;RMAP_159_10_0;RMAP_159_10_1;RMAP_159_11_0;RMAP_159_11_1;RMAP_159_11_2;RMAP_159_11_3,RMAP_160_1_0;RMAP_160_6_0;RMAP_161_1_0;RMAP_161_6_0;RMAP_161_10_0
F159_051_00,LAST_SAFETY_GOTO,7017,F160_001_00,0,field-and-entrance-resolved,,RMAP_159_1_0;RMAP_159_3_0;RMAP_159_3_1;RMAP_159_6_0;RMAP_159_6_1;RMAP_159_6_2;RMAP_159_6_3;RMAP_159_7_0;RMAP_159_7_1;RMAP_159_10_0;RMAP_159_10_1;RMAP_159_11_0;RMAP_159_11_1;RMAP_159_11_2;RMAP_159_11_3,RMAP_160_1_0
F159_051_00,LAST_SAFETY_GOTO,7024,F160_006_00,0,field-and-entrance-resolved,,RMAP_159_1_0;RMAP_159_3_0;RMAP_159_3_1;RMAP_159_6_0;RMAP_159_6_1;RMAP_159_6_2;RMAP_159_6_3;RMAP_159_7_0;RMAP_159_7_1;RMAP_159_10_0;RMAP_159_10_1;RMAP_159_11_0;RMAP_159_11_1;RMAP_159_11_2;RMAP_159_11_3,RMAP_160_6_0
F159_051_00,LAST_SAFETY_GOTO,7028,F160_006_00,0,field-and-entrance-resolved,,RMAP_159_1_0;RMAP_159_3_0;RMAP_159_3_1;RMAP_159_6_0;RMAP_159_6_1;RMAP_159_6_2;RMAP_159_6_3;RMAP_159_7_0;RMAP_159_7_1;RMAP_159_10_0;RMAP_159_10_1;RMAP_159_11_0;RMAP_159_11_1;RMAP_159_11_2;RMAP_159_11_3,RMAP_160_6_0
F159_051_00,D10_SAFETY_GOTO,7058,F162_001_00,20,field-and-entrance-resolved,,RMAP_159_1_0;RMAP_159_3_0;RMAP_159_3_1;RMAP_159_6_0;RMAP_159_6_1;RMAP_159_6_2;RMAP_159_6_3;RMAP_159_7_0;RMAP_159_7_1;RMAP_159_10_0;RMAP_159_10_1;RMAP_159_11_0;RMAP_159_11_1;RMAP_159_11_2;RMAP_159_11_3,RMAP_162_1_0
F159_051_00,D10_SAFETY_GOTO,7065,F162_003_00,20,field-and-entrance-resolved,,RMAP_159_1_0;RMAP_159_3_0;RMAP_159_3_1;RMAP_159_6_0;RMAP_159_6_1;RMAP_159_6_2;RMAP_159_6_3;RMAP_159_7_0;RMAP_159_7_1;RMAP_159_10_0;RMAP_159_10_1;RMAP_159_11_0;RMAP_159_11_1;RMAP_159_11_2;RMAP_159_11_3,RMAP_162_3_0;RMAP_162_3_1
F159_051_00,D10_SAFETY_GOTO,7069,F162_051_00,11,entrance-id-missing,,RMAP_159_1_0;RMAP_159_3_0;RMAP_159_3_1;RMAP_159_6_0;RMAP_159_6_1;RMAP_159_6_2;RMAP_159_6_3;RMAP_159_7_0;RMAP_159_7_1;RMAP_159_10_0;RMAP_159_10_1;RMAP_159_11_0;RMAP_159_11_1;RMAP_159_11_2;RMAP_159_11_3,RMAP_162_1_0;RMAP_162_3_0;RMAP_162_4_0;RMAP_162_9_0;RMAP_162_11_0;RMAP_162_12_0;RMAP_162_14_0;RMAP_162_15_0
F159_051_00,D10_SAFETY_GOTO,7078,F162_009_00,20,field-and-entrance-resolved,,RMAP_159_1_0;RMAP_159_3_0;RMAP_159_3_1;RMAP_159_6_0;RMAP_159_6_1;RMAP_159_6_2;RMAP_159_6_3;RMAP_159_7_0;RMAP_159_7_1;RMAP_159_10_0;RMAP_159_10_1;RMAP_159_11_0;RMAP_159_11_1;RMAP_159_11_2;RMAP_159_11_3,RMAP_162_9_0;RMAP_162_9_1;RMAP_162_9_2;RMAP_162_9_3;RMAP_162_9_4
F159_051_00,D10_SAFETY_GOTO,7082,F162_051_00,12,entrance-id-missing,,RMAP_159_1_0;RMAP_159_3_0;RMAP_159_3_1;RMAP_159_6_0;RMAP_159_6_1;RMAP_159_6_2;RMAP_159_6_3;RMAP_159_7_0;RMAP_159_7_1;RMAP_159_10_0;RMAP_159_10_1;RMAP_159_11_0;RMAP_159_11_1;RMAP_159_11_2;RMAP_159_11_3,RMAP_162_1_0;RMAP_162_3_0;RMAP_162_4_0;RMAP_162_9_0;RMAP_162_11_0;RMAP_162_12_0;RMAP_162_14_0;RMAP_162_15_0
F159_051_00,D10_SAFETY_GOTO,7091,F162_014_00,20,field-and-entrance-resolved,,RMAP_159_1_0;RMAP_159_3_0;RMAP_159_3_1;RMAP_159_6_0;RMAP_159_6_1;RMAP_159_6_2;RMAP_159_6_3;RMAP_159_7_0;RMAP_159_7_1;RMAP_159_10_0;RMAP_159_10_1;RMAP_159_11_0;RMAP_159_11_1;RMAP_159_11_2;RMAP_159_11_3,RMAP_162_14_0;RMAP_162_14_1;RMAP_162_14_2;RMAP_162_14_3
F159_051_00,D10_SAFETY_GOTO,7095,F162_052_00,13,entrance-id-missing,,RMAP_159_1_0;RMAP_159_3_0;RMAP_159_3_1;RMAP_159_6_0;RMAP_159_6_1;RMAP_159_6_2;RMAP_159_6_3;RMAP_159_7_0;RMAP_159_7_1;RMAP_159_10_0;RMAP_159_10_1;RMAP_159_11_0;RMAP_159_11_1;RMAP_159_11_2;RMAP_159_11_3,RMAP_162_1_0;RMAP_162_3_0;RMAP_162_4_0;RMAP_162_9_0;RMAP_162_11_0;RMAP_162_12_0;RMAP_162_14_0;RMAP_162_15_0
F159_051_00,D10_SAFETY_GOTO,7104,F162_015_00,20,field-and-entrance-resolved,,RMAP_159_1_0;RMAP_159_3_0;RMAP_159_3_1;RMAP_159_6_0;RMAP_159_6_1;RMAP_159_6_2;RMAP_159_6_3;RMAP_159_7_0;RMAP_159_7_1;RMAP_159_10_0;RMAP_159_10_1;RMAP_159_11_0;RMAP_159_11_1;RMAP_159_11_2;RMAP_159_11_3,RMAP_162_15_0;RMAP_162_15_1;RMAP_162_15_2
F159_051_00,D10_SAFETY_GOTO,7108,F162_052_00,14,entrance-id-missing,,RMAP_159_1_0;RMAP_159_3_0;RMAP_159_3_1;RMAP_159_6_0;RMAP_159_6_1;RMAP_159_6_2;RMAP_159_6_3;RMAP_159_7_0;RMAP_159_7_1;RMAP_159_10_0;RMAP_159_10_1;RMAP_159_11_0;RMAP_159_11_1;RMAP_159_11_2;RMAP_159_11_3,RMAP_162_1_0;RMAP_162_3_0;RMAP_162_4_0;RMAP_162_9_0;RMAP_162_11_0;RMAP_162_12_0;RMAP_162_14_0;RMAP_162_15_0
F159_051_00,D10_SAFETY_GOTO,7117,F162_012_00,20,field-and-entrance-resolved,,RMAP_159_1_0;RMAP_159_3_0;RMAP_159_3_1;RMAP_159_6_0;RMAP_159_6_1;RMAP_159_6_2;RMAP_159_6_3;RMAP_159_7_0;RMAP_159_7_1;RMAP_159_10_0;RMAP_159_10_1;RMAP_159_11_0;RMAP_159_11_1;RMAP_159_11_2;RMAP_159_11_3,RMAP_162_12_0;RMAP_162_12_1
F159_051_00,D10_SAFETY_GOTO,7121,F162_052_00,15,entrance-id-missing,,RMAP_159_1_0;RMAP_159_3_0;RMAP_159_3_1;RMAP_159_6_0;RMAP_159_6_1;RMAP_159_6_2;RMAP_159_6_3;RMAP_159_7_0;RMAP_159_7_1;RMAP_159_10_0;RMAP_159_10_1;RMAP_159_11_0;RMAP_159_11_1;RMAP_159_11_2;RMAP_159_11_3,RMAP_162_1_0;RMAP_162_3_0;RMAP_162_4_0;RMAP_162_9_0;RMAP_162_11_0;RMAP_162_12_0;RMAP_162_14_0;RMAP_162_15_0
F159_051_00,D10_SAFETY_GOTO,7130,F162_005_00,20,entrance-id-missing,,RMAP_159_1_0;RMAP_159_3_0;RMAP_159_3_1;RMAP_159_6_0;RMAP_159_6_1;RMAP_159_6_2;RMAP_159_6_3;RMAP_159_7_0;RMAP_159_7_1;RMAP_159_10_0;RMAP_159_10_1;RMAP_159_11_0;RMAP_159_11_1;RMAP_159_11_2;RMAP_159_11_3,RMAP_162_5_0
F159_051_00,D10_SAFETY_GOTO,7134,,,dynamic-arguments,,RMAP_159_1_0;RMAP_159_3_0;RMAP_159_3_1;RMAP_159_6_0;RMAP_159_6_1;RMAP_159_6_2;RMAP_159_6_3;RMAP_159_7_0;RMAP_159_7_1;RMAP_159_10_0;RMAP_159_10_1;RMAP_159_11_0;RMAP_159_11_1;RMAP_159_11_2;RMAP_159_11_3,
F159_051_00,D10_SAFETY_GOTO,7143,,,dynamic-arguments,,RMAP_159_1_0;RMAP_159_3_0;RMAP_159_3_1;RMAP_159_6_0;RMAP_159_6_1;RMAP_159_6_2;RMAP_159_6_3;RMAP_159_7_0;RMAP_159_7_1;RMAP_159_10_0;RMAP_159_10_1;RMAP_159_11_0;RMAP_159_11_1;RMAP_159_11_2;RMAP_159_11_3,
F159_051_00,D10_SAFETY_GOTO,7147,F162_052_00,17,entrance-id-missing,,RMAP_159_1_0;RMAP_159_3_0;RMAP_159_3_1;RMAP_159_6_0;RMAP_159_6_1;RMAP_159_6_2;RMAP_159_6_3;RMAP_159_7_0;RMAP_159_7_1;RMAP_159_10_0;RMAP_159_10_1;RMAP_159_11_0;RMAP_159_11_1;RMAP_159_11_2;RMAP_159_11_3,RMAP_162_1_0;RMAP_162_3_0;RMAP_162_4_0;RMAP_162_9_0;RMAP_162_11_0;RMAP_162_12_0;RMAP_162_14_0;RMAP_162_15_0
F159_051_00,D10_SAFETY_GOTO,7156,F162_002_00,20,field-and-entrance-resolved,,RMAP_159_1_0;RMAP_159_3_0;RMAP_159_3_1;RMAP_159_6_0;RMAP_159_6_1;RMAP_159_6_2;RMAP_159_6_3;RMAP_159_7_0;RMAP_159_7_1;RMAP_159_10_0;RMAP_159_10_1;RMAP_159_11_0;RMAP_159_11_1;RMAP_159_11_2;RMAP_159_11_3,RMAP_162_2_0;RMAP_162_2_1;RMAP_162_2_2;RMAP_162_2_3
F159_051_00,D10_SAFETY_GOTO,7160,F162_051_00,18,entrance-id-missing,,RMAP_159_1_0;RMAP_159_3_0;RMAP_159_3_1;RMAP_159_6_0;RMAP_159_6_1;RMAP_159_6_2;RMAP_159_6_3;RMAP_159_7_0;RMAP_159_7_1;RMAP_159_10_0;RMAP_159_10_1;RMAP_159_11_0;RMAP_159_11_1;RMAP_159_11_2;RMAP_159_11_3,RMAP_162_1_0;RMAP_162_3_0;RMAP_162_4_0;RMAP_162_9_0;RMAP_162_11_0;RMAP_162_12_0;RMAP_162_14_0;RMAP_162_15_0
F159_051_00,D10_SAFETY_GOTO,7169,F162_011_00,20,field-and-entrance-resolved,,RMAP_159_1_0;RMAP_159_3_0;RMAP_159_3_1;RMAP_159_6_0;RMAP_159_6_1;RMAP_159_6_2;RMAP_159_6_3;RMAP_159_7_0;RMAP_159_7_1;RMAP_159_10_0;RMAP_159_10_1;RMAP_159_11_0;RMAP_159_11_1;RMAP_159_11_2;RMAP_159_11_3,RMAP_162_11_0;RMAP_162_11_1;RMAP_162_11_2
F159_051_00,D10_SAFETY_GOTO,7173,F162_052_00,19,entrance-id-missing,,RMAP_159_1_0;RMAP_159_3_0;RMAP_159_3_1;RMAP_159_6_0;RMAP_159_6_1;RMAP_159_6_2;RMAP_159_6_3;RMAP_159_7_0;RMAP_159_7_1;RMAP_159_10_0;RMAP_159_10_1;RMAP_159_11_0;RMAP_159_11_1;RMAP_159_11_2;RMAP_159_11_3,RMAP_162_1_0;RMAP_162_3_0;RMAP_162_4_0;RMAP_162_9_0;RMAP_162_11_0;RMAP_162_12_0;RMAP_162_14_0;RMAP_162_15_0
F160_001_00,PALACE_IN_CHECK,99,F160_002_00,0,field-and-entrance-resolved,0,RMAP_160_1_0,RMAP_160_2_0
F160_001_00,D_VELVET_ROOM,2628,F010_003_00,0,field-and-entrance-resolved,1,RMAP_160_1_0,RMAP_001_1_0
F160_002_00,GOTO_160_01_01,21,F160_001_00,1,field-and-entrance-resolved,0,RMAP_160_2_0,RMAP_160_1_0
F160_002_00,GOTO_160_03_00,30,F160_003_00,0,field-and-entrance-resolved,1,RMAP_160_2_0,RMAP_160_3_0
F160_003_00,GOTO_160_02_01,21,F160_002_00,1,field-and-entrance-resolved,0,RMAP_160_3_0,RMAP_160_2_0
F160_003_00,GOTO_160_04_00,30,F160_004_00,0,field-and-entrance-resolved,1,RMAP_160_3_0,RMAP_160_4_0
F160_004_00,GOTO_160_03_01,21,F160_003_00,1,field-and-entrance-resolved,0,RMAP_160_4_0,RMAP_160_3_0
F160_004_00,GOTO_160_05_00,30,F160_005_00,0,field-and-entrance-resolved,1,RMAP_160_4_0,RMAP_160_5_0
F160_005_00,GOTO_160_04_01,21,F160_004_00,1,field-and-entrance-resolved,0,RMAP_160_5_0,RMAP_160_4_0
F160_005_00,GOTO_160_06_00,30,F160_006_00,0,field-and-entrance-resolved,1,RMAP_160_5_0,RMAP_160_6_0
F160_006_00,GOTO_160_05_01,21,F160_005_00,1,field-and-entrance-resolved,0,RMAP_160_6_0,RMAP_160_5_0
F160_010_00,PRISON_PC02,111,F160_010_00,12,field-and-entrance-resolved,2,RMAP_160_10_0;RMAP_160_10_1,RMAP_160_10_0;RMAP_160_10_1
F160_010_00,PRISON_PC04,126,F160_010_00,14,field-and-entrance-resolved,3,RMAP_160_10_0;RMAP_160_10_1,RMAP_160_10_0;RMAP_160_10_1
F160_010_00,PRISON_PC05,141,F160_010_00,15,field-and-entrance-resolved,4,RMAP_160_10_0;RMAP_160_10_1,RMAP_160_10_0;RMAP_160_10_1
F160_010_00,PRISON_PC06,156,,,dynamic-arguments,5,RMAP_160_10_0;RMAP_160_10_1,
F160_010_00,PRISON_PC07,171,F160_010_00,18,field-and-entrance-resolved,6,RMAP_160_10_0;RMAP_160_10_1,RMAP_160_10_0;RMAP_160_10_1
F160_010_00,PRISON_PC08,186,F160_010_00,17,field-and-entrance-resolved,7,RMAP_160_10_0;RMAP_160_10_1,RMAP_160_10_0;RMAP_160_10_1
F160_010_00,D08_e454_025_START,251,F160_001_00,0,field-and-entrance-resolved,9,RMAP_160_10_0;RMAP_160_10_1,RMAP_160_1_0
F161_001_00,PALACE_IN_CHECK,109,F161_002_00,0,field-and-entrance-resolved,1,RMAP_161_1_0,RMAP_161_2_0
F161_001_00,D_VELVET_ROOM,2643,F010_003_00,0,field-and-entrance-resolved,2,RMAP_161_1_0,RMAP_001_1_0
F161_001_00,DUNGEON_EXIT_DEBUG,2997,F001_006_00,10,field-and-entrance-resolved,,RMAP_161_1_0,RMAP_001_5_0
F161_002_00,GOTO_161_001_001,65,F161_001_00,1,field-and-entrance-resolved,0,RMAP_161_2_0,RMAP_161_1_0
F161_003_00,GOTO_161_002_001,68,F161_008_00,1,field-and-entrance-resolved,,RMAP_161_3_0,RMAP_161_8_0
F161_003_00,GOTO_161_004_000,76,F161_004_00,0,field-and-entrance-resolved,,RMAP_161_3_0,RMAP_161_4_0
F161_004_00,GOTO_161_005_000,38,F161_005_00,0,field-and-entrance-resolved,0,RMAP_161_4_0,RMAP_161_5_0
F161_005_00,GOTO_161_004_001,27,F161_004_00,1,field-and-entrance-resolved,26,RMAP_161_5_0,RMAP_161_4_0
F161_005_00,GOTO_161_006_000,36,F161_006_00,0,field-and-entrance-resolved,,RMAP_161_5_0,RMAP_161_6_0
F161_005_00,D08_01_e441_001_START,331,F161_005_00,5,field-and-entrance-resolved,0,RMAP_161_5_0,RMAP_161_5_0
F161_007_00,GOTO_161_008_000,27,F161_008_00,0,field-and-entrance-resolved,0,RMAP_161_7_0,RMAP_161_8_0
F161_008_00,GOTO_161_007_001,72,F161_007_00,1,field-and-entrance-resolved,21,RMAP_161_8_0,RMAP_161_7_0
F161_010_00,GOTO_161_011,68,F161_011_00,0,field-and-entrance-resolved,30,RMAP_161_10_0,RMAP_161_11_0
F161_010_00,GOTO_161_011_wire,81,F161_011_00,0,field-and-entrance-resolved,40,RMAP_161_10_0,RMAP_161_11_0
F161_011_00,GOTO_161_010,20,F161_010_00,1,field-and-entrance-resolved,0,RMAP_161_11_0,RMAP_161_10_0
F161_051_00,GOTO_ENTRANCE_ACTION,4264,F151_001_00,2,field-and-entrance-resolved,"1,2",RMAP_160_1_0;RMAP_160_6_0;RMAP_161_1_0;RMAP_161_6_0;RMAP_161_10_0,RMAP_151_1_0;RMAP_151_1_1
F161_051_00,GOTO_ENTRANCE_ACTION,4268,F153_001_00,2,field-and-entrance-resolved,"1,2",RMAP_160_1_0;RMAP_160_6_0;RMAP_161_1_0;RMAP_161_6_0;RMAP_161_10_0,RMAP_153_1_0
F161_051_00,GOTO_ENTRANCE_ACTION,4272,F154_001_00,2,field-and-entrance-resolved,"1,2",RMAP_160_1_0;RMAP_160_6_0;RMAP_161_1_0;RMAP_161_6_0;RMAP_161_10_0,RMAP_154_1_0
F161_051_00,GOTO_ENTRANCE_ACTION,4276,F155_001_00,5,field-and-entrance-resolved,"1,2",RMAP_160_1_0;RMAP_160_6_0;RMAP_161_1_0;RMAP_161_6_0;RMAP_161_10_0,RMAP_155_1_0
F161_051_00,GOTO_ENTRANCE_ACTION,4280,F156_001_00,2,field-and-entrance-resolved,"1,2",RMAP_160_1_0;RMAP_160_6_0;RMAP_161_1_0;RMAP_161_6_0;RMAP_161_10_0,RMAP_156_1_0
F161_051_00,GOTO_ENTRANCE_ACTION,4284,F157_001_00,2,field-and-entrance-resolved,"1,2",RMAP_160_1_0;RMAP_160_6_0;RMAP_161_1_0;RMAP_161_6_0;RMAP_161_10_0,RMAP_157_1_0;RMAP_157_1_1
F161_051_00,GOTO_ENTRANCE_ACTION,4288,F159_001_00,2,field-and-entrance-resolved,"1,2",RMAP_160_1_0;RMAP_160_6_0;RMAP_161_1_0;RMAP_161_6_0;RMAP_161_10_0,RMAP_159_1_0
F161_051_00,GOTO_ENTRANCE_ACTION,4292,F161_001_00,0,field-and-entrance-resolved,"1,2",RMAP_160_1_0;RMAP_160_6_0;RMAP_161_1_0;RMAP_161_6_0;RMAP_161_10_0,RMAP_161_1_0
F161_051_00,GOTO_ENTRANCE_ACTION,4296,F162_001_00,20,field-and-entrance-resolved,"1,2",RMAP_160_1_0;RMAP_160_6_0;RMAP_161_1_0;RMAP_161_6_0;RMAP_161_10_0,RMAP_162_1_0
F161_051_00,GOTO_M_ENTRANCE_ACTION,4313,F190_001_00,1,field-and-entrance-resolved,"1,2",RMAP_160_1_0;RMAP_160_6_0;RMAP_161_1_0;RMAP_161_6_0;RMAP_161_10_0,RMAP_190_1_0
F161_051_00,DEBUG_GOTO_FIELD,4679,F002_005_00,10,field-and-entrance-resolved,,RMAP_160_1_0;RMAP_160_6_0;RMAP_161_1_0;RMAP_161_6_0;RMAP_161_10_0,RMAP_002_5_0
F161_051_00,DEBUG_GOTO_FIELD,4683,F001_006_00,10,field-and-entrance-resolved,,RMAP_160_1_0;RMAP_160_6_0;RMAP_161_1_0;RMAP_161_6_0;RMAP_161_10_0,RMAP_001_5_0
F161_051_00,DEBUG_GOTO_FIELD,4687,F001_006_00,10,field-and-entrance-resolved,,RMAP_160_1_0;RMAP_160_6_0;RMAP_161_1_0;RMAP_161_6_0;RMAP_161_10_0,RMAP_001_5_0
F161_051_00,DEBUG_GOTO_FIELD,4691,F003_002_01,50,field-and-entrance-resolved,,RMAP_160_1_0;RMAP_160_6_0;RMAP_161_1_0;RMAP_161_6_0;RMAP_161_10_0,RMAP_009_2_0
F161_051_00,DEBUG_GOTO_FIELD,4695,F003_002_01,50,field-and-entrance-resolved,,RMAP_160_1_0;RMAP_160_6_0;RMAP_161_1_0;RMAP_161_6_0;RMAP_161_10_0,RMAP_009_2_0
F161_051_00,DEBUG_GOTO_FIELD,4699,F003_002_01,50,field-and-entrance-resolved,,RMAP_160_1_0;RMAP_160_6_0;RMAP_161_1_0;RMAP_161_6_0;RMAP_161_10_0,RMAP_009_2_0
F161_051_00,DEBUG_GOTO_FIELD,4703,F003_002_00,51,field-and-entrance-resolved,,RMAP_160_1_0;RMAP_160_6_0;RMAP_161_1_0;RMAP_161_6_0;RMAP_161_10_0,RMAP_009_2_0
F161_051_00,DEBUG_GOTO_FIELD,4707,F003_002_00,51,field-and-entrance-resolved,,RMAP_160_1_0;RMAP_160_6_0;RMAP_161_1_0;RMAP_161_6_0;RMAP_161_10_0,RMAP_009_2_0
F161_051_00,DEBUG_GOTO_FIELD,4711,F003_002_00,51,field-and-entrance-resolved,,RMAP_160_1_0;RMAP_160_6_0;RMAP_161_1_0;RMAP_161_6_0;RMAP_161_10_0,RMAP_009_2_0
F161_051_00,DEBUG_GOTO_FIELD,4715,F003_002_00,51,field-and-entrance-resolved,,RMAP_160_1_0;RMAP_160_6_0;RMAP_161_1_0;RMAP_161_6_0;RMAP_161_10_0,RMAP_009_2_0
F161_051_00,D01_SAFETY_GOTO,6068,F151_001_00,2,field-and-entrance-resolved,,RMAP_160_1_0;RMAP_160_6_0;RMAP_161_1_0;RMAP_161_6_0;RMAP_161_10_0,RMAP_151_1_0;RMAP_151_1_1
F161_051_00,D01_SAFETY_GOTO,6075,F152_001_00,20,field-and-entrance-resolved,,RMAP_160_1_0;RMAP_160_6_0;RMAP_161_1_0;RMAP_161_6_0;RMAP_161_10_0,RMAP_152_1_0;RMAP_152_1_1
F161_051_00,D01_SAFETY_GOTO,6079,F152_051_00,21,entrance-id-missing,,RMAP_160_1_0;RMAP_160_6_0;RMAP_161_1_0;RMAP_161_6_0;RMAP_161_10_0,RMAP_151_1_0;RMAP_151_2_0;RMAP_151_3_0;RMAP_151_5_0;RMAP_151_7_0;RMAP_151_11_0;RMAP_152_1_0;RMAP_152_1_1
F161_051_00,D01_SAFETY_GOTO,6088,F151_014_00,20,field-and-entrance-resolved,,RMAP_160_1_0;RMAP_160_6_0;RMAP_161_1_0;RMAP_161_6_0;RMAP_161_10_0,RMAP_151_2_0;RMAP_151_2_1;RMAP_151_2_2
F161_051_00,D01_SAFETY_GOTO,6092,F151_051_00,11,entrance-id-missing,,RMAP_160_1_0;RMAP_160_6_0;RMAP_161_1_0;RMAP_161_6_0;RMAP_161_10_0,RMAP_151_1_0;RMAP_151_2_0;RMAP_151_3_0;RMAP_151_5_0;RMAP_151_7_0;RMAP_151_11_0;RMAP_152_1_0;RMAP_152_1_1
F161_051_00,D01_SAFETY_GOTO,6101,F151_002_00,20,field-and-entrance-resolved,,RMAP_160_1_0;RMAP_160_6_0;RMAP_161_1_0;RMAP_161_6_0;RMAP_161_10_0,RMAP_151_2_0;RMAP_151_2_1;RMAP_151_2_2
F161_051_00,D01_SAFETY_GOTO,6105,F151_051_00,12,entrance-id-missing,,RMAP_160_1_0;RMAP_160_6_0;RMAP_161_1_0;RMAP_161_6_0;RMAP_161_10_0,RMAP_151_1_0;RMAP_151_2_0;RMAP_151_3_0;RMAP_151_5_0;RMAP_151_7_0;RMAP_151_11_0;RMAP_152_1_0;RMAP_152_1_1
F161_051_00,D01_SAFETY_GOTO,6114,F151_004_00,20,field-and-entrance-resolved,,RMAP_160_1_0;RMAP_160_6_0;RMAP_161_1_0;RMAP_161_6_0;RMAP_161_10_0,RMAP_151_4_0;RMAP_151_4_1;RMAP_151_4_2
F161_051_00,D01_SAFETY_GOTO,6118,F151_051_00,13,entrance-id-missing,,RMAP_160_1_0;RMAP_160_6_0;RMAP_161_1_0;RMAP_161_6_0;RMAP_161_10_0,RMAP_151_1_0;RMAP_151_2_0;RMAP_151_3_0;RMAP_151_5_0;RMAP_151_7_0;RMAP_151_11_0;RMAP_152_1_0;RMAP_152_1_1
F161_051_00,D01_SAFETY_GOTO,6127,F151_005_00,20,field-and-entrance-resolved,,RMAP_160_1_0;RMAP_160_6_0;RMAP_161_1_0;RMAP_161_6_0;RMAP_161_10_0,RMAP_151_5_0;RMAP_151_5_1;RMAP_151_5_2
F161_051_00,D01_SAFETY_GOTO,6131,F151_051_00,14,entrance-id-missing,,RMAP_160_1_0;RMAP_160_6_0;RMAP_161_1_0;RMAP_161_6_0;RMAP_161_10_0,RMAP_151_1_0;RMAP_151_2_0;RMAP_151_3_0;RMAP_151_5_0;RMAP_151_7_0;RMAP_151_11_0;RMAP_152_1_0;RMAP_152_1_1
F161_051_00,D01_SAFETY_GOTO,6140,F151_007_00,20,field-and-entrance-resolved,,RMAP_160_1_0;RMAP_160_6_0;RMAP_161_1_0;RMAP_161_6_0;RMAP_161_10_0,RMAP_151_7_0
F161_051_00,D01_SAFETY_GOTO,6144,F151_051_00,31,entrance-id-missing,,RMAP_160_1_0;RMAP_160_6_0;RMAP_161_1_0;RMAP_161_6_0;RMAP_161_10_0,RMAP_151_1_0;RMAP_151_2_0;RMAP_151_3_0;RMAP_151_5_0;RMAP_151_7_0;RMAP_151_11_0;RMAP_152_1_0;RMAP_152_1_1
F161_051_00,D01_SAFETY_GOTO,6153,F151_011_00,1,field-and-entrance-resolved,,RMAP_160_1_0;RMAP_160_6_0;RMAP_161_1_0;RMAP_161_6_0;RMAP_161_10_0,RMAP_151_11_0;RMAP_151_11_1
F161_051_00,D01_SAFETY_GOTO,6157,,,dynamic-arguments,,RMAP_160_1_0;RMAP_160_6_0;RMAP_161_1_0;RMAP_161_6_0;RMAP_161_10_0,
F161_051_00,D02_SAFETY_GOTO,6187,F153_001_00,2,field-and-entrance-resolved,,RMAP_160_1_0;RMAP_160_6_0;RMAP_161_1_0;RMAP_161_6_0;RMAP_161_10_0,RMAP_153_1_0
F161_051_00,D02_SAFETY_GOTO,6194,F153_012_00,2,field-and-entrance-resolved,,RMAP_160_1_0;RMAP_160_6_0;RMAP_161_1_0;RMAP_161_6_0;RMAP_161_10_0,RMAP_153_2_0;RMAP_153_2_1
F161_051_00,D02_SAFETY_GOTO,6198,F153_051_00,12,entrance-id-missing,,RMAP_160_1_0;RMAP_160_6_0;RMAP_161_1_0;RMAP_161_6_0;RMAP_161_10_0,RMAP_153_1_0;RMAP_153_2_0;RMAP_153_3_0;RMAP_153_4_0;RMAP_153_5_0;RMAP_153_6_0;RMAP_153_6_1;RMAP_153_7_0;RMAP_153_7_1;RMAP_153_9_0;RMAP_153_9_1;RMAP_153_9_2
F161_051_00,D02_SAFETY_GOTO,6207,F153_003_00,4,field-and-entrance-resolved,,RMAP_160_1_0;RMAP_160_6_0;RMAP_161_1_0;RMAP_161_6_0;RMAP_161_10_0,RMAP_153_3_0;RMAP_153_3_1;RMAP_153_3_2;RMAP_153_3_3
F161_051_00,D02_SAFETY_GOTO,6211,F153_051_00,13,entrance-id-missing,,RMAP_160_1_0;RMAP_160_6_0;RMAP_161_1_0;RMAP_161_6_0;RMAP_161_10_0,RMAP_153_1_0;RMAP_153_2_0;RMAP_153_3_0;RMAP_153_4_0;RMAP_153_5_0;RMAP_153_6_0;RMAP_153_6_1;RMAP_153_7_0;RMAP_153_7_1;RMAP_153_9_0;RMAP_153_9_1;RMAP_153_9_2
F161_051_00,D02_SAFETY_GOTO,6220,F153_005_00,4,field-and-entrance-resolved,,RMAP_160_1_0;RMAP_160_6_0;RMAP_161_1_0;RMAP_161_6_0;RMAP_161_10_0,RMAP_153_5_0
F161_051_00,D02_SAFETY_GOTO,6224,F153_051_00,15,entrance-id-missing,,RMAP_160_1_0;RMAP_160_6_0;RMAP_161_1_0;RMAP_161_6_0;RMAP_161_10_0,RMAP_153_1_0;RMAP_153_2_0;RMAP_153_3_0;RMAP_153_4_0;RMAP_153_5_0;RMAP_153_6_0;RMAP_153_6_1;RMAP_153_7_0;RMAP_153_7_1;RMAP_153_9_0;RMAP_153_9_1;RMAP_153_9_2
F161_051_00,D02_SAFETY_GOTO,6233,F153_006_00,20,field-and-entrance-resolved,,RMAP_160_1_0;RMAP_160_6_0;RMAP_161_1_0;RMAP_161_6_0;RMAP_161_10_0,RMAP_153_6_0;RMAP_153_6_1
F161_051_00,D02_SAFETY_GOTO,6237,,,dynamic-arguments,,RMAP_160_1_0;RMAP_160_6_0;RMAP_161_1_0;RMAP_161_6_0;RMAP_161_10_0,
F161_051_00,D02_SAFETY_GOTO,6246,F153_007_00,20,entrance-id-missing,,RMAP_160_1_0;RMAP_160_6_0;RMAP_161_1_0;RMAP_161_6_0;RMAP_161_10_0,RMAP_153_7_0;RMAP_153_7_1;RMAP_153_7_2
F161_051_00,D02_SAFETY_GOTO,6250,F153_051_00,17,entrance-id-missing,,RMAP_160_1_0;RMAP_160_6_0;RMAP_161_1_0;RMAP_161_6_0;RMAP_161_10_0,RMAP_153_1_0;RMAP_153_2_0;RMAP_153_3_0;RMAP_153_4_0;RMAP_153_5_0;RMAP_153_6_0;RMAP_153_6_1;RMAP_153_7_0;RMAP_153_7_1;RMAP_153_9_0;RMAP_153_9_1;RMAP_153_9_2
F161_051_00,D02_SAFETY_GOTO,6259,F153_009_00,20,field-and-entrance-resolved,,RMAP_160_1_0;RMAP_160_6_0;RMAP_161_1_0;RMAP_161_6_0;RMAP_161_10_0,RMAP_153_9_0;RMAP_153_9_1;RMAP_153_9_2
F161_051_00,D02_SAFETY_GOTO,6263,F153_051_00,18,entrance-id-missing,,RMAP_160_1_0;RMAP_160_6_0;RMAP_161_1_0;RMAP_161_6_0;RMAP_161_10_0,RMAP_153_1_0;RMAP_153_2_0;RMAP_153_3_0;RMAP_153_4_0;RMAP_153_5_0;RMAP_153_6_0;RMAP_153_6_1;RMAP_153_7_0;RMAP_153_7_1;RMAP_153_9_0;RMAP_153_9_1;RMAP_153_9_2
F161_051_00,D02_SAFETY_GOTO,6272,F153_009_00,21,field-and-entrance-resolved,,RMAP_160_1_0;RMAP_160_6_0;RMAP_161_1_0;RMAP_161_6_0;RMAP_161_10_0,RMAP_153_9_0;RMAP_153_9_1;RMAP_153_9_2
F161_051_00,D02_SAFETY_GOTO,6276,F153_051_00,19,entrance-id-missing,,RMAP_160_1_0;RMAP_160_6_0;RMAP_161_1_0;RMAP_161_6_0;RMAP_161_10_0,RMAP_153_1_0;RMAP_153_2_0;RMAP_153_3_0;RMAP_153_4_0;RMAP_153_5_0;RMAP_153_6_0;RMAP_153_6_1;RMAP_153_7_0;RMAP_153_7_1;RMAP_153_9_0;RMAP_153_9_1;RMAP_153_9_2
F161_051_00,D03_SAFETY_GOTO,6306,F154_001_00,2,field-and-entrance-resolved,,RMAP_160_1_0;RMAP_160_6_0;RMAP_161_1_0;RMAP_161_6_0;RMAP_161_10_0,RMAP_154_1_0
F161_051_00,D03_SAFETY_GOTO,6313,F154_002_00,10,field-and-entrance-resolved,,RMAP_160_1_0;RMAP_160_6_0;RMAP_161_1_0;RMAP_161_6_0;RMAP_161_10_0,RMAP_154_2_0;RMAP_154_2_1
F161_051_00,D03_SAFETY_GOTO,6317,F154_051_00,11,entrance-id-missing,,RMAP_160_1_0;RMAP_160_6_0;RMAP_161_1_0;RMAP_161_6_0;RMAP_161_10_0,RMAP_154_1_0;RMAP_154_3_0;RMAP_154_3_1;RMAP_154_3_2;RMAP_154_5_0;RMAP_154_14_0;RMAP_154_14_1
F161_051_00,D03_SAFETY_GOTO,6326,F154_002_00,11,field-and-entrance-resolved,,RMAP_160_1_0;RMAP_160_6_0;RMAP_161_1_0;RMAP_161_6_0;RMAP_161_10_0,RMAP_154_2_0;RMAP_154_2_1
F161_051_00,D03_SAFETY_GOTO,6330,F154_051_00,12,entrance-id-missing,,RMAP_160_1_0;RMAP_160_6_0;RMAP_161_1_0;RMAP_161_6_0;RMAP_161_10_0,RMAP_154_1_0;RMAP_154_3_0;RMAP_154_3_1;RMAP_154_3_2;RMAP_154_5_0;RMAP_154_14_0;RMAP_154_14_1
F161_051_00,D03_SAFETY_GOTO,6339,F154_003_00,10,field-and-entrance-resolved,,RMAP_160_1_0;RMAP_160_6_0;RMAP_161_1_0;RMAP_161_6_0;RMAP_161_10_0,RMAP_154_3_0;RMAP_154_3_1;RMAP_154_3_2
F161_051_00,D03_SAFETY_GOTO,6343,F154_051_00,13,entrance-id-missing,,RMAP_160_1_0;RMAP_160_6_0;RMAP_161_1_0;RMAP_161_6_0;RMAP_161_10_0,RMAP_154_1_0;RMAP_154_3_0;RMAP_154_3_1;RMAP_154_3_2;RMAP_154_5_0;RMAP_154_14_0;RMAP_154_14_1
F161_051_00,D03_SAFETY_GOTO,6352,F154_003_00,11,field-and-entrance-resolved,,RMAP_160_1_0;RMAP_160_6_0;RMAP_161_1_0;RMAP_161_6_0;RMAP_161_10_0,RMAP_154_3_0;RMAP_154_3_1;RMAP_154_3_2
F161_051_00,D03_SAFETY_GOTO,6356,F154_051_00,14,entrance-id-missing,,RMAP_160_1_0;RMAP_160_6_0;RMAP_161_1_0;RMAP_161_6_0;RMAP_161_10_0,RMAP_154_1_0;RMAP_154_3_0;RMAP_154_3_1;RMAP_154_3_2;RMAP_154_5_0;RMAP_154_14_0;RMAP_154_14_1
F161_051_00,D03_SAFETY_GOTO,6365,F154_012_00,10,target-fbn-missing,,RMAP_160_1_0;RMAP_160_6_0;RMAP_161_1_0;RMAP_161_6_0;RMAP_161_10_0,RMAP_154_12_0;RMAP_154_12_1;RMAP_154_12_2
F161_051_00,D03_SAFETY_GOTO,6369,F154_051_00,15,entrance-id-missing,,RMAP_160_1_0;RMAP_160_6_0;RMAP_161_1_0;RMAP_161_6_0;RMAP_161_10_0,RMAP_154_1_0;RMAP_154_3_0;RMAP_154_3_1;RMAP_154_3_2;RMAP_154_5_0;RMAP_154_14_0;RMAP_154_14_1
F161_051_00,D03_SAFETY_GOTO,6378,F154_014_00,10,field-and-entrance-resolved,,RMAP_160_1_0;RMAP_160_6_0;RMAP_161_1_0;RMAP_161_6_0;RMAP_161_10_0,RMAP_154_14_0;RMAP_154_14_1
F161_051_00,D03_SAFETY_GOTO,6382,,,dynamic-arguments,,RMAP_160_1_0;RMAP_160_6_0;RMAP_161_1_0;RMAP_161_6_0;RMAP_161_10_0,
F161_051_00,D03_SAFETY_GOTO,6391,F154_005_00,10,field-and-entrance-resolved,,RMAP_160_1_0;RMAP_160_6_0;RMAP_161_1_0;RMAP_161_6_0;RMAP_161_10_0,RMAP_154_5_0;RMAP_154_5_1
F161_051_00,D03_SAFETY_GOTO,6395,F154_051_00,17,entrance-id-missing,,RMAP_160_1_0;RMAP_160_6_0;RMAP_161_1_0;RMAP_161_6_0;RMAP_161_10_0,RMAP_154_1_0;RMAP_154_3_0;RMAP_154_3_1;RMAP_154_3_2;RMAP_154_5_0;RMAP_154_14_0;RMAP_154_14_1
F161_051_00,D04_SAFETY_GOTO,6428,F155_001_00,10,field-and-entrance-resolved,,RMAP_160_1_0;RMAP_160_6_0;RMAP_161_1_0;RMAP_161_6_0;RMAP_161_10_0,RMAP_155_1_0
F161_051_00,D04_SAFETY_GOTO,6432,F155_001_00,5,field-and-entrance-resolved,,RMAP_160_1_0;RMAP_160_6_0;RMAP_161_1_0;RMAP_161_6_0;RMAP_161_10_0,RMAP_155_1_0
F161_051_00,D04_SAFETY_GOTO,6441,F155_011_00,20,field-and-entrance-resolved,,RMAP_160_1_0;RMAP_160_6_0;RMAP_161_1_0;RMAP_161_6_0;RMAP_161_10_0,RMAP_155_11_0;RMAP_155_11_1;RMAP_155_11_2;RMAP_155_11_3
F161_051_00,D04_SAFETY_GOTO,6445,F155_051_00,11,entrance-id-missing,,RMAP_160_1_0;RMAP_160_6_0;RMAP_161_1_0;RMAP_161_6_0;RMAP_161_10_0,RMAP_155_1_0;RMAP_155_2_0;RMAP_155_2_1;RMAP_155_4_0;RMAP_155_4_1;RMAP_155_9_0;RMAP_155_9_1
F161_051_00,D04_SAFETY_GOTO,6454,F155_002_00,20,field-and-entrance-resolved,,RMAP_160_1_0;RMAP_160_6_0;RMAP_161_1_0;RMAP_161_6_0;RMAP_161_10_0,RMAP_155_2_0;RMAP_155_2_1;RMAP_155_12_0;RMAP_155_12_1
F161_051_00,D04_SAFETY_GOTO,6458,F155_051_00,12,entrance-id-missing,,RMAP_160_1_0;RMAP_160_6_0;RMAP_161_1_0;RMAP_161_6_0;RMAP_161_10_0,RMAP_155_1_0;RMAP_155_2_0;RMAP_155_2_1;RMAP_155_4_0;RMAP_155_4_1;RMAP_155_9_0;RMAP_155_9_1
F161_051_00,D04_SAFETY_GOTO,6467,F155_002_00,21,field-and-entrance-resolved,,RMAP_160_1_0;RMAP_160_6_0;RMAP_161_1_0;RMAP_161_6_0;RMAP_161_10_0,RMAP_155_2_0;RMAP_155_2_1;RMAP_155_12_0;RMAP_155_12_1
F161_051_00,D04_SAFETY_GOTO,6471,F155_051_00,13,entrance-id-missing,,RMAP_160_1_0;RMAP_160_6_0;RMAP_161_1_0;RMAP_161_6_0;RMAP_161_10_0,RMAP_155_1_0;RMAP_155_2_0;RMAP_155_2_1;RMAP_155_4_0;RMAP_155_4_1;RMAP_155_9_0;RMAP_155_9_1
F161_051_00,D04_SAFETY_GOTO,6480,F155_002_00,22,field-and-entrance-resolved,,RMAP_160_1_0;RMAP_160_6_0;RMAP_161_1_0;RMAP_161_6_0;RMAP_161_10_0,RMAP_155_2_0;RMAP_155_2_1;RMAP_155_12_0;RMAP_155_12_1
F161_051_00,D04_SAFETY_GOTO,6484,F155_051_00,14,entrance-id-missing,,RMAP_160_1_0;RMAP_160_6_0;RMAP_161_1_0;RMAP_161_6_0;RMAP_161_10_0,RMAP_155_1_0;RMAP_155_2_0;RMAP_155_2_1;RMAP_155_4_0;RMAP_155_4_1;RMAP_155_9_0;RMAP_155_9_1
F161_051_00,D04_SAFETY_GOTO,6493,F155_004_00,21,field-and-entrance-resolved,,RMAP_160_1_0;RMAP_160_6_0;RMAP_161_1_0;RMAP_161_6_0;RMAP_161_10_0,RMAP_155_4_0;RMAP_155_4_1
F161_051_00,D04_SAFETY_GOTO,6497,F155_051_00,15,entrance-id-missing,,RMAP_160_1_0;RMAP_160_6_0;RMAP_161_1_0;RMAP_161_6_0;RMAP_161_10_0,RMAP_155_1_0;RMAP_155_2_0;RMAP_155_2_1;RMAP_155_4_0;RMAP_155_4_1;RMAP_155_9_0;RMAP_155_9_1
F161_051_00,D04_SAFETY_GOTO,6506,F155_004_00,20,field-and-entrance-resolved,,RMAP_160_1_0;RMAP_160_6_0;RMAP_161_1_0;RMAP_161_6_0;RMAP_161_10_0,RMAP_155_4_0;RMAP_155_4_1
F161_051_00,D04_SAFETY_GOTO,6510,F155_051_00,17,entrance-id-missing,,RMAP_160_1_0;RMAP_160_6_0;RMAP_161_1_0;RMAP_161_6_0;RMAP_161_10_0,RMAP_155_1_0;RMAP_155_2_0;RMAP_155_2_1;RMAP_155_4_0;RMAP_155_4_1;RMAP_155_9_0;RMAP_155_9_1
F161_051_00,D05_SAFETY_GOTO,6540,F156_001_00,5,entrance-id-missing,,RMAP_160_1_0;RMAP_160_6_0;RMAP_161_1_0;RMAP_161_6_0;RMAP_161_10_0,RMAP_156_1_0
F161_051_00,D05_SAFETY_GOTO,6547,F156_003_00,20,field-and-entrance-resolved,,RMAP_160_1_0;RMAP_160_6_0;RMAP_161_1_0;RMAP_161_6_0;RMAP_161_10_0,RMAP_156_3_0;RMAP_156_3_1
F161_051_00,D05_SAFETY_GOTO,6551,F156_051_00,11,entrance-id-missing,,RMAP_160_1_0;RMAP_160_6_0;RMAP_161_1_0;RMAP_161_6_0;RMAP_161_10_0,RMAP_156_1_0;RMAP_156_3_0;RMAP_156_3_1;RMAP_156_4_0;RMAP_156_6_0;RMAP_156_7_0;RMAP_156_7_1;RMAP_156_9_0;RMAP_156_10_0;RMAP_156_10_1;RMAP_156_12_0;RMAP_156_13_0
F161_051_00,D05_SAFETY_GOTO,6560,F156_013_00,2,field-and-entrance-resolved,,RMAP_160_1_0;RMAP_160_6_0;RMAP_161_1_0;RMAP_161_6_0;RMAP_161_10_0,RMAP_156_13_0
F161_051_00,D05_SAFETY_GOTO,6564,F156_051_00,12,entrance-id-missing,,RMAP_160_1_0;RMAP_160_6_0;RMAP_161_1_0;RMAP_161_6_0;RMAP_161_10_0,RMAP_156_1_0;RMAP_156_3_0;RMAP_156_3_1;RMAP_156_4_0;RMAP_156_6_0;RMAP_156_7_0;RMAP_156_7_1;RMAP_156_9_0;RMAP_156_10_0;RMAP_156_10_1;RMAP_156_12_0;RMAP_156_13_0
F161_051_00,D05_SAFETY_GOTO,6573,F156_004_00,20,field-and-entrance-resolved,,RMAP_160_1_0;RMAP_160_6_0;RMAP_161_1_0;RMAP_161_6_0;RMAP_161_10_0,RMAP_156_4_0
F161_051_00,D05_SAFETY_GOTO,6577,F156_051_00,13,entrance-id-missing,,RMAP_160_1_0;RMAP_160_6_0;RMAP_161_1_0;RMAP_161_6_0;RMAP_161_10_0,RMAP_156_1_0;RMAP_156_3_0;RMAP_156_3_1;RMAP_156_4_0;RMAP_156_6_0;RMAP_156_7_0;RMAP_156_7_1;RMAP_156_9_0;RMAP_156_10_0;RMAP_156_10_1;RMAP_156_12_0;RMAP_156_13_0
F161_051_00,D05_SAFETY_GOTO,6586,F156_007_00,20,field-and-entrance-resolved,,RMAP_160_1_0;RMAP_160_6_0;RMAP_161_1_0;RMAP_161_6_0;RMAP_161_10_0,RMAP_156_7_0;RMAP_156_7_1
F161_051_00,D05_SAFETY_GOTO,6590,F156_051_00,14,entrance-id-missing,,RMAP_160_1_0;RMAP_160_6_0;RMAP_161_1_0;RMAP_161_6_0;RMAP_161_10_0,RMAP_156_1_0;RMAP_156_3_0;RMAP_156_3_1;RMAP_156_4_0;RMAP_156_6_0;RMAP_156_7_0;RMAP_156_7_1;RMAP_156_9_0;RMAP_156_10_0;RMAP_156_10_1;RMAP_156_12_0;RMAP_156_13_0
F161_051_00,D05_SAFETY_GOTO,6599,F156_009_00,20,field-and-entrance-resolved,,RMAP_160_1_0;RMAP_160_6_0;RMAP_161_1_0;RMAP_161_6_0;RMAP_161_10_0,RMAP_156_9_0
F161_051_00,D05_SAFETY_GOTO,6603,F156_051_00,15,entrance-id-missing,,RMAP_160_1_0;RMAP_160_6_0;RMAP_161_1_0;RMAP_161_6_0;RMAP_161_10_0,RMAP_156_1_0;RMAP_156_3_0;RMAP_156_3_1;RMAP_156_4_0;RMAP_156_6_0;RMAP_156_7_0;RMAP_156_7_1;RMAP_156_9_0;RMAP_156_10_0;RMAP_156_10_1;RMAP_156_12_0;RMAP_156_13_0
F161_051_00,D05_SAFETY_GOTO,6612,F156_012_00,20,field-and-entrance-resolved,,RMAP_160_1_0;RMAP_160_6_0;RMAP_161_1_0;RMAP_161_6_0;RMAP_161_10_0,RMAP_156_12_0
F161_051_00,D05_SAFETY_GOTO,6616,,,dynamic-arguments,,RMAP_160_1_0;RMAP_160_6_0;RMAP_161_1_0;RMAP_161_6_0;RMAP_161_10_0,
F161_051_00,D05_SAFETY_GOTO,6625,F156_006_00,50,field-and-entrance-resolved,,RMAP_160_1_0;RMAP_160_6_0;RMAP_161_1_0;RMAP_161_6_0;RMAP_161_10_0,RMAP_156_6_0
F161_051_00,D05_SAFETY_GOTO,6629,F156_051_00,17,entrance-id-missing,,RMAP_160_1_0;RMAP_160_6_0;RMAP_161_1_0;RMAP_161_6_0;RMAP_161_10_0,RMAP_156_1_0;RMAP_156_3_0;RMAP_156_3_1;RMAP_156_4_0;RMAP_156_6_0;RMAP_156_7_0;RMAP_156_7_1;RMAP_156_9_0;RMAP_156_10_0;RMAP_156_10_1;RMAP_156_12_0;RMAP_156_13_0
F161_051_00,D05_SAFETY_GOTO,6638,F156_010_00,20,field-and-entrance-resolved,,RMAP_160_1_0;RMAP_160_6_0;RMAP_161_1_0;RMAP_161_6_0;RMAP_161_10_0,RMAP_156_10_0;RMAP_156_10_1;RMAP_156_10_2
F161_051_00,D05_SAFETY_GOTO,6642,F156_051_00,18,entrance-id-missing,,RMAP_160_1_0;RMAP_160_6_0;RMAP_161_1_0;RMAP_161_6_0;RMAP_161_10_0,RMAP_156_1_0;RMAP_156_3_0;RMAP_156_3_1;RMAP_156_4_0;RMAP_156_6_0;RMAP_156_7_0;RMAP_156_7_1;RMAP_156_9_0;RMAP_156_10_0;RMAP_156_10_1;RMAP_156_12_0;RMAP_156_13_0
F161_051_00,D06_SAFETY_GOTO,6672,F157_001_00,2,field-and-entrance-resolved,,RMAP_160_1_0;RMAP_160_6_0;RMAP_161_1_0;RMAP_161_6_0;RMAP_161_10_0,RMAP_157_1_0;RMAP_157_1_1
F161_051_00,D06_SAFETY_GOTO,6679,F157_004_00,4,field-and-entrance-resolved,,RMAP_160_1_0;RMAP_160_6_0;RMAP_161_1_0;RMAP_161_6_0;RMAP_161_10_0,RMAP_157_4_0;RMAP_157_4_1
F161_051_00,D06_SAFETY_GOTO,6683,F157_051_00,11,entrance-id-missing,,RMAP_160_1_0;RMAP_160_6_0;RMAP_161_1_0;RMAP_161_6_0;RMAP_161_10_0,RMAP_157_1_0;RMAP_157_1_1;RMAP_157_4_0;RMAP_157_4_1;RMAP_157_5_0;RMAP_157_5_1;RMAP_157_6_0;RMAP_157_8_0;RMAP_157_8_1;RMAP_157_11_0;RMAP_157_12_0;RMAP_157_13_0;RMAP_157_15_0
F161_051_00,D06_SAFETY_GOTO,6692,F157_005_00,10,field-and-entrance-resolved,,RMAP_160_1_0;RMAP_160_6_0;RMAP_161_1_0;RMAP_161_6_0;RMAP_161_10_0,RMAP_157_5_0
F161_051_00,D06_SAFETY_GOTO,6696,F157_052_00,12,entrance-id-missing,,RMAP_160_1_0;RMAP_160_6_0;RMAP_161_1_0;RMAP_161_6_0;RMAP_161_10_0,RMAP_157_1_0;RMAP_157_1_1;RMAP_157_4_0;RMAP_157_4_1;RMAP_157_5_0;RMAP_157_5_1;RMAP_157_6_0;RMAP_157_8_0;RMAP_157_8_1;RMAP_157_11_0;RMAP_157_12_0;RMAP_157_13_0;RMAP_157_15_0
F161_051_00,D06_SAFETY_GOTO,6705,F157_006_00,3,field-and-entrance-resolved,,RMAP_160_1_0;RMAP_160_6_0;RMAP_161_1_0;RMAP_161_6_0;RMAP_161_10_0,RMAP_157_6_0
F161_051_00,D06_SAFETY_GOTO,6709,F157_051_00,13,entrance-id-missing,,RMAP_160_1_0;RMAP_160_6_0;RMAP_161_1_0;RMAP_161_6_0;RMAP_161_10_0,RMAP_157_1_0;RMAP_157_1_1;RMAP_157_4_0;RMAP_157_4_1;RMAP_157_5_0;RMAP_157_5_1;RMAP_157_6_0;RMAP_157_8_0;RMAP_157_8_1;RMAP_157_11_0;RMAP_157_12_0;RMAP_157_13_0;RMAP_157_15_0
F161_051_00,D06_SAFETY_GOTO,6718,F157_008_00,10,field-and-entrance-resolved,,RMAP_160_1_0;RMAP_160_6_0;RMAP_161_1_0;RMAP_161_6_0;RMAP_161_10_0,RMAP_157_8_0;RMAP_157_8_1
F161_051_00,D06_SAFETY_GOTO,6722,F157_052_00,14,entrance-id-missing,,RMAP_160_1_0;RMAP_160_6_0;RMAP_161_1_0;RMAP_161_6_0;RMAP_161_10_0,RMAP_157_1_0;RMAP_157_1_1;RMAP_157_4_0;RMAP_157_4_1;RMAP_157_5_0;RMAP_157_5_1;RMAP_157_6_0;RMAP_157_8_0;RMAP_157_8_1;RMAP_157_11_0;RMAP_157_12_0;RMAP_157_13_0;RMAP_157_15_0
F161_051_00,D06_SAFETY_GOTO,6731,F157_011_00,10,field-and-entrance-resolved,,RMAP_160_1_0;RMAP_160_6_0;RMAP_161_1_0;RMAP_161_6_0;RMAP_161_10_0,RMAP_157_11_0;RMAP_157_11_1;RMAP_157_11_2
F161_051_00,D06_SAFETY_GOTO,6735,F157_051_00,15,entrance-id-missing,,RMAP_160_1_0;RMAP_160_6_0;RMAP_161_1_0;RMAP_161_6_0;RMAP_161_10_0,RMAP_157_1_0;RMAP_157_1_1;RMAP_157_4_0;RMAP_157_4_1;RMAP_157_5_0;RMAP_157_5_1;RMAP_157_6_0;RMAP_157_8_0;RMAP_157_8_1;RMAP_157_11_0;RMAP_157_12_0;RMAP_157_13_0;RMAP_157_15_0
F161_051_00,D06_SAFETY_GOTO,6744,F157_012_00,10,field-and-entrance-resolved,,RMAP_160_1_0;RMAP_160_6_0;RMAP_161_1_0;RMAP_161_6_0;RMAP_161_10_0,RMAP_157_12_0
F161_051_00,D06_SAFETY_GOTO,6748,,,dynamic-arguments,,RMAP_160_1_0;RMAP_160_6_0;RMAP_161_1_0;RMAP_161_6_0;RMAP_161_10_0,
F161_051_00,D06_SAFETY_GOTO,6757,F157_013_00,10,field-and-entrance-resolved,,RMAP_160_1_0;RMAP_160_6_0;RMAP_161_1_0;RMAP_161_6_0;RMAP_161_10_0,RMAP_157_13_0
F161_051_00,D06_SAFETY_GOTO,6761,F157_051_00,17,entrance-id-missing,,RMAP_160_1_0;RMAP_160_6_0;RMAP_161_1_0;RMAP_161_6_0;RMAP_161_10_0,RMAP_157_1_0;RMAP_157_1_1;RMAP_157_4_0;RMAP_157_4_1;RMAP_157_5_0;RMAP_157_5_1;RMAP_157_6_0;RMAP_157_8_0;RMAP_157_8_1;RMAP_157_11_0;RMAP_157_12_0;RMAP_157_13_0;RMAP_157_15_0
F161_051_00,D06_SAFETY_GOTO,6770,F157_015_00,10,field-and-entrance-resolved,,RMAP_160_1_0;RMAP_160_6_0;RMAP_161_1_0;RMAP_161_6_0;RMAP_161_10_0,RMAP_157_15_0
F161_051_00,D06_SAFETY_GOTO,6774,F157_051_00,18,entrance-id-missing,,RMAP_160_1_0;RMAP_160_6_0;RMAP_161_1_0;RMAP_161_6_0;RMAP_161_10_0,RMAP_157_1_0;RMAP_157_1_1;RMAP_157_4_0;RMAP_157_4_1;RMAP_157_5_0;RMAP_157_5_1;RMAP_157_6_0;RMAP_157_8_0;RMAP_157_8_1;RMAP_157_11_0;RMAP_157_12_0;RMAP_157_13_0;RMAP_157_15_0
F161_051_00,D07_SAFETY_GOTO,6804,F159_001_00,2,field-and-entrance-resolved,,RMAP_160_1_0;RMAP_160_6_0;RMAP_161_1_0;RMAP_161_6_0;RMAP_161_10_0,RMAP_159_1_0
F161_051_00,D07_SAFETY_GOTO,6811,F159_004_00,20,field-and-entrance-resolved,,RMAP_160_1_0;RMAP_160_6_0;RMAP_161_1_0;RMAP_161_6_0;RMAP_161_10_0,RMAP_159_3_0;RMAP_159_3_1
F161_051_00,D07_SAFETY_GOTO,6815,F159_051_00,11,entrance-id-missing,,RMAP_160_1_0;RMAP_160_6_0;RMAP_161_1_0;RMAP_161_6_0;RMAP_161_10_0,RMAP_159_1_0;RMAP_159_3_0;RMAP_159_3_1;RMAP_159_6_0;RMAP_159_6_1;RMAP_159_6_2;RMAP_159_6_3;RMAP_159_7_0;RMAP_159_7_1;RMAP_159_10_0;RMAP_159_10_1;RMAP_159_11_0;RMAP_159_11_1;RMAP_159_11_2;RMAP_159_11_3
F161_051_00,D07_SAFETY_GOTO,6824,F159_020_00,20,field-and-entrance-resolved,,RMAP_160_1_0;RMAP_160_6_0;RMAP_161_1_0;RMAP_161_6_0;RMAP_161_10_0,RMAP_159_20_0;RMAP_159_20_1
F161_051_00,D07_SAFETY_GOTO,6828,F159_051_00,12,entrance-id-missing,,RMAP_160_1_0;RMAP_160_6_0;RMAP_161_1_0;RMAP_161_6_0;RMAP_161_10_0,RMAP_159_1_0;RMAP_159_3_0;RMAP_159_3_1;RMAP_159_6_0;RMAP_159_6_1;RMAP_159_6_2;RMAP_159_6_3;RMAP_159_7_0;RMAP_159_7_1;RMAP_159_10_0;RMAP_159_10_1;RMAP_159_11_0;RMAP_159_11_1;RMAP_159_11_2;RMAP_159_11_3
F161_051_00,D07_SAFETY_GOTO,6837,F159_010_00,20,field-and-entrance-resolved,,RMAP_160_1_0;RMAP_160_6_0;RMAP_161_1_0;RMAP_161_6_0;RMAP_161_10_0,RMAP_159_10_0;RMAP_159_10_1
F161_051_00,D07_SAFETY_GOTO,6841,F159_051_00,13,entrance-id-missing,,RMAP_160_1_0;RMAP_160_6_0;RMAP_161_1_0;RMAP_161_6_0;RMAP_161_10_0,RMAP_159_1_0;RMAP_159_3_0;RMAP_159_3_1;RMAP_159_6_0;RMAP_159_6_1;RMAP_159_6_2;RMAP_159_6_3;RMAP_159_7_0;RMAP_159_7_1;RMAP_159_10_0;RMAP_159_10_1;RMAP_159_11_0;RMAP_159_11_1;RMAP_159_11_2;RMAP_159_11_3
F161_051_00,D07_SAFETY_GOTO,6850,F159_025_00,20,field-and-entrance-resolved,,RMAP_160_1_0;RMAP_160_6_0;RMAP_161_1_0;RMAP_161_6_0;RMAP_161_10_0,RMAP_159_25_0;RMAP_159_25_1
F161_051_00,D07_SAFETY_GOTO,6854,F159_051_00,17,entrance-id-missing,,RMAP_160_1_0;RMAP_160_6_0;RMAP_161_1_0;RMAP_161_6_0;RMAP_161_10_0,RMAP_159_1_0;RMAP_159_3_0;RMAP_159_3_1;RMAP_159_6_0;RMAP_159_6_1;RMAP_159_6_2;RMAP_159_6_3;RMAP_159_7_0;RMAP_159_7_1;RMAP_159_10_0;RMAP_159_10_1;RMAP_159_11_0;RMAP_159_11_1;RMAP_159_11_2;RMAP_159_11_3
F161_051_00,D07_SAFETY_GOTO,6863,F159_007_00,20,field-and-entrance-resolved,,RMAP_160_1_0;RMAP_160_6_0;RMAP_161_1_0;RMAP_161_6_0;RMAP_161_10_0,RMAP_159_7_0;RMAP_159_7_1
F161_051_00,D07_SAFETY_GOTO,6867,F159_051_00,14,entrance-id-missing,,RMAP_160_1_0;RMAP_160_6_0;RMAP_161_1_0;RMAP_161_6_0;RMAP_161_10_0,RMAP_159_1_0;RMAP_159_3_0;RMAP_159_3_1;RMAP_159_6_0;RMAP_159_6_1;RMAP_159_6_2;RMAP_159_6_3;RMAP_159_7_0;RMAP_159_7_1;RMAP_159_10_0;RMAP_159_10_1;RMAP_159_11_0;RMAP_159_11_1;RMAP_159_11_2;RMAP_159_11_3
F161_051_00,D07_SAFETY_GOTO,6876,F159_006_00,20,field-and-entrance-resolved,,RMAP_160_1_0;RMAP_160_6_0;RMAP_161_1_0;RMAP_161_6_0;RMAP_161_10_0,RMAP_159_6_0;RMAP_159_6_1;RMAP_159_6_2;RMAP_159_6_3
F161_051_00,D07_SAFETY_GOTO,6880,F159_051_00,15,entrance-id-missing,,RMAP_160_1_0;RMAP_160_6_0;RMAP_161_1_0;RMAP_161_6_0;RMAP_161_10_0,RMAP_159_1_0;RMAP_159_3_0;RMAP_159_3_1;RMAP_159_6_0;RMAP_159_6_1;RMAP_159_6_2;RMAP_159_6_3;RMAP_159_7_0;RMAP_159_7_1;RMAP_159_10_0;RMAP_159_10_1;RMAP_159_11_0;RMAP_159_11_1;RMAP_159_11_2;RMAP_159_11_3
F161_051_00,D07_SAFETY_GOTO,6889,F159_011_00,20,field-and-entrance-resolved,,RMAP_160_1_0;RMAP_160_6_0;RMAP_161_1_0;RMAP_161_6_0;RMAP_161_10_0,RMAP_159_11_0;RMAP_159_11_1;RMAP_159_11_2;RMAP_159_11_3;RMAP_159_11_4
F161_051_00,D07_SAFETY_GOTO,6893,,,dynamic-arguments,,RMAP_160_1_0;RMAP_160_6_0;RMAP_161_1_0;RMAP_161_6_0;RMAP_161_10_0,
F161_051_00,D07_SAFETY_GOTO,6902,F159_003_00,20,field-and-entrance-resolved,,RMAP_160_1_0;RMAP_160_6_0;RMAP_161_1_0;RMAP_161_6_0;RMAP_161_10_0,RMAP_159_3_0;RMAP_159_3_1
F161_051_00,D07_SAFETY_GOTO,6906,F159_051_00,18,entrance-id-missing,,RMAP_160_1_0;RMAP_160_6_0;RMAP_161_1_0;RMAP_161_6_0;RMAP_161_10_0,RMAP_159_1_0;RMAP_159_3_0;RMAP_159_3_1;RMAP_159_6_0;RMAP_159_6_1;RMAP_159_6_2;RMAP_159_6_3;RMAP_159_7_0;RMAP_159_7_1;RMAP_159_10_0;RMAP_159_10_1;RMAP_159_11_0;RMAP_159_11_1;RMAP_159_11_2;RMAP_159_11_3
F161_051_00,D08_SAFETY_GOTO,6936,F161_001_00,0,field-and-entrance-resolved,"0,3,4",RMAP_160_1_0;RMAP_160_6_0;RMAP_161_1_0;RMAP_161_6_0;RMAP_161_10_0,RMAP_161_1_0
F161_051_00,D08_SAFETY_GOTO,6943,F161_006_00,20,field-and-entrance-resolved,"0,3,4",RMAP_160_1_0;RMAP_160_6_0;RMAP_161_1_0;RMAP_161_6_0;RMAP_161_10_0,RMAP_161_6_0
F161_051_00,D08_SAFETY_GOTO,6947,F161_051_00,11,entrance-id-missing,"0,3,4",RMAP_160_1_0;RMAP_160_6_0;RMAP_161_1_0;RMAP_161_6_0;RMAP_161_10_0,RMAP_160_1_0;RMAP_160_6_0;RMAP_161_1_0;RMAP_161_6_0;RMAP_161_10_0
F161_051_00,D08_SAFETY_GOTO,6956,F161_010_00,20,field-and-entrance-resolved,"0,3,4",RMAP_160_1_0;RMAP_160_6_0;RMAP_161_1_0;RMAP_161_6_0;RMAP_161_10_0,RMAP_161_10_0
F161_051_00,D08_SAFETY_GOTO,6960,F161_051_00,12,entrance-id-missing,"0,3,4",RMAP_160_1_0;RMAP_160_6_0;RMAP_161_1_0;RMAP_161_6_0;RMAP_161_10_0,RMAP_160_1_0;RMAP_160_6_0;RMAP_161_1_0;RMAP_161_6_0;RMAP_161_10_0
F161_051_00,D08_SAFETY_GOTO,6969,F161_003_00,20,field-and-entrance-resolved,"0,3,4",RMAP_160_1_0;RMAP_160_6_0;RMAP_161_1_0;RMAP_161_6_0;RMAP_161_10_0,RMAP_161_3_0
F161_051_00,D08_SAFETY_GOTO,6973,F161_051_00,13,entrance-id-missing,"0,3,4",RMAP_160_1_0;RMAP_160_6_0;RMAP_161_1_0;RMAP_161_6_0;RMAP_161_10_0,RMAP_160_1_0;RMAP_160_6_0;RMAP_161_1_0;RMAP_161_6_0;RMAP_161_10_0
F161_051_00,D08_SAFETY_GOTO,6982,F161_008_00,20,field-and-entrance-resolved,"0,3,4",RMAP_160_1_0;RMAP_160_6_0;RMAP_161_1_0;RMAP_161_6_0;RMAP_161_10_0,RMAP_161_8_0
F161_051_00,D08_SAFETY_GOTO,6986,F161_051_00,14,entrance-id-missing,"0,3,4",RMAP_160_1_0;RMAP_160_6_0;RMAP_161_1_0;RMAP_161_6_0;RMAP_161_10_0,RMAP_160_1_0;RMAP_160_6_0;RMAP_161_1_0;RMAP_161_6_0;RMAP_161_10_0
F161_051_00,LAST_SAFETY_GOTO,7016,F160_001_00,0,field-and-entrance-resolved,,RMAP_160_1_0;RMAP_160_6_0;RMAP_161_1_0;RMAP_161_6_0;RMAP_161_10_0,RMAP_160_1_0
F161_051_00,LAST_SAFETY_GOTO,7023,F160_006_00,0,field-and-entrance-resolved,,RMAP_160_1_0;RMAP_160_6_0;RMAP_161_1_0;RMAP_161_6_0;RMAP_161_10_0,RMAP_160_6_0
F161_051_00,LAST_SAFETY_GOTO,7027,F160_006_00,0,field-and-entrance-resolved,,RMAP_160_1_0;RMAP_160_6_0;RMAP_161_1_0;RMAP_161_6_0;RMAP_161_10_0,RMAP_160_6_0
F161_051_00,D10_SAFETY_GOTO,7057,F162_001_00,20,field-and-entrance-resolved,,RMAP_160_1_0;RMAP_160_6_0;RMAP_161_1_0;RMAP_161_6_0;RMAP_161_10_0,RMAP_162_1_0
F161_051_00,D10_SAFETY_GOTO,7064,F162_003_00,20,field-and-entrance-resolved,,RMAP_160_1_0;RMAP_160_6_0;RMAP_161_1_0;RMAP_161_6_0;RMAP_161_10_0,RMAP_162_3_0;RMAP_162_3_1
F161_051_00,D10_SAFETY_GOTO,7068,F162_051_00,11,entrance-id-missing,,RMAP_160_1_0;RMAP_160_6_0;RMAP_161_1_0;RMAP_161_6_0;RMAP_161_10_0,RMAP_162_1_0;RMAP_162_3_0;RMAP_162_4_0;RMAP_162_9_0;RMAP_162_11_0;RMAP_162_12_0;RMAP_162_14_0;RMAP_162_15_0
F161_051_00,D10_SAFETY_GOTO,7077,F162_009_00,20,field-and-entrance-resolved,,RMAP_160_1_0;RMAP_160_6_0;RMAP_161_1_0;RMAP_161_6_0;RMAP_161_10_0,RMAP_162_9_0;RMAP_162_9_1;RMAP_162_9_2;RMAP_162_9_3;RMAP_162_9_4
F161_051_00,D10_SAFETY_GOTO,7081,F162_051_00,12,entrance-id-missing,,RMAP_160_1_0;RMAP_160_6_0;RMAP_161_1_0;RMAP_161_6_0;RMAP_161_10_0,RMAP_162_1_0;RMAP_162_3_0;RMAP_162_4_0;RMAP_162_9_0;RMAP_162_11_0;RMAP_162_12_0;RMAP_162_14_0;RMAP_162_15_0
F161_051_00,D10_SAFETY_GOTO,7090,F162_014_00,20,field-and-entrance-resolved,,RMAP_160_1_0;RMAP_160_6_0;RMAP_161_1_0;RMAP_161_6_0;RMAP_161_10_0,RMAP_162_14_0;RMAP_162_14_1;RMAP_162_14_2;RMAP_162_14_3
F161_051_00,D10_SAFETY_GOTO,7094,F162_052_00,13,entrance-id-missing,,RMAP_160_1_0;RMAP_160_6_0;RMAP_161_1_0;RMAP_161_6_0;RMAP_161_10_0,RMAP_162_1_0;RMAP_162_3_0;RMAP_162_4_0;RMAP_162_9_0;RMAP_162_11_0;RMAP_162_12_0;RMAP_162_14_0;RMAP_162_15_0
F161_051_00,D10_SAFETY_GOTO,7103,F162_015_00,20,field-and-entrance-resolved,,RMAP_160_1_0;RMAP_160_6_0;RMAP_161_1_0;RMAP_161_6_0;RMAP_161_10_0,RMAP_162_15_0;RMAP_162_15_1;RMAP_162_15_2
F161_051_00,D10_SAFETY_GOTO,7107,F162_052_00,14,entrance-id-missing,,RMAP_160_1_0;RMAP_160_6_0;RMAP_161_1_0;RMAP_161_6_0;RMAP_161_10_0,RMAP_162_1_0;RMAP_162_3_0;RMAP_162_4_0;RMAP_162_9_0;RMAP_162_11_0;RMAP_162_12_0;RMAP_162_14_0;RMAP_162_15_0
F161_051_00,D10_SAFETY_GOTO,7116,F162_012_00,20,field-and-entrance-resolved,,RMAP_160_1_0;RMAP_160_6_0;RMAP_161_1_0;RMAP_161_6_0;RMAP_161_10_0,RMAP_162_12_0;RMAP_162_12_1
F161_051_00,D10_SAFETY_GOTO,7120,F162_052_00,15,entrance-id-missing,,RMAP_160_1_0;RMAP_160_6_0;RMAP_161_1_0;RMAP_161_6_0;RMAP_161_10_0,RMAP_162_1_0;RMAP_162_3_0;RMAP_162_4_0;RMAP_162_9_0;RMAP_162_11_0;RMAP_162_12_0;RMAP_162_14_0;RMAP_162_15_0
F161_051_00,D10_SAFETY_GOTO,7129,F162_005_00,20,entrance-id-missing,,RMAP_160_1_0;RMAP_160_6_0;RMAP_161_1_0;RMAP_161_6_0;RMAP_161_10_0,RMAP_162_5_0
F161_051_00,D10_SAFETY_GOTO,7133,,,dynamic-arguments,,RMAP_160_1_0;RMAP_160_6_0;RMAP_161_1_0;RMAP_161_6_0;RMAP_161_10_0,
F161_051_00,D10_SAFETY_GOTO,7142,,,dynamic-arguments,,RMAP_160_1_0;RMAP_160_6_0;RMAP_161_1_0;RMAP_161_6_0;RMAP_161_10_0,
F161_051_00,D10_SAFETY_GOTO,7146,F162_052_00,17,entrance-id-missing,,RMAP_160_1_0;RMAP_160_6_0;RMAP_161_1_0;RMAP_161_6_0;RMAP_161_10_0,RMAP_162_1_0;RMAP_162_3_0;RMAP_162_4_0;RMAP_162_9_0;RMAP_162_11_0;RMAP_162_12_0;RMAP_162_14_0;RMAP_162_15_0
F161_051_00,D10_SAFETY_GOTO,7155,F162_002_00,20,field-and-entrance-resolved,,RMAP_160_1_0;RMAP_160_6_0;RMAP_161_1_0;RMAP_161_6_0;RMAP_161_10_0,RMAP_162_2_0;RMAP_162_2_1;RMAP_162_2_2;RMAP_162_2_3
F161_051_00,D10_SAFETY_GOTO,7159,F162_051_00,18,entrance-id-missing,,RMAP_160_1_0;RMAP_160_6_0;RMAP_161_1_0;RMAP_161_6_0;RMAP_161_10_0,RMAP_162_1_0;RMAP_162_3_0;RMAP_162_4_0;RMAP_162_9_0;RMAP_162_11_0;RMAP_162_12_0;RMAP_162_14_0;RMAP_162_15_0
F161_051_00,D10_SAFETY_GOTO,7168,F162_011_00,20,field-and-entrance-resolved,,RMAP_160_1_0;RMAP_160_6_0;RMAP_161_1_0;RMAP_161_6_0;RMAP_161_10_0,RMAP_162_11_0;RMAP_162_11_1;RMAP_162_11_2
F161_051_00,D10_SAFETY_GOTO,7172,F162_052_00,19,entrance-id-missing,,RMAP_160_1_0;RMAP_160_6_0;RMAP_161_1_0;RMAP_161_6_0;RMAP_161_10_0,RMAP_162_1_0;RMAP_162_3_0;RMAP_162_4_0;RMAP_162_9_0;RMAP_162_11_0;RMAP_162_12_0;RMAP_162_14_0;RMAP_162_15_0
F162_001_00,D010_162_002_CHANGE,340,,,dynamic-arguments,0,RMAP_162_1_0,
F162_001_00,D_VELVET_ROOM,5653,F010_003_00,0,field-and-entrance-resolved,1,RMAP_162_1_0,RMAP_001_1_0
F162_001_00,DUNGEON_EXIT_DEBUG,6316,F003_002_01,50,field-and-entrance-resolved,"2,5",RMAP_162_1_0,RMAP_009_2_0
F162_001_00,DUNGEON_EXIT_DEBUG_EX,6323,F162_001_00,100,field-and-entrance-resolved,"2,5",RMAP_162_1_0,RMAP_162_1_0
F162_002_00,D10_02_e511_130,483,F162_002_00,300,field-and-entrance-resolved,,RMAP_162_2_0;RMAP_162_2_1;RMAP_162_2_2;RMAP_162_2_3,RMAP_162_2_0;RMAP_162_2_1;RMAP_162_2_2;RMAP_162_2_3
F162_002_00,D010_162_001_CHANGE,566,,,dynamic-arguments,"0,9,10",RMAP_162_2_0;RMAP_162_2_1;RMAP_162_2_2;RMAP_162_2_3,
F162_004_00,D10_04_e511_148,144,F162_004_00,103,field-and-entrance-resolved,0,RMAP_162_4_0,RMAP_162_4_0
F162_005_00,D010_162_011_CHANGE,140,,,dynamic-arguments,"0,1",RMAP_162_5_0,
F162_005_00,D162_012_GOTO_162_012,149,F162_012_00,1,field-and-entrance-resolved,,RMAP_162_5_0,RMAP_162_12_0;RMAP_162_12_1
F162_005_00,FinalBossConfirmation,212,F162_010_00,0,field-and-entrance-resolved,3,RMAP_162_5_0,RMAP_162_10_0;RMAP_162_10_1
F162_009_00,ChangeTo15,1001,F162_015_00,2,field-and-entrance-resolved,71,RMAP_162_9_0;RMAP_162_9_1;RMAP_162_9_2;RMAP_162_9_3;RMAP_162_9_4,RMAP_162_15_0;RMAP_162_15_1;RMAP_162_15_2
F162_011_00,D162_011_GOTO_162_010,532,F162_010_00,1,entrance-id-missing,,RMAP_162_11_0;RMAP_162_11_1;RMAP_162_11_2,RMAP_162_10_0;RMAP_162_10_1
F162_011_00,D010_162_015_CHANGE,820,,,dynamic-arguments,"48,50",RMAP_162_11_0;RMAP_162_11_1;RMAP_162_11_2,
F162_011_00,D010_162_005_CHANGE,845,,,dynamic-arguments,"49,51",RMAP_162_11_0;RMAP_162_11_1;RMAP_162_11_2,
F162_011_00,e497_030_Start,926,F162_011_00,400,field-and-entrance-resolved,56,RMAP_162_11_0;RMAP_162_11_1;RMAP_162_11_2,RMAP_162_11_0;RMAP_162_11_1;RMAP_162_11_2
F162_012_00,e497_043_Start,600,F162_012_00,200,field-and-entrance-resolved,29,RMAP_162_12_0;RMAP_162_12_1,RMAP_162_12_0;RMAP_162_12_1
F162_012_00,D010_162_014_CHANGE,774,,,dynamic-arguments,"52,53",RMAP_162_12_0;RMAP_162_12_1,
F162_014_00,D010_162_012_CHANGE,528,,,dynamic-arguments,"37,38",RMAP_162_14_0;RMAP_162_14_1;RMAP_162_14_2;RMAP_162_14_3,
F162_015_00,D010_162_011_CHANGE,517,,,dynamic-arguments,"0,6",RMAP_162_15_0;RMAP_162_15_1;RMAP_162_15_2,
F162_015_00,e497_020_Start,560,F162_015_00,200,field-and-entrance-resolved,7,RMAP_162_15_0;RMAP_162_15_1;RMAP_162_15_2,RMAP_162_15_0;RMAP_162_15_1;RMAP_162_15_2
F162_015_00,ChangeTo09,814,F162_009_00,2,field-and-entrance-resolved,62,RMAP_162_15_0;RMAP_162_15_1;RMAP_162_15_2,RMAP_162_9_0;RMAP_162_9_1;RMAP_162_9_2;RMAP_162_9_3;RMAP_162_9_4
F162_016_00,e497_010_Start,447,,,dynamic-arguments,0,RMAP_162_16_0;RMAP_162_16_1;RMAP_162_16_2;RMAP_162_16_3;RMAP_162_16_4,
F162_016_00,Goto16,517,F162_009_00,0,field-and-entrance-resolved,,RMAP_162_16_0;RMAP_162_16_1;RMAP_162_16_2;RMAP_162_16_3;RMAP_162_16_4,RMAP_162_9_0;RMAP_162_9_1;RMAP_162_9_2;RMAP_162_9_3;RMAP_162_9_4
F162_051_00,GOTO_ENTRANCE_ACTION,4264,F151_001_00,2,field-and-entrance-resolved,"1,2",RMAP_162_1_0;RMAP_162_3_0;RMAP_162_4_0;RMAP_162_9_0;RMAP_162_11_0;RMAP_162_12_0;RMAP_162_14_0;RMAP_162_15_0,RMAP_151_1_0;RMAP_151_1_1
F162_051_00,GOTO_ENTRANCE_ACTION,4268,F153_001_00,2,field-and-entrance-resolved,"1,2",RMAP_162_1_0;RMAP_162_3_0;RMAP_162_4_0;RMAP_162_9_0;RMAP_162_11_0;RMAP_162_12_0;RMAP_162_14_0;RMAP_162_15_0,RMAP_153_1_0
F162_051_00,GOTO_ENTRANCE_ACTION,4272,F154_001_00,2,field-and-entrance-resolved,"1,2",RMAP_162_1_0;RMAP_162_3_0;RMAP_162_4_0;RMAP_162_9_0;RMAP_162_11_0;RMAP_162_12_0;RMAP_162_14_0;RMAP_162_15_0,RMAP_154_1_0
F162_051_00,GOTO_ENTRANCE_ACTION,4276,F155_001_00,5,field-and-entrance-resolved,"1,2",RMAP_162_1_0;RMAP_162_3_0;RMAP_162_4_0;RMAP_162_9_0;RMAP_162_11_0;RMAP_162_12_0;RMAP_162_14_0;RMAP_162_15_0,RMAP_155_1_0
F162_051_00,GOTO_ENTRANCE_ACTION,4280,F156_001_00,2,field-and-entrance-resolved,"1,2",RMAP_162_1_0;RMAP_162_3_0;RMAP_162_4_0;RMAP_162_9_0;RMAP_162_11_0;RMAP_162_12_0;RMAP_162_14_0;RMAP_162_15_0,RMAP_156_1_0
F162_051_00,GOTO_ENTRANCE_ACTION,4284,F157_001_00,2,field-and-entrance-resolved,"1,2",RMAP_162_1_0;RMAP_162_3_0;RMAP_162_4_0;RMAP_162_9_0;RMAP_162_11_0;RMAP_162_12_0;RMAP_162_14_0;RMAP_162_15_0,RMAP_157_1_0;RMAP_157_1_1
F162_051_00,GOTO_ENTRANCE_ACTION,4288,F159_001_00,2,field-and-entrance-resolved,"1,2",RMAP_162_1_0;RMAP_162_3_0;RMAP_162_4_0;RMAP_162_9_0;RMAP_162_11_0;RMAP_162_12_0;RMAP_162_14_0;RMAP_162_15_0,RMAP_159_1_0
F162_051_00,GOTO_ENTRANCE_ACTION,4292,F161_001_00,0,field-and-entrance-resolved,"1,2",RMAP_162_1_0;RMAP_162_3_0;RMAP_162_4_0;RMAP_162_9_0;RMAP_162_11_0;RMAP_162_12_0;RMAP_162_14_0;RMAP_162_15_0,RMAP_161_1_0
F162_051_00,GOTO_ENTRANCE_ACTION,4296,F162_001_00,20,field-and-entrance-resolved,"1,2",RMAP_162_1_0;RMAP_162_3_0;RMAP_162_4_0;RMAP_162_9_0;RMAP_162_11_0;RMAP_162_12_0;RMAP_162_14_0;RMAP_162_15_0,RMAP_162_1_0
F162_051_00,GOTO_M_ENTRANCE_ACTION,4313,F190_001_00,1,field-and-entrance-resolved,"1,2",RMAP_162_1_0;RMAP_162_3_0;RMAP_162_4_0;RMAP_162_9_0;RMAP_162_11_0;RMAP_162_12_0;RMAP_162_14_0;RMAP_162_15_0,RMAP_190_1_0
F162_051_00,DEBUG_GOTO_FIELD,4679,F002_005_00,10,field-and-entrance-resolved,,RMAP_162_1_0;RMAP_162_3_0;RMAP_162_4_0;RMAP_162_9_0;RMAP_162_11_0;RMAP_162_12_0;RMAP_162_14_0;RMAP_162_15_0,RMAP_002_5_0
F162_051_00,DEBUG_GOTO_FIELD,4683,F001_006_00,10,field-and-entrance-resolved,,RMAP_162_1_0;RMAP_162_3_0;RMAP_162_4_0;RMAP_162_9_0;RMAP_162_11_0;RMAP_162_12_0;RMAP_162_14_0;RMAP_162_15_0,RMAP_001_5_0
F162_051_00,DEBUG_GOTO_FIELD,4687,F001_006_00,10,field-and-entrance-resolved,,RMAP_162_1_0;RMAP_162_3_0;RMAP_162_4_0;RMAP_162_9_0;RMAP_162_11_0;RMAP_162_12_0;RMAP_162_14_0;RMAP_162_15_0,RMAP_001_5_0
F162_051_00,DEBUG_GOTO_FIELD,4691,F003_002_01,50,field-and-entrance-resolved,,RMAP_162_1_0;RMAP_162_3_0;RMAP_162_4_0;RMAP_162_9_0;RMAP_162_11_0;RMAP_162_12_0;RMAP_162_14_0;RMAP_162_15_0,RMAP_009_2_0
F162_051_00,DEBUG_GOTO_FIELD,4695,F003_002_01,50,field-and-entrance-resolved,,RMAP_162_1_0;RMAP_162_3_0;RMAP_162_4_0;RMAP_162_9_0;RMAP_162_11_0;RMAP_162_12_0;RMAP_162_14_0;RMAP_162_15_0,RMAP_009_2_0
F162_051_00,DEBUG_GOTO_FIELD,4699,F003_002_01,50,field-and-entrance-resolved,,RMAP_162_1_0;RMAP_162_3_0;RMAP_162_4_0;RMAP_162_9_0;RMAP_162_11_0;RMAP_162_12_0;RMAP_162_14_0;RMAP_162_15_0,RMAP_009_2_0
F162_051_00,DEBUG_GOTO_FIELD,4703,F003_002_00,51,field-and-entrance-resolved,,RMAP_162_1_0;RMAP_162_3_0;RMAP_162_4_0;RMAP_162_9_0;RMAP_162_11_0;RMAP_162_12_0;RMAP_162_14_0;RMAP_162_15_0,RMAP_009_2_0
F162_051_00,DEBUG_GOTO_FIELD,4707,F003_002_00,51,field-and-entrance-resolved,,RMAP_162_1_0;RMAP_162_3_0;RMAP_162_4_0;RMAP_162_9_0;RMAP_162_11_0;RMAP_162_12_0;RMAP_162_14_0;RMAP_162_15_0,RMAP_009_2_0
F162_051_00,DEBUG_GOTO_FIELD,4711,F003_002_00,51,field-and-entrance-resolved,,RMAP_162_1_0;RMAP_162_3_0;RMAP_162_4_0;RMAP_162_9_0;RMAP_162_11_0;RMAP_162_12_0;RMAP_162_14_0;RMAP_162_15_0,RMAP_009_2_0
F162_051_00,DEBUG_GOTO_FIELD,4715,F003_002_00,51,field-and-entrance-resolved,,RMAP_162_1_0;RMAP_162_3_0;RMAP_162_4_0;RMAP_162_9_0;RMAP_162_11_0;RMAP_162_12_0;RMAP_162_14_0;RMAP_162_15_0,RMAP_009_2_0
F162_051_00,D01_SAFETY_GOTO,6068,F151_001_00,2,field-and-entrance-resolved,,RMAP_162_1_0;RMAP_162_3_0;RMAP_162_4_0;RMAP_162_9_0;RMAP_162_11_0;RMAP_162_12_0;RMAP_162_14_0;RMAP_162_15_0,RMAP_151_1_0;RMAP_151_1_1
F162_051_00,D01_SAFETY_GOTO,6075,F152_001_00,20,field-and-entrance-resolved,,RMAP_162_1_0;RMAP_162_3_0;RMAP_162_4_0;RMAP_162_9_0;RMAP_162_11_0;RMAP_162_12_0;RMAP_162_14_0;RMAP_162_15_0,RMAP_152_1_0;RMAP_152_1_1
F162_051_00,D01_SAFETY_GOTO,6079,F152_051_00,21,entrance-id-missing,,RMAP_162_1_0;RMAP_162_3_0;RMAP_162_4_0;RMAP_162_9_0;RMAP_162_11_0;RMAP_162_12_0;RMAP_162_14_0;RMAP_162_15_0,RMAP_151_1_0;RMAP_151_2_0;RMAP_151_3_0;RMAP_151_5_0;RMAP_151_7_0;RMAP_151_11_0;RMAP_152_1_0;RMAP_152_1_1
F162_051_00,D01_SAFETY_GOTO,6088,F151_014_00,20,field-and-entrance-resolved,,RMAP_162_1_0;RMAP_162_3_0;RMAP_162_4_0;RMAP_162_9_0;RMAP_162_11_0;RMAP_162_12_0;RMAP_162_14_0;RMAP_162_15_0,RMAP_151_2_0;RMAP_151_2_1;RMAP_151_2_2
F162_051_00,D01_SAFETY_GOTO,6092,F151_051_00,11,entrance-id-missing,,RMAP_162_1_0;RMAP_162_3_0;RMAP_162_4_0;RMAP_162_9_0;RMAP_162_11_0;RMAP_162_12_0;RMAP_162_14_0;RMAP_162_15_0,RMAP_151_1_0;RMAP_151_2_0;RMAP_151_3_0;RMAP_151_5_0;RMAP_151_7_0;RMAP_151_11_0;RMAP_152_1_0;RMAP_152_1_1
F162_051_00,D01_SAFETY_GOTO,6101,F151_002_00,20,field-and-entrance-resolved,,RMAP_162_1_0;RMAP_162_3_0;RMAP_162_4_0;RMAP_162_9_0;RMAP_162_11_0;RMAP_162_12_0;RMAP_162_14_0;RMAP_162_15_0,RMAP_151_2_0;RMAP_151_2_1;RMAP_151_2_2
F162_051_00,D01_SAFETY_GOTO,6105,F151_051_00,12,entrance-id-missing,,RMAP_162_1_0;RMAP_162_3_0;RMAP_162_4_0;RMAP_162_9_0;RMAP_162_11_0;RMAP_162_12_0;RMAP_162_14_0;RMAP_162_15_0,RMAP_151_1_0;RMAP_151_2_0;RMAP_151_3_0;RMAP_151_5_0;RMAP_151_7_0;RMAP_151_11_0;RMAP_152_1_0;RMAP_152_1_1
F162_051_00,D01_SAFETY_GOTO,6114,F151_004_00,20,field-and-entrance-resolved,,RMAP_162_1_0;RMAP_162_3_0;RMAP_162_4_0;RMAP_162_9_0;RMAP_162_11_0;RMAP_162_12_0;RMAP_162_14_0;RMAP_162_15_0,RMAP_151_4_0;RMAP_151_4_1;RMAP_151_4_2
F162_051_00,D01_SAFETY_GOTO,6118,F151_051_00,13,entrance-id-missing,,RMAP_162_1_0;RMAP_162_3_0;RMAP_162_4_0;RMAP_162_9_0;RMAP_162_11_0;RMAP_162_12_0;RMAP_162_14_0;RMAP_162_15_0,RMAP_151_1_0;RMAP_151_2_0;RMAP_151_3_0;RMAP_151_5_0;RMAP_151_7_0;RMAP_151_11_0;RMAP_152_1_0;RMAP_152_1_1
F162_051_00,D01_SAFETY_GOTO,6127,F151_005_00,20,field-and-entrance-resolved,,RMAP_162_1_0;RMAP_162_3_0;RMAP_162_4_0;RMAP_162_9_0;RMAP_162_11_0;RMAP_162_12_0;RMAP_162_14_0;RMAP_162_15_0,RMAP_151_5_0;RMAP_151_5_1;RMAP_151_5_2
F162_051_00,D01_SAFETY_GOTO,6131,F151_051_00,14,entrance-id-missing,,RMAP_162_1_0;RMAP_162_3_0;RMAP_162_4_0;RMAP_162_9_0;RMAP_162_11_0;RMAP_162_12_0;RMAP_162_14_0;RMAP_162_15_0,RMAP_151_1_0;RMAP_151_2_0;RMAP_151_3_0;RMAP_151_5_0;RMAP_151_7_0;RMAP_151_11_0;RMAP_152_1_0;RMAP_152_1_1
F162_051_00,D01_SAFETY_GOTO,6140,F151_007_00,20,field-and-entrance-resolved,,RMAP_162_1_0;RMAP_162_3_0;RMAP_162_4_0;RMAP_162_9_0;RMAP_162_11_0;RMAP_162_12_0;RMAP_162_14_0;RMAP_162_15_0,RMAP_151_7_0
F162_051_00,D01_SAFETY_GOTO,6144,F151_051_00,31,entrance-id-missing,,RMAP_162_1_0;RMAP_162_3_0;RMAP_162_4_0;RMAP_162_9_0;RMAP_162_11_0;RMAP_162_12_0;RMAP_162_14_0;RMAP_162_15_0,RMAP_151_1_0;RMAP_151_2_0;RMAP_151_3_0;RMAP_151_5_0;RMAP_151_7_0;RMAP_151_11_0;RMAP_152_1_0;RMAP_152_1_1
F162_051_00,D01_SAFETY_GOTO,6153,F151_011_00,1,field-and-entrance-resolved,,RMAP_162_1_0;RMAP_162_3_0;RMAP_162_4_0;RMAP_162_9_0;RMAP_162_11_0;RMAP_162_12_0;RMAP_162_14_0;RMAP_162_15_0,RMAP_151_11_0;RMAP_151_11_1
F162_051_00,D01_SAFETY_GOTO,6157,,,dynamic-arguments,,RMAP_162_1_0;RMAP_162_3_0;RMAP_162_4_0;RMAP_162_9_0;RMAP_162_11_0;RMAP_162_12_0;RMAP_162_14_0;RMAP_162_15_0,
F162_051_00,D02_SAFETY_GOTO,6187,F153_001_00,2,field-and-entrance-resolved,,RMAP_162_1_0;RMAP_162_3_0;RMAP_162_4_0;RMAP_162_9_0;RMAP_162_11_0;RMAP_162_12_0;RMAP_162_14_0;RMAP_162_15_0,RMAP_153_1_0
F162_051_00,D02_SAFETY_GOTO,6194,F153_012_00,2,field-and-entrance-resolved,,RMAP_162_1_0;RMAP_162_3_0;RMAP_162_4_0;RMAP_162_9_0;RMAP_162_11_0;RMAP_162_12_0;RMAP_162_14_0;RMAP_162_15_0,RMAP_153_2_0;RMAP_153_2_1
F162_051_00,D02_SAFETY_GOTO,6198,F153_051_00,12,entrance-id-missing,,RMAP_162_1_0;RMAP_162_3_0;RMAP_162_4_0;RMAP_162_9_0;RMAP_162_11_0;RMAP_162_12_0;RMAP_162_14_0;RMAP_162_15_0,RMAP_153_1_0;RMAP_153_2_0;RMAP_153_3_0;RMAP_153_4_0;RMAP_153_5_0;RMAP_153_6_0;RMAP_153_6_1;RMAP_153_7_0;RMAP_153_7_1;RMAP_153_9_0;RMAP_153_9_1;RMAP_153_9_2
F162_051_00,D02_SAFETY_GOTO,6207,F153_003_00,4,field-and-entrance-resolved,,RMAP_162_1_0;RMAP_162_3_0;RMAP_162_4_0;RMAP_162_9_0;RMAP_162_11_0;RMAP_162_12_0;RMAP_162_14_0;RMAP_162_15_0,RMAP_153_3_0;RMAP_153_3_1;RMAP_153_3_2;RMAP_153_3_3
F162_051_00,D02_SAFETY_GOTO,6211,F153_051_00,13,entrance-id-missing,,RMAP_162_1_0;RMAP_162_3_0;RMAP_162_4_0;RMAP_162_9_0;RMAP_162_11_0;RMAP_162_12_0;RMAP_162_14_0;RMAP_162_15_0,RMAP_153_1_0;RMAP_153_2_0;RMAP_153_3_0;RMAP_153_4_0;RMAP_153_5_0;RMAP_153_6_0;RMAP_153_6_1;RMAP_153_7_0;RMAP_153_7_1;RMAP_153_9_0;RMAP_153_9_1;RMAP_153_9_2
F162_051_00,D02_SAFETY_GOTO,6220,F153_005_00,4,field-and-entrance-resolved,,RMAP_162_1_0;RMAP_162_3_0;RMAP_162_4_0;RMAP_162_9_0;RMAP_162_11_0;RMAP_162_12_0;RMAP_162_14_0;RMAP_162_15_0,RMAP_153_5_0
F162_051_00,D02_SAFETY_GOTO,6224,F153_051_00,15,entrance-id-missing,,RMAP_162_1_0;RMAP_162_3_0;RMAP_162_4_0;RMAP_162_9_0;RMAP_162_11_0;RMAP_162_12_0;RMAP_162_14_0;RMAP_162_15_0,RMAP_153_1_0;RMAP_153_2_0;RMAP_153_3_0;RMAP_153_4_0;RMAP_153_5_0;RMAP_153_6_0;RMAP_153_6_1;RMAP_153_7_0;RMAP_153_7_1;RMAP_153_9_0;RMAP_153_9_1;RMAP_153_9_2
F162_051_00,D02_SAFETY_GOTO,6233,F153_006_00,20,field-and-entrance-resolved,,RMAP_162_1_0;RMAP_162_3_0;RMAP_162_4_0;RMAP_162_9_0;RMAP_162_11_0;RMAP_162_12_0;RMAP_162_14_0;RMAP_162_15_0,RMAP_153_6_0;RMAP_153_6_1
F162_051_00,D02_SAFETY_GOTO,6237,,,dynamic-arguments,,RMAP_162_1_0;RMAP_162_3_0;RMAP_162_4_0;RMAP_162_9_0;RMAP_162_11_0;RMAP_162_12_0;RMAP_162_14_0;RMAP_162_15_0,
F162_051_00,D02_SAFETY_GOTO,6246,F153_007_00,20,entrance-id-missing,,RMAP_162_1_0;RMAP_162_3_0;RMAP_162_4_0;RMAP_162_9_0;RMAP_162_11_0;RMAP_162_12_0;RMAP_162_14_0;RMAP_162_15_0,RMAP_153_7_0;RMAP_153_7_1;RMAP_153_7_2
F162_051_00,D02_SAFETY_GOTO,6250,F153_051_00,17,entrance-id-missing,,RMAP_162_1_0;RMAP_162_3_0;RMAP_162_4_0;RMAP_162_9_0;RMAP_162_11_0;RMAP_162_12_0;RMAP_162_14_0;RMAP_162_15_0,RMAP_153_1_0;RMAP_153_2_0;RMAP_153_3_0;RMAP_153_4_0;RMAP_153_5_0;RMAP_153_6_0;RMAP_153_6_1;RMAP_153_7_0;RMAP_153_7_1;RMAP_153_9_0;RMAP_153_9_1;RMAP_153_9_2
F162_051_00,D02_SAFETY_GOTO,6259,F153_009_00,20,field-and-entrance-resolved,,RMAP_162_1_0;RMAP_162_3_0;RMAP_162_4_0;RMAP_162_9_0;RMAP_162_11_0;RMAP_162_12_0;RMAP_162_14_0;RMAP_162_15_0,RMAP_153_9_0;RMAP_153_9_1;RMAP_153_9_2
F162_051_00,D02_SAFETY_GOTO,6263,F153_051_00,18,entrance-id-missing,,RMAP_162_1_0;RMAP_162_3_0;RMAP_162_4_0;RMAP_162_9_0;RMAP_162_11_0;RMAP_162_12_0;RMAP_162_14_0;RMAP_162_15_0,RMAP_153_1_0;RMAP_153_2_0;RMAP_153_3_0;RMAP_153_4_0;RMAP_153_5_0;RMAP_153_6_0;RMAP_153_6_1;RMAP_153_7_0;RMAP_153_7_1;RMAP_153_9_0;RMAP_153_9_1;RMAP_153_9_2
F162_051_00,D02_SAFETY_GOTO,6272,F153_009_00,21,field-and-entrance-resolved,,RMAP_162_1_0;RMAP_162_3_0;RMAP_162_4_0;RMAP_162_9_0;RMAP_162_11_0;RMAP_162_12_0;RMAP_162_14_0;RMAP_162_15_0,RMAP_153_9_0;RMAP_153_9_1;RMAP_153_9_2
F162_051_00,D02_SAFETY_GOTO,6276,F153_051_00,19,entrance-id-missing,,RMAP_162_1_0;RMAP_162_3_0;RMAP_162_4_0;RMAP_162_9_0;RMAP_162_11_0;RMAP_162_12_0;RMAP_162_14_0;RMAP_162_15_0,RMAP_153_1_0;RMAP_153_2_0;RMAP_153_3_0;RMAP_153_4_0;RMAP_153_5_0;RMAP_153_6_0;RMAP_153_6_1;RMAP_153_7_0;RMAP_153_7_1;RMAP_153_9_0;RMAP_153_9_1;RMAP_153_9_2
F162_051_00,D03_SAFETY_GOTO,6306,F154_001_00,2,field-and-entrance-resolved,,RMAP_162_1_0;RMAP_162_3_0;RMAP_162_4_0;RMAP_162_9_0;RMAP_162_11_0;RMAP_162_12_0;RMAP_162_14_0;RMAP_162_15_0,RMAP_154_1_0
F162_051_00,D03_SAFETY_GOTO,6313,F154_002_00,10,field-and-entrance-resolved,,RMAP_162_1_0;RMAP_162_3_0;RMAP_162_4_0;RMAP_162_9_0;RMAP_162_11_0;RMAP_162_12_0;RMAP_162_14_0;RMAP_162_15_0,RMAP_154_2_0;RMAP_154_2_1
F162_051_00,D03_SAFETY_GOTO,6317,F154_051_00,11,entrance-id-missing,,RMAP_162_1_0;RMAP_162_3_0;RMAP_162_4_0;RMAP_162_9_0;RMAP_162_11_0;RMAP_162_12_0;RMAP_162_14_0;RMAP_162_15_0,RMAP_154_1_0;RMAP_154_3_0;RMAP_154_3_1;RMAP_154_3_2;RMAP_154_5_0;RMAP_154_14_0;RMAP_154_14_1
F162_051_00,D03_SAFETY_GOTO,6326,F154_002_00,11,field-and-entrance-resolved,,RMAP_162_1_0;RMAP_162_3_0;RMAP_162_4_0;RMAP_162_9_0;RMAP_162_11_0;RMAP_162_12_0;RMAP_162_14_0;RMAP_162_15_0,RMAP_154_2_0;RMAP_154_2_1
F162_051_00,D03_SAFETY_GOTO,6330,F154_051_00,12,entrance-id-missing,,RMAP_162_1_0;RMAP_162_3_0;RMAP_162_4_0;RMAP_162_9_0;RMAP_162_11_0;RMAP_162_12_0;RMAP_162_14_0;RMAP_162_15_0,RMAP_154_1_0;RMAP_154_3_0;RMAP_154_3_1;RMAP_154_3_2;RMAP_154_5_0;RMAP_154_14_0;RMAP_154_14_1
F162_051_00,D03_SAFETY_GOTO,6339,F154_003_00,10,field-and-entrance-resolved,,RMAP_162_1_0;RMAP_162_3_0;RMAP_162_4_0;RMAP_162_9_0;RMAP_162_11_0;RMAP_162_12_0;RMAP_162_14_0;RMAP_162_15_0,RMAP_154_3_0;RMAP_154_3_1;RMAP_154_3_2
F162_051_00,D03_SAFETY_GOTO,6343,F154_051_00,13,entrance-id-missing,,RMAP_162_1_0;RMAP_162_3_0;RMAP_162_4_0;RMAP_162_9_0;RMAP_162_11_0;RMAP_162_12_0;RMAP_162_14_0;RMAP_162_15_0,RMAP_154_1_0;RMAP_154_3_0;RMAP_154_3_1;RMAP_154_3_2;RMAP_154_5_0;RMAP_154_14_0;RMAP_154_14_1
F162_051_00,D03_SAFETY_GOTO,6352,F154_003_00,11,field-and-entrance-resolved,,RMAP_162_1_0;RMAP_162_3_0;RMAP_162_4_0;RMAP_162_9_0;RMAP_162_11_0;RMAP_162_12_0;RMAP_162_14_0;RMAP_162_15_0,RMAP_154_3_0;RMAP_154_3_1;RMAP_154_3_2
F162_051_00,D03_SAFETY_GOTO,6356,F154_051_00,14,entrance-id-missing,,RMAP_162_1_0;RMAP_162_3_0;RMAP_162_4_0;RMAP_162_9_0;RMAP_162_11_0;RMAP_162_12_0;RMAP_162_14_0;RMAP_162_15_0,RMAP_154_1_0;RMAP_154_3_0;RMAP_154_3_1;RMAP_154_3_2;RMAP_154_5_0;RMAP_154_14_0;RMAP_154_14_1
F162_051_00,D03_SAFETY_GOTO,6365,F154_012_00,10,target-fbn-missing,,RMAP_162_1_0;RMAP_162_3_0;RMAP_162_4_0;RMAP_162_9_0;RMAP_162_11_0;RMAP_162_12_0;RMAP_162_14_0;RMAP_162_15_0,RMAP_154_12_0;RMAP_154_12_1;RMAP_154_12_2
F162_051_00,D03_SAFETY_GOTO,6369,F154_051_00,15,entrance-id-missing,,RMAP_162_1_0;RMAP_162_3_0;RMAP_162_4_0;RMAP_162_9_0;RMAP_162_11_0;RMAP_162_12_0;RMAP_162_14_0;RMAP_162_15_0,RMAP_154_1_0;RMAP_154_3_0;RMAP_154_3_1;RMAP_154_3_2;RMAP_154_5_0;RMAP_154_14_0;RMAP_154_14_1
F162_051_00,D03_SAFETY_GOTO,6378,F154_014_00,10,field-and-entrance-resolved,,RMAP_162_1_0;RMAP_162_3_0;RMAP_162_4_0;RMAP_162_9_0;RMAP_162_11_0;RMAP_162_12_0;RMAP_162_14_0;RMAP_162_15_0,RMAP_154_14_0;RMAP_154_14_1
F162_051_00,D03_SAFETY_GOTO,6382,,,dynamic-arguments,,RMAP_162_1_0;RMAP_162_3_0;RMAP_162_4_0;RMAP_162_9_0;RMAP_162_11_0;RMAP_162_12_0;RMAP_162_14_0;RMAP_162_15_0,
F162_051_00,D03_SAFETY_GOTO,6391,F154_005_00,10,field-and-entrance-resolved,,RMAP_162_1_0;RMAP_162_3_0;RMAP_162_4_0;RMAP_162_9_0;RMAP_162_11_0;RMAP_162_12_0;RMAP_162_14_0;RMAP_162_15_0,RMAP_154_5_0;RMAP_154_5_1
F162_051_00,D03_SAFETY_GOTO,6395,F154_051_00,17,entrance-id-missing,,RMAP_162_1_0;RMAP_162_3_0;RMAP_162_4_0;RMAP_162_9_0;RMAP_162_11_0;RMAP_162_12_0;RMAP_162_14_0;RMAP_162_15_0,RMAP_154_1_0;RMAP_154_3_0;RMAP_154_3_1;RMAP_154_3_2;RMAP_154_5_0;RMAP_154_14_0;RMAP_154_14_1
F162_051_00,D04_SAFETY_GOTO,6428,F155_001_00,10,field-and-entrance-resolved,,RMAP_162_1_0;RMAP_162_3_0;RMAP_162_4_0;RMAP_162_9_0;RMAP_162_11_0;RMAP_162_12_0;RMAP_162_14_0;RMAP_162_15_0,RMAP_155_1_0
F162_051_00,D04_SAFETY_GOTO,6432,F155_001_00,5,field-and-entrance-resolved,,RMAP_162_1_0;RMAP_162_3_0;RMAP_162_4_0;RMAP_162_9_0;RMAP_162_11_0;RMAP_162_12_0;RMAP_162_14_0;RMAP_162_15_0,RMAP_155_1_0
F162_051_00,D04_SAFETY_GOTO,6441,F155_011_00,20,field-and-entrance-resolved,,RMAP_162_1_0;RMAP_162_3_0;RMAP_162_4_0;RMAP_162_9_0;RMAP_162_11_0;RMAP_162_12_0;RMAP_162_14_0;RMAP_162_15_0,RMAP_155_11_0;RMAP_155_11_1;RMAP_155_11_2;RMAP_155_11_3
F162_051_00,D04_SAFETY_GOTO,6445,F155_051_00,11,entrance-id-missing,,RMAP_162_1_0;RMAP_162_3_0;RMAP_162_4_0;RMAP_162_9_0;RMAP_162_11_0;RMAP_162_12_0;RMAP_162_14_0;RMAP_162_15_0,RMAP_155_1_0;RMAP_155_2_0;RMAP_155_2_1;RMAP_155_4_0;RMAP_155_4_1;RMAP_155_9_0;RMAP_155_9_1
F162_051_00,D04_SAFETY_GOTO,6454,F155_002_00,20,field-and-entrance-resolved,,RMAP_162_1_0;RMAP_162_3_0;RMAP_162_4_0;RMAP_162_9_0;RMAP_162_11_0;RMAP_162_12_0;RMAP_162_14_0;RMAP_162_15_0,RMAP_155_2_0;RMAP_155_2_1;RMAP_155_12_0;RMAP_155_12_1
F162_051_00,D04_SAFETY_GOTO,6458,F155_051_00,12,entrance-id-missing,,RMAP_162_1_0;RMAP_162_3_0;RMAP_162_4_0;RMAP_162_9_0;RMAP_162_11_0;RMAP_162_12_0;RMAP_162_14_0;RMAP_162_15_0,RMAP_155_1_0;RMAP_155_2_0;RMAP_155_2_1;RMAP_155_4_0;RMAP_155_4_1;RMAP_155_9_0;RMAP_155_9_1
F162_051_00,D04_SAFETY_GOTO,6467,F155_002_00,21,field-and-entrance-resolved,,RMAP_162_1_0;RMAP_162_3_0;RMAP_162_4_0;RMAP_162_9_0;RMAP_162_11_0;RMAP_162_12_0;RMAP_162_14_0;RMAP_162_15_0,RMAP_155_2_0;RMAP_155_2_1;RMAP_155_12_0;RMAP_155_12_1
F162_051_00,D04_SAFETY_GOTO,6471,F155_051_00,13,entrance-id-missing,,RMAP_162_1_0;RMAP_162_3_0;RMAP_162_4_0;RMAP_162_9_0;RMAP_162_11_0;RMAP_162_12_0;RMAP_162_14_0;RMAP_162_15_0,RMAP_155_1_0;RMAP_155_2_0;RMAP_155_2_1;RMAP_155_4_0;RMAP_155_4_1;RMAP_155_9_0;RMAP_155_9_1
F162_051_00,D04_SAFETY_GOTO,6480,F155_002_00,22,field-and-entrance-resolved,,RMAP_162_1_0;RMAP_162_3_0;RMAP_162_4_0;RMAP_162_9_0;RMAP_162_11_0;RMAP_162_12_0;RMAP_162_14_0;RMAP_162_15_0,RMAP_155_2_0;RMAP_155_2_1;RMAP_155_12_0;RMAP_155_12_1
F162_051_00,D04_SAFETY_GOTO,6484,F155_051_00,14,entrance-id-missing,,RMAP_162_1_0;RMAP_162_3_0;RMAP_162_4_0;RMAP_162_9_0;RMAP_162_11_0;RMAP_162_12_0;RMAP_162_14_0;RMAP_162_15_0,RMAP_155_1_0;RMAP_155_2_0;RMAP_155_2_1;RMAP_155_4_0;RMAP_155_4_1;RMAP_155_9_0;RMAP_155_9_1
F162_051_00,D04_SAFETY_GOTO,6493,F155_004_00,21,field-and-entrance-resolved,,RMAP_162_1_0;RMAP_162_3_0;RMAP_162_4_0;RMAP_162_9_0;RMAP_162_11_0;RMAP_162_12_0;RMAP_162_14_0;RMAP_162_15_0,RMAP_155_4_0;RMAP_155_4_1
F162_051_00,D04_SAFETY_GOTO,6497,F155_051_00,15,entrance-id-missing,,RMAP_162_1_0;RMAP_162_3_0;RMAP_162_4_0;RMAP_162_9_0;RMAP_162_11_0;RMAP_162_12_0;RMAP_162_14_0;RMAP_162_15_0,RMAP_155_1_0;RMAP_155_2_0;RMAP_155_2_1;RMAP_155_4_0;RMAP_155_4_1;RMAP_155_9_0;RMAP_155_9_1
F162_051_00,D04_SAFETY_GOTO,6506,F155_004_00,20,field-and-entrance-resolved,,RMAP_162_1_0;RMAP_162_3_0;RMAP_162_4_0;RMAP_162_9_0;RMAP_162_11_0;RMAP_162_12_0;RMAP_162_14_0;RMAP_162_15_0,RMAP_155_4_0;RMAP_155_4_1
F162_051_00,D04_SAFETY_GOTO,6510,F155_051_00,17,entrance-id-missing,,RMAP_162_1_0;RMAP_162_3_0;RMAP_162_4_0;RMAP_162_9_0;RMAP_162_11_0;RMAP_162_12_0;RMAP_162_14_0;RMAP_162_15_0,RMAP_155_1_0;RMAP_155_2_0;RMAP_155_2_1;RMAP_155_4_0;RMAP_155_4_1;RMAP_155_9_0;RMAP_155_9_1
F162_051_00,D05_SAFETY_GOTO,6540,F156_001_00,5,entrance-id-missing,,RMAP_162_1_0;RMAP_162_3_0;RMAP_162_4_0;RMAP_162_9_0;RMAP_162_11_0;RMAP_162_12_0;RMAP_162_14_0;RMAP_162_15_0,RMAP_156_1_0
F162_051_00,D05_SAFETY_GOTO,6547,F156_003_00,20,field-and-entrance-resolved,,RMAP_162_1_0;RMAP_162_3_0;RMAP_162_4_0;RMAP_162_9_0;RMAP_162_11_0;RMAP_162_12_0;RMAP_162_14_0;RMAP_162_15_0,RMAP_156_3_0;RMAP_156_3_1
F162_051_00,D05_SAFETY_GOTO,6551,F156_051_00,11,entrance-id-missing,,RMAP_162_1_0;RMAP_162_3_0;RMAP_162_4_0;RMAP_162_9_0;RMAP_162_11_0;RMAP_162_12_0;RMAP_162_14_0;RMAP_162_15_0,RMAP_156_1_0;RMAP_156_3_0;RMAP_156_3_1;RMAP_156_4_0;RMAP_156_6_0;RMAP_156_7_0;RMAP_156_7_1;RMAP_156_9_0;RMAP_156_10_0;RMAP_156_10_1;RMAP_156_12_0;RMAP_156_13_0
F162_051_00,D05_SAFETY_GOTO,6560,F156_013_00,2,field-and-entrance-resolved,,RMAP_162_1_0;RMAP_162_3_0;RMAP_162_4_0;RMAP_162_9_0;RMAP_162_11_0;RMAP_162_12_0;RMAP_162_14_0;RMAP_162_15_0,RMAP_156_13_0
F162_051_00,D05_SAFETY_GOTO,6564,F156_051_00,12,entrance-id-missing,,RMAP_162_1_0;RMAP_162_3_0;RMAP_162_4_0;RMAP_162_9_0;RMAP_162_11_0;RMAP_162_12_0;RMAP_162_14_0;RMAP_162_15_0,RMAP_156_1_0;RMAP_156_3_0;RMAP_156_3_1;RMAP_156_4_0;RMAP_156_6_0;RMAP_156_7_0;RMAP_156_7_1;RMAP_156_9_0;RMAP_156_10_0;RMAP_156_10_1;RMAP_156_12_0;RMAP_156_13_0
F162_051_00,D05_SAFETY_GOTO,6573,F156_004_00,20,field-and-entrance-resolved,,RMAP_162_1_0;RMAP_162_3_0;RMAP_162_4_0;RMAP_162_9_0;RMAP_162_11_0;RMAP_162_12_0;RMAP_162_14_0;RMAP_162_15_0,RMAP_156_4_0
F162_051_00,D05_SAFETY_GOTO,6577,F156_051_00,13,entrance-id-missing,,RMAP_162_1_0;RMAP_162_3_0;RMAP_162_4_0;RMAP_162_9_0;RMAP_162_11_0;RMAP_162_12_0;RMAP_162_14_0;RMAP_162_15_0,RMAP_156_1_0;RMAP_156_3_0;RMAP_156_3_1;RMAP_156_4_0;RMAP_156_6_0;RMAP_156_7_0;RMAP_156_7_1;RMAP_156_9_0;RMAP_156_10_0;RMAP_156_10_1;RMAP_156_12_0;RMAP_156_13_0
F162_051_00,D05_SAFETY_GOTO,6586,F156_007_00,20,field-and-entrance-resolved,,RMAP_162_1_0;RMAP_162_3_0;RMAP_162_4_0;RMAP_162_9_0;RMAP_162_11_0;RMAP_162_12_0;RMAP_162_14_0;RMAP_162_15_0,RMAP_156_7_0;RMAP_156_7_1
F162_051_00,D05_SAFETY_GOTO,6590,F156_051_00,14,entrance-id-missing,,RMAP_162_1_0;RMAP_162_3_0;RMAP_162_4_0;RMAP_162_9_0;RMAP_162_11_0;RMAP_162_12_0;RMAP_162_14_0;RMAP_162_15_0,RMAP_156_1_0;RMAP_156_3_0;RMAP_156_3_1;RMAP_156_4_0;RMAP_156_6_0;RMAP_156_7_0;RMAP_156_7_1;RMAP_156_9_0;RMAP_156_10_0;RMAP_156_10_1;RMAP_156_12_0;RMAP_156_13_0
F162_051_00,D05_SAFETY_GOTO,6599,F156_009_00,20,field-and-entrance-resolved,,RMAP_162_1_0;RMAP_162_3_0;RMAP_162_4_0;RMAP_162_9_0;RMAP_162_11_0;RMAP_162_12_0;RMAP_162_14_0;RMAP_162_15_0,RMAP_156_9_0
F162_051_00,D05_SAFETY_GOTO,6603,F156_051_00,15,entrance-id-missing,,RMAP_162_1_0;RMAP_162_3_0;RMAP_162_4_0;RMAP_162_9_0;RMAP_162_11_0;RMAP_162_12_0;RMAP_162_14_0;RMAP_162_15_0,RMAP_156_1_0;RMAP_156_3_0;RMAP_156_3_1;RMAP_156_4_0;RMAP_156_6_0;RMAP_156_7_0;RMAP_156_7_1;RMAP_156_9_0;RMAP_156_10_0;RMAP_156_10_1;RMAP_156_12_0;RMAP_156_13_0
F162_051_00,D05_SAFETY_GOTO,6612,F156_012_00,20,field-and-entrance-resolved,,RMAP_162_1_0;RMAP_162_3_0;RMAP_162_4_0;RMAP_162_9_0;RMAP_162_11_0;RMAP_162_12_0;RMAP_162_14_0;RMAP_162_15_0,RMAP_156_12_0
F162_051_00,D05_SAFETY_GOTO,6616,,,dynamic-arguments,,RMAP_162_1_0;RMAP_162_3_0;RMAP_162_4_0;RMAP_162_9_0;RMAP_162_11_0;RMAP_162_12_0;RMAP_162_14_0;RMAP_162_15_0,
F162_051_00,D05_SAFETY_GOTO,6625,F156_006_00,50,field-and-entrance-resolved,,RMAP_162_1_0;RMAP_162_3_0;RMAP_162_4_0;RMAP_162_9_0;RMAP_162_11_0;RMAP_162_12_0;RMAP_162_14_0;RMAP_162_15_0,RMAP_156_6_0
F162_051_00,D05_SAFETY_GOTO,6629,F156_051_00,17,entrance-id-missing,,RMAP_162_1_0;RMAP_162_3_0;RMAP_162_4_0;RMAP_162_9_0;RMAP_162_11_0;RMAP_162_12_0;RMAP_162_14_0;RMAP_162_15_0,RMAP_156_1_0;RMAP_156_3_0;RMAP_156_3_1;RMAP_156_4_0;RMAP_156_6_0;RMAP_156_7_0;RMAP_156_7_1;RMAP_156_9_0;RMAP_156_10_0;RMAP_156_10_1;RMAP_156_12_0;RMAP_156_13_0
F162_051_00,D05_SAFETY_GOTO,6638,F156_010_00,20,field-and-entrance-resolved,,RMAP_162_1_0;RMAP_162_3_0;RMAP_162_4_0;RMAP_162_9_0;RMAP_162_11_0;RMAP_162_12_0;RMAP_162_14_0;RMAP_162_15_0,RMAP_156_10_0;RMAP_156_10_1;RMAP_156_10_2
F162_051_00,D05_SAFETY_GOTO,6642,F156_051_00,18,entrance-id-missing,,RMAP_162_1_0;RMAP_162_3_0;RMAP_162_4_0;RMAP_162_9_0;RMAP_162_11_0;RMAP_162_12_0;RMAP_162_14_0;RMAP_162_15_0,RMAP_156_1_0;RMAP_156_3_0;RMAP_156_3_1;RMAP_156_4_0;RMAP_156_6_0;RMAP_156_7_0;RMAP_156_7_1;RMAP_156_9_0;RMAP_156_10_0;RMAP_156_10_1;RMAP_156_12_0;RMAP_156_13_0
F162_051_00,D06_SAFETY_GOTO,6672,F157_001_00,2,field-and-entrance-resolved,,RMAP_162_1_0;RMAP_162_3_0;RMAP_162_4_0;RMAP_162_9_0;RMAP_162_11_0;RMAP_162_12_0;RMAP_162_14_0;RMAP_162_15_0,RMAP_157_1_0;RMAP_157_1_1
F162_051_00,D06_SAFETY_GOTO,6679,F157_004_00,4,field-and-entrance-resolved,,RMAP_162_1_0;RMAP_162_3_0;RMAP_162_4_0;RMAP_162_9_0;RMAP_162_11_0;RMAP_162_12_0;RMAP_162_14_0;RMAP_162_15_0,RMAP_157_4_0;RMAP_157_4_1
F162_051_00,D06_SAFETY_GOTO,6683,F157_051_00,11,entrance-id-missing,,RMAP_162_1_0;RMAP_162_3_0;RMAP_162_4_0;RMAP_162_9_0;RMAP_162_11_0;RMAP_162_12_0;RMAP_162_14_0;RMAP_162_15_0,RMAP_157_1_0;RMAP_157_1_1;RMAP_157_4_0;RMAP_157_4_1;RMAP_157_5_0;RMAP_157_5_1;RMAP_157_6_0;RMAP_157_8_0;RMAP_157_8_1;RMAP_157_11_0;RMAP_157_12_0;RMAP_157_13_0;RMAP_157_15_0
F162_051_00,D06_SAFETY_GOTO,6692,F157_005_00,10,field-and-entrance-resolved,,RMAP_162_1_0;RMAP_162_3_0;RMAP_162_4_0;RMAP_162_9_0;RMAP_162_11_0;RMAP_162_12_0;RMAP_162_14_0;RMAP_162_15_0,RMAP_157_5_0
F162_051_00,D06_SAFETY_GOTO,6696,F157_052_00,12,entrance-id-missing,,RMAP_162_1_0;RMAP_162_3_0;RMAP_162_4_0;RMAP_162_9_0;RMAP_162_11_0;RMAP_162_12_0;RMAP_162_14_0;RMAP_162_15_0,RMAP_157_1_0;RMAP_157_1_1;RMAP_157_4_0;RMAP_157_4_1;RMAP_157_5_0;RMAP_157_5_1;RMAP_157_6_0;RMAP_157_8_0;RMAP_157_8_1;RMAP_157_11_0;RMAP_157_12_0;RMAP_157_13_0;RMAP_157_15_0
F162_051_00,D06_SAFETY_GOTO,6705,F157_006_00,3,field-and-entrance-resolved,,RMAP_162_1_0;RMAP_162_3_0;RMAP_162_4_0;RMAP_162_9_0;RMAP_162_11_0;RMAP_162_12_0;RMAP_162_14_0;RMAP_162_15_0,RMAP_157_6_0
F162_051_00,D06_SAFETY_GOTO,6709,F157_051_00,13,entrance-id-missing,,RMAP_162_1_0;RMAP_162_3_0;RMAP_162_4_0;RMAP_162_9_0;RMAP_162_11_0;RMAP_162_12_0;RMAP_162_14_0;RMAP_162_15_0,RMAP_157_1_0;RMAP_157_1_1;RMAP_157_4_0;RMAP_157_4_1;RMAP_157_5_0;RMAP_157_5_1;RMAP_157_6_0;RMAP_157_8_0;RMAP_157_8_1;RMAP_157_11_0;RMAP_157_12_0;RMAP_157_13_0;RMAP_157_15_0
F162_051_00,D06_SAFETY_GOTO,6718,F157_008_00,10,field-and-entrance-resolved,,RMAP_162_1_0;RMAP_162_3_0;RMAP_162_4_0;RMAP_162_9_0;RMAP_162_11_0;RMAP_162_12_0;RMAP_162_14_0;RMAP_162_15_0,RMAP_157_8_0;RMAP_157_8_1
F162_051_00,D06_SAFETY_GOTO,6722,F157_052_00,14,entrance-id-missing,,RMAP_162_1_0;RMAP_162_3_0;RMAP_162_4_0;RMAP_162_9_0;RMAP_162_11_0;RMAP_162_12_0;RMAP_162_14_0;RMAP_162_15_0,RMAP_157_1_0;RMAP_157_1_1;RMAP_157_4_0;RMAP_157_4_1;RMAP_157_5_0;RMAP_157_5_1;RMAP_157_6_0;RMAP_157_8_0;RMAP_157_8_1;RMAP_157_11_0;RMAP_157_12_0;RMAP_157_13_0;RMAP_157_15_0
F162_051_00,D06_SAFETY_GOTO,6731,F157_011_00,10,field-and-entrance-resolved,,RMAP_162_1_0;RMAP_162_3_0;RMAP_162_4_0;RMAP_162_9_0;RMAP_162_11_0;RMAP_162_12_0;RMAP_162_14_0;RMAP_162_15_0,RMAP_157_11_0;RMAP_157_11_1;RMAP_157_11_2
F162_051_00,D06_SAFETY_GOTO,6735,F157_051_00,15,entrance-id-missing,,RMAP_162_1_0;RMAP_162_3_0;RMAP_162_4_0;RMAP_162_9_0;RMAP_162_11_0;RMAP_162_12_0;RMAP_162_14_0;RMAP_162_15_0,RMAP_157_1_0;RMAP_157_1_1;RMAP_157_4_0;RMAP_157_4_1;RMAP_157_5_0;RMAP_157_5_1;RMAP_157_6_0;RMAP_157_8_0;RMAP_157_8_1;RMAP_157_11_0;RMAP_157_12_0;RMAP_157_13_0;RMAP_157_15_0
F162_051_00,D06_SAFETY_GOTO,6744,F157_012_00,10,field-and-entrance-resolved,,RMAP_162_1_0;RMAP_162_3_0;RMAP_162_4_0;RMAP_162_9_0;RMAP_162_11_0;RMAP_162_12_0;RMAP_162_14_0;RMAP_162_15_0,RMAP_157_12_0
F162_051_00,D06_SAFETY_GOTO,6748,,,dynamic-arguments,,RMAP_162_1_0;RMAP_162_3_0;RMAP_162_4_0;RMAP_162_9_0;RMAP_162_11_0;RMAP_162_12_0;RMAP_162_14_0;RMAP_162_15_0,
F162_051_00,D06_SAFETY_GOTO,6757,F157_013_00,10,field-and-entrance-resolved,,RMAP_162_1_0;RMAP_162_3_0;RMAP_162_4_0;RMAP_162_9_0;RMAP_162_11_0;RMAP_162_12_0;RMAP_162_14_0;RMAP_162_15_0,RMAP_157_13_0
F162_051_00,D06_SAFETY_GOTO,6761,F157_051_00,17,entrance-id-missing,,RMAP_162_1_0;RMAP_162_3_0;RMAP_162_4_0;RMAP_162_9_0;RMAP_162_11_0;RMAP_162_12_0;RMAP_162_14_0;RMAP_162_15_0,RMAP_157_1_0;RMAP_157_1_1;RMAP_157_4_0;RMAP_157_4_1;RMAP_157_5_0;RMAP_157_5_1;RMAP_157_6_0;RMAP_157_8_0;RMAP_157_8_1;RMAP_157_11_0;RMAP_157_12_0;RMAP_157_13_0;RMAP_157_15_0
F162_051_00,D06_SAFETY_GOTO,6770,F157_015_00,10,field-and-entrance-resolved,,RMAP_162_1_0;RMAP_162_3_0;RMAP_162_4_0;RMAP_162_9_0;RMAP_162_11_0;RMAP_162_12_0;RMAP_162_14_0;RMAP_162_15_0,RMAP_157_15_0
F162_051_00,D06_SAFETY_GOTO,6774,F157_051_00,18,entrance-id-missing,,RMAP_162_1_0;RMAP_162_3_0;RMAP_162_4_0;RMAP_162_9_0;RMAP_162_11_0;RMAP_162_12_0;RMAP_162_14_0;RMAP_162_15_0,RMAP_157_1_0;RMAP_157_1_1;RMAP_157_4_0;RMAP_157_4_1;RMAP_157_5_0;RMAP_157_5_1;RMAP_157_6_0;RMAP_157_8_0;RMAP_157_8_1;RMAP_157_11_0;RMAP_157_12_0;RMAP_157_13_0;RMAP_157_15_0
F162_051_00,D07_SAFETY_GOTO,6804,F159_001_00,2,field-and-entrance-resolved,,RMAP_162_1_0;RMAP_162_3_0;RMAP_162_4_0;RMAP_162_9_0;RMAP_162_11_0;RMAP_162_12_0;RMAP_162_14_0;RMAP_162_15_0,RMAP_159_1_0
F162_051_00,D07_SAFETY_GOTO,6811,F159_004_00,20,field-and-entrance-resolved,,RMAP_162_1_0;RMAP_162_3_0;RMAP_162_4_0;RMAP_162_9_0;RMAP_162_11_0;RMAP_162_12_0;RMAP_162_14_0;RMAP_162_15_0,RMAP_159_3_0;RMAP_159_3_1
F162_051_00,D07_SAFETY_GOTO,6815,F159_051_00,11,entrance-id-missing,,RMAP_162_1_0;RMAP_162_3_0;RMAP_162_4_0;RMAP_162_9_0;RMAP_162_11_0;RMAP_162_12_0;RMAP_162_14_0;RMAP_162_15_0,RMAP_159_1_0;RMAP_159_3_0;RMAP_159_3_1;RMAP_159_6_0;RMAP_159_6_1;RMAP_159_6_2;RMAP_159_6_3;RMAP_159_7_0;RMAP_159_7_1;RMAP_159_10_0;RMAP_159_10_1;RMAP_159_11_0;RMAP_159_11_1;RMAP_159_11_2;RMAP_159_11_3
F162_051_00,D07_SAFETY_GOTO,6824,F159_020_00,20,field-and-entrance-resolved,,RMAP_162_1_0;RMAP_162_3_0;RMAP_162_4_0;RMAP_162_9_0;RMAP_162_11_0;RMAP_162_12_0;RMAP_162_14_0;RMAP_162_15_0,RMAP_159_20_0;RMAP_159_20_1
F162_051_00,D07_SAFETY_GOTO,6828,F159_051_00,12,entrance-id-missing,,RMAP_162_1_0;RMAP_162_3_0;RMAP_162_4_0;RMAP_162_9_0;RMAP_162_11_0;RMAP_162_12_0;RMAP_162_14_0;RMAP_162_15_0,RMAP_159_1_0;RMAP_159_3_0;RMAP_159_3_1;RMAP_159_6_0;RMAP_159_6_1;RMAP_159_6_2;RMAP_159_6_3;RMAP_159_7_0;RMAP_159_7_1;RMAP_159_10_0;RMAP_159_10_1;RMAP_159_11_0;RMAP_159_11_1;RMAP_159_11_2;RMAP_159_11_3
F162_051_00,D07_SAFETY_GOTO,6837,F159_010_00,20,field-and-entrance-resolved,,RMAP_162_1_0;RMAP_162_3_0;RMAP_162_4_0;RMAP_162_9_0;RMAP_162_11_0;RMAP_162_12_0;RMAP_162_14_0;RMAP_162_15_0,RMAP_159_10_0;RMAP_159_10_1
F162_051_00,D07_SAFETY_GOTO,6841,F159_051_00,13,entrance-id-missing,,RMAP_162_1_0;RMAP_162_3_0;RMAP_162_4_0;RMAP_162_9_0;RMAP_162_11_0;RMAP_162_12_0;RMAP_162_14_0;RMAP_162_15_0,RMAP_159_1_0;RMAP_159_3_0;RMAP_159_3_1;RMAP_159_6_0;RMAP_159_6_1;RMAP_159_6_2;RMAP_159_6_3;RMAP_159_7_0;RMAP_159_7_1;RMAP_159_10_0;RMAP_159_10_1;RMAP_159_11_0;RMAP_159_11_1;RMAP_159_11_2;RMAP_159_11_3
F162_051_00,D07_SAFETY_GOTO,6850,F159_025_00,20,field-and-entrance-resolved,,RMAP_162_1_0;RMAP_162_3_0;RMAP_162_4_0;RMAP_162_9_0;RMAP_162_11_0;RMAP_162_12_0;RMAP_162_14_0;RMAP_162_15_0,RMAP_159_25_0;RMAP_159_25_1
F162_051_00,D07_SAFETY_GOTO,6854,F159_051_00,17,entrance-id-missing,,RMAP_162_1_0;RMAP_162_3_0;RMAP_162_4_0;RMAP_162_9_0;RMAP_162_11_0;RMAP_162_12_0;RMAP_162_14_0;RMAP_162_15_0,RMAP_159_1_0;RMAP_159_3_0;RMAP_159_3_1;RMAP_159_6_0;RMAP_159_6_1;RMAP_159_6_2;RMAP_159_6_3;RMAP_159_7_0;RMAP_159_7_1;RMAP_159_10_0;RMAP_159_10_1;RMAP_159_11_0;RMAP_159_11_1;RMAP_159_11_2;RMAP_159_11_3
F162_051_00,D07_SAFETY_GOTO,6863,F159_007_00,20,field-and-entrance-resolved,,RMAP_162_1_0;RMAP_162_3_0;RMAP_162_4_0;RMAP_162_9_0;RMAP_162_11_0;RMAP_162_12_0;RMAP_162_14_0;RMAP_162_15_0,RMAP_159_7_0;RMAP_159_7_1
F162_051_00,D07_SAFETY_GOTO,6867,F159_051_00,14,entrance-id-missing,,RMAP_162_1_0;RMAP_162_3_0;RMAP_162_4_0;RMAP_162_9_0;RMAP_162_11_0;RMAP_162_12_0;RMAP_162_14_0;RMAP_162_15_0,RMAP_159_1_0;RMAP_159_3_0;RMAP_159_3_1;RMAP_159_6_0;RMAP_159_6_1;RMAP_159_6_2;RMAP_159_6_3;RMAP_159_7_0;RMAP_159_7_1;RMAP_159_10_0;RMAP_159_10_1;RMAP_159_11_0;RMAP_159_11_1;RMAP_159_11_2;RMAP_159_11_3
F162_051_00,D07_SAFETY_GOTO,6876,F159_006_00,20,field-and-entrance-resolved,,RMAP_162_1_0;RMAP_162_3_0;RMAP_162_4_0;RMAP_162_9_0;RMAP_162_11_0;RMAP_162_12_0;RMAP_162_14_0;RMAP_162_15_0,RMAP_159_6_0;RMAP_159_6_1;RMAP_159_6_2;RMAP_159_6_3
F162_051_00,D07_SAFETY_GOTO,6880,F159_051_00,15,entrance-id-missing,,RMAP_162_1_0;RMAP_162_3_0;RMAP_162_4_0;RMAP_162_9_0;RMAP_162_11_0;RMAP_162_12_0;RMAP_162_14_0;RMAP_162_15_0,RMAP_159_1_0;RMAP_159_3_0;RMAP_159_3_1;RMAP_159_6_0;RMAP_159_6_1;RMAP_159_6_2;RMAP_159_6_3;RMAP_159_7_0;RMAP_159_7_1;RMAP_159_10_0;RMAP_159_10_1;RMAP_159_11_0;RMAP_159_11_1;RMAP_159_11_2;RMAP_159_11_3
F162_051_00,D07_SAFETY_GOTO,6889,F159_011_00,20,field-and-entrance-resolved,,RMAP_162_1_0;RMAP_162_3_0;RMAP_162_4_0;RMAP_162_9_0;RMAP_162_11_0;RMAP_162_12_0;RMAP_162_14_0;RMAP_162_15_0,RMAP_159_11_0;RMAP_159_11_1;RMAP_159_11_2;RMAP_159_11_3;RMAP_159_11_4
F162_051_00,D07_SAFETY_GOTO,6893,,,dynamic-arguments,,RMAP_162_1_0;RMAP_162_3_0;RMAP_162_4_0;RMAP_162_9_0;RMAP_162_11_0;RMAP_162_12_0;RMAP_162_14_0;RMAP_162_15_0,
F162_051_00,D07_SAFETY_GOTO,6902,F159_003_00,20,field-and-entrance-resolved,,RMAP_162_1_0;RMAP_162_3_0;RMAP_162_4_0;RMAP_162_9_0;RMAP_162_11_0;RMAP_162_12_0;RMAP_162_14_0;RMAP_162_15_0,RMAP_159_3_0;RMAP_159_3_1
F162_051_00,D07_SAFETY_GOTO,6906,F159_051_00,18,entrance-id-missing,,RMAP_162_1_0;RMAP_162_3_0;RMAP_162_4_0;RMAP_162_9_0;RMAP_162_11_0;RMAP_162_12_0;RMAP_162_14_0;RMAP_162_15_0,RMAP_159_1_0;RMAP_159_3_0;RMAP_159_3_1;RMAP_159_6_0;RMAP_159_6_1;RMAP_159_6_2;RMAP_159_6_3;RMAP_159_7_0;RMAP_159_7_1;RMAP_159_10_0;RMAP_159_10_1;RMAP_159_11_0;RMAP_159_11_1;RMAP_159_11_2;RMAP_159_11_3
F162_051_00,D08_SAFETY_GOTO,6936,F161_001_00,0,field-and-entrance-resolved,,RMAP_162_1_0;RMAP_162_3_0;RMAP_162_4_0;RMAP_162_9_0;RMAP_162_11_0;RMAP_162_12_0;RMAP_162_14_0;RMAP_162_15_0,RMAP_161_1_0
F162_051_00,D08_SAFETY_GOTO,6943,F161_006_00,20,field-and-entrance-resolved,,RMAP_162_1_0;RMAP_162_3_0;RMAP_162_4_0;RMAP_162_9_0;RMAP_162_11_0;RMAP_162_12_0;RMAP_162_14_0;RMAP_162_15_0,RMAP_161_6_0
F162_051_00,D08_SAFETY_GOTO,6947,F161_051_00,11,entrance-id-missing,,RMAP_162_1_0;RMAP_162_3_0;RMAP_162_4_0;RMAP_162_9_0;RMAP_162_11_0;RMAP_162_12_0;RMAP_162_14_0;RMAP_162_15_0,RMAP_160_1_0;RMAP_160_6_0;RMAP_161_1_0;RMAP_161_6_0;RMAP_161_10_0
F162_051_00,D08_SAFETY_GOTO,6956,F161_010_00,20,field-and-entrance-resolved,,RMAP_162_1_0;RMAP_162_3_0;RMAP_162_4_0;RMAP_162_9_0;RMAP_162_11_0;RMAP_162_12_0;RMAP_162_14_0;RMAP_162_15_0,RMAP_161_10_0
F162_051_00,D08_SAFETY_GOTO,6960,F161_051_00,12,entrance-id-missing,,RMAP_162_1_0;RMAP_162_3_0;RMAP_162_4_0;RMAP_162_9_0;RMAP_162_11_0;RMAP_162_12_0;RMAP_162_14_0;RMAP_162_15_0,RMAP_160_1_0;RMAP_160_6_0;RMAP_161_1_0;RMAP_161_6_0;RMAP_161_10_0
F162_051_00,D08_SAFETY_GOTO,6969,F161_003_00,20,field-and-entrance-resolved,,RMAP_162_1_0;RMAP_162_3_0;RMAP_162_4_0;RMAP_162_9_0;RMAP_162_11_0;RMAP_162_12_0;RMAP_162_14_0;RMAP_162_15_0,RMAP_161_3_0
F162_051_00,D08_SAFETY_GOTO,6973,F161_051_00,13,entrance-id-missing,,RMAP_162_1_0;RMAP_162_3_0;RMAP_162_4_0;RMAP_162_9_0;RMAP_162_11_0;RMAP_162_12_0;RMAP_162_14_0;RMAP_162_15_0,RMAP_160_1_0;RMAP_160_6_0;RMAP_161_1_0;RMAP_161_6_0;RMAP_161_10_0
F162_051_00,D08_SAFETY_GOTO,6982,F161_008_00,20,field-and-entrance-resolved,,RMAP_162_1_0;RMAP_162_3_0;RMAP_162_4_0;RMAP_162_9_0;RMAP_162_11_0;RMAP_162_12_0;RMAP_162_14_0;RMAP_162_15_0,RMAP_161_8_0
F162_051_00,D08_SAFETY_GOTO,6986,F161_051_00,14,entrance-id-missing,,RMAP_162_1_0;RMAP_162_3_0;RMAP_162_4_0;RMAP_162_9_0;RMAP_162_11_0;RMAP_162_12_0;RMAP_162_14_0;RMAP_162_15_0,RMAP_160_1_0;RMAP_160_6_0;RMAP_161_1_0;RMAP_161_6_0;RMAP_161_10_0
F162_051_00,LAST_SAFETY_GOTO,7016,F160_001_00,0,field-and-entrance-resolved,,RMAP_162_1_0;RMAP_162_3_0;RMAP_162_4_0;RMAP_162_9_0;RMAP_162_11_0;RMAP_162_12_0;RMAP_162_14_0;RMAP_162_15_0,RMAP_160_1_0
F162_051_00,LAST_SAFETY_GOTO,7023,F160_006_00,0,field-and-entrance-resolved,,RMAP_162_1_0;RMAP_162_3_0;RMAP_162_4_0;RMAP_162_9_0;RMAP_162_11_0;RMAP_162_12_0;RMAP_162_14_0;RMAP_162_15_0,RMAP_160_6_0
F162_051_00,LAST_SAFETY_GOTO,7027,F160_006_00,0,field-and-entrance-resolved,,RMAP_162_1_0;RMAP_162_3_0;RMAP_162_4_0;RMAP_162_9_0;RMAP_162_11_0;RMAP_162_12_0;RMAP_162_14_0;RMAP_162_15_0,RMAP_160_6_0
F162_051_00,D10_SAFETY_GOTO,7057,F162_001_00,20,field-and-entrance-resolved,"0,3,4",RMAP_162_1_0;RMAP_162_3_0;RMAP_162_4_0;RMAP_162_9_0;RMAP_162_11_0;RMAP_162_12_0;RMAP_162_14_0;RMAP_162_15_0,RMAP_162_1_0
F162_051_00,D10_SAFETY_GOTO,7064,F162_003_00,20,field-and-entrance-resolved,"0,3,4",RMAP_162_1_0;RMAP_162_3_0;RMAP_162_4_0;RMAP_162_9_0;RMAP_162_11_0;RMAP_162_12_0;RMAP_162_14_0;RMAP_162_15_0,RMAP_162_3_0;RMAP_162_3_1
F162_051_00,D10_SAFETY_GOTO,7068,F162_051_00,11,entrance-id-missing,"0,3,4",RMAP_162_1_0;RMAP_162_3_0;RMAP_162_4_0;RMAP_162_9_0;RMAP_162_11_0;RMAP_162_12_0;RMAP_162_14_0;RMAP_162_15_0,RMAP_162_1_0;RMAP_162_3_0;RMAP_162_4_0;RMAP_162_9_0;RMAP_162_11_0;RMAP_162_12_0;RMAP_162_14_0;RMAP_162_15_0
F162_051_00,D10_SAFETY_GOTO,7077,F162_009_00,20,field-and-entrance-resolved,"0,3,4",RMAP_162_1_0;RMAP_162_3_0;RMAP_162_4_0;RMAP_162_9_0;RMAP_162_11_0;RMAP_162_12_0;RMAP_162_14_0;RMAP_162_15_0,RMAP_162_9_0;RMAP_162_9_1;RMAP_162_9_2;RMAP_162_9_3;RMAP_162_9_4
F162_051_00,D10_SAFETY_GOTO,7081,F162_051_00,12,entrance-id-missing,"0,3,4",RMAP_162_1_0;RMAP_162_3_0;RMAP_162_4_0;RMAP_162_9_0;RMAP_162_11_0;RMAP_162_12_0;RMAP_162_14_0;RMAP_162_15_0,RMAP_162_1_0;RMAP_162_3_0;RMAP_162_4_0;RMAP_162_9_0;RMAP_162_11_0;RMAP_162_12_0;RMAP_162_14_0;RMAP_162_15_0
F162_051_00,D10_SAFETY_GOTO,7090,F162_014_00,20,field-and-entrance-resolved,"0,3,4",RMAP_162_1_0;RMAP_162_3_0;RMAP_162_4_0;RMAP_162_9_0;RMAP_162_11_0;RMAP_162_12_0;RMAP_162_14_0;RMAP_162_15_0,RMAP_162_14_0;RMAP_162_14_1;RMAP_162_14_2;RMAP_162_14_3
F162_051_00,D10_SAFETY_GOTO,7094,F162_052_00,13,entrance-id-missing,"0,3,4",RMAP_162_1_0;RMAP_162_3_0;RMAP_162_4_0;RMAP_162_9_0;RMAP_162_11_0;RMAP_162_12_0;RMAP_162_14_0;RMAP_162_15_0,RMAP_162_1_0;RMAP_162_3_0;RMAP_162_4_0;RMAP_162_9_0;RMAP_162_11_0;RMAP_162_12_0;RMAP_162_14_0;RMAP_162_15_0
F162_051_00,D10_SAFETY_GOTO,7103,F162_015_00,20,field-and-entrance-resolved,"0,3,4",RMAP_162_1_0;RMAP_162_3_0;RMAP_162_4_0;RMAP_162_9_0;RMAP_162_11_0;RMAP_162_12_0;RMAP_162_14_0;RMAP_162_15_0,RMAP_162_15_0;RMAP_162_15_1;RMAP_162_15_2
F162_051_00,D10_SAFETY_GOTO,7107,F162_052_00,14,entrance-id-missing,"0,3,4",RMAP_162_1_0;RMAP_162_3_0;RMAP_162_4_0;RMAP_162_9_0;RMAP_162_11_0;RMAP_162_12_0;RMAP_162_14_0;RMAP_162_15_0,RMAP_162_1_0;RMAP_162_3_0;RMAP_162_4_0;RMAP_162_9_0;RMAP_162_11_0;RMAP_162_12_0;RMAP_162_14_0;RMAP_162_15_0
F162_051_00,D10_SAFETY_GOTO,7116,F162_012_00,20,field-and-entrance-resolved,"0,3,4",RMAP_162_1_0;RMAP_162_3_0;RMAP_162_4_0;RMAP_162_9_0;RMAP_162_11_0;RMAP_162_12_0;RMAP_162_14_0;RMAP_162_15_0,RMAP_162_12_0;RMAP_162_12_1
F162_051_00,D10_SAFETY_GOTO,7120,F162_052_00,15,entrance-id-missing,"0,3,4",RMAP_162_1_0;RMAP_162_3_0;RMAP_162_4_0;RMAP_162_9_0;RMAP_162_11_0;RMAP_162_12_0;RMAP_162_14_0;RMAP_162_15_0,RMAP_162_1_0;RMAP_162_3_0;RMAP_162_4_0;RMAP_162_9_0;RMAP_162_11_0;RMAP_162_12_0;RMAP_162_14_0;RMAP_162_15_0
F162_051_00,D10_SAFETY_GOTO,7129,F162_005_00,20,entrance-id-missing,"0,3,4",RMAP_162_1_0;RMAP_162_3_0;RMAP_162_4_0;RMAP_162_9_0;RMAP_162_11_0;RMAP_162_12_0;RMAP_162_14_0;RMAP_162_15_0,RMAP_162_5_0
F162_051_00,D10_SAFETY_GOTO,7133,,,dynamic-arguments,"0,3,4",RMAP_162_1_0;RMAP_162_3_0;RMAP_162_4_0;RMAP_162_9_0;RMAP_162_11_0;RMAP_162_12_0;RMAP_162_14_0;RMAP_162_15_0,
F162_051_00,D10_SAFETY_GOTO,7142,,,dynamic-arguments,"0,3,4",RMAP_162_1_0;RMAP_162_3_0;RMAP_162_4_0;RMAP_162_9_0;RMAP_162_11_0;RMAP_162_12_0;RMAP_162_14_0;RMAP_162_15_0,
F162_051_00,D10_SAFETY_GOTO,7146,F162_052_00,17,entrance-id-missing,"0,3,4",RMAP_162_1_0;RMAP_162_3_0;RMAP_162_4_0;RMAP_162_9_0;RMAP_162_11_0;RMAP_162_12_0;RMAP_162_14_0;RMAP_162_15_0,RMAP_162_1_0;RMAP_162_3_0;RMAP_162_4_0;RMAP_162_9_0;RMAP_162_11_0;RMAP_162_12_0;RMAP_162_14_0;RMAP_162_15_0
F162_051_00,D10_SAFETY_GOTO,7155,F162_002_00,20,field-and-entrance-resolved,"0,3,4",RMAP_162_1_0;RMAP_162_3_0;RMAP_162_4_0;RMAP_162_9_0;RMAP_162_11_0;RMAP_162_12_0;RMAP_162_14_0;RMAP_162_15_0,RMAP_162_2_0;RMAP_162_2_1;RMAP_162_2_2;RMAP_162_2_3
F162_051_00,D10_SAFETY_GOTO,7159,F162_051_00,18,entrance-id-missing,"0,3,4",RMAP_162_1_0;RMAP_162_3_0;RMAP_162_4_0;RMAP_162_9_0;RMAP_162_11_0;RMAP_162_12_0;RMAP_162_14_0;RMAP_162_15_0,RMAP_162_1_0;RMAP_162_3_0;RMAP_162_4_0;RMAP_162_9_0;RMAP_162_11_0;RMAP_162_12_0;RMAP_162_14_0;RMAP_162_15_0
F162_051_00,D10_SAFETY_GOTO,7168,F162_011_00,20,field-and-entrance-resolved,"0,3,4",RMAP_162_1_0;RMAP_162_3_0;RMAP_162_4_0;RMAP_162_9_0;RMAP_162_11_0;RMAP_162_12_0;RMAP_162_14_0;RMAP_162_15_0,RMAP_162_11_0;RMAP_162_11_1;RMAP_162_11_2
F162_051_00,D10_SAFETY_GOTO,7172,F162_052_00,19,entrance-id-missing,"0,3,4",RMAP_162_1_0;RMAP_162_3_0;RMAP_162_4_0;RMAP_162_9_0;RMAP_162_11_0;RMAP_162_12_0;RMAP_162_14_0;RMAP_162_15_0,RMAP_162_1_0;RMAP_162_3_0;RMAP_162_4_0;RMAP_162_9_0;RMAP_162_11_0;RMAP_162_12_0;RMAP_162_14_0;RMAP_162_15_0
F162_052_00,GOTO_ENTRANCE_ACTION,4264,F151_001_00,2,field-and-entrance-resolved,"1,2",RMAP_162_1_0;RMAP_162_3_0;RMAP_162_4_0;RMAP_162_9_0;RMAP_162_11_0;RMAP_162_12_0;RMAP_162_14_0;RMAP_162_15_0,RMAP_151_1_0;RMAP_151_1_1
F162_052_00,GOTO_ENTRANCE_ACTION,4268,F153_001_00,2,field-and-entrance-resolved,"1,2",RMAP_162_1_0;RMAP_162_3_0;RMAP_162_4_0;RMAP_162_9_0;RMAP_162_11_0;RMAP_162_12_0;RMAP_162_14_0;RMAP_162_15_0,RMAP_153_1_0
F162_052_00,GOTO_ENTRANCE_ACTION,4272,F154_001_00,2,field-and-entrance-resolved,"1,2",RMAP_162_1_0;RMAP_162_3_0;RMAP_162_4_0;RMAP_162_9_0;RMAP_162_11_0;RMAP_162_12_0;RMAP_162_14_0;RMAP_162_15_0,RMAP_154_1_0
F162_052_00,GOTO_ENTRANCE_ACTION,4276,F155_001_00,5,field-and-entrance-resolved,"1,2",RMAP_162_1_0;RMAP_162_3_0;RMAP_162_4_0;RMAP_162_9_0;RMAP_162_11_0;RMAP_162_12_0;RMAP_162_14_0;RMAP_162_15_0,RMAP_155_1_0
F162_052_00,GOTO_ENTRANCE_ACTION,4280,F156_001_00,2,field-and-entrance-resolved,"1,2",RMAP_162_1_0;RMAP_162_3_0;RMAP_162_4_0;RMAP_162_9_0;RMAP_162_11_0;RMAP_162_12_0;RMAP_162_14_0;RMAP_162_15_0,RMAP_156_1_0
F162_052_00,GOTO_ENTRANCE_ACTION,4284,F157_001_00,2,field-and-entrance-resolved,"1,2",RMAP_162_1_0;RMAP_162_3_0;RMAP_162_4_0;RMAP_162_9_0;RMAP_162_11_0;RMAP_162_12_0;RMAP_162_14_0;RMAP_162_15_0,RMAP_157_1_0;RMAP_157_1_1
F162_052_00,GOTO_ENTRANCE_ACTION,4288,F159_001_00,2,field-and-entrance-resolved,"1,2",RMAP_162_1_0;RMAP_162_3_0;RMAP_162_4_0;RMAP_162_9_0;RMAP_162_11_0;RMAP_162_12_0;RMAP_162_14_0;RMAP_162_15_0,RMAP_159_1_0
F162_052_00,GOTO_ENTRANCE_ACTION,4292,F161_001_00,0,field-and-entrance-resolved,"1,2",RMAP_162_1_0;RMAP_162_3_0;RMAP_162_4_0;RMAP_162_9_0;RMAP_162_11_0;RMAP_162_12_0;RMAP_162_14_0;RMAP_162_15_0,RMAP_161_1_0
F162_052_00,GOTO_ENTRANCE_ACTION,4296,F162_001_00,20,field-and-entrance-resolved,"1,2",RMAP_162_1_0;RMAP_162_3_0;RMAP_162_4_0;RMAP_162_9_0;RMAP_162_11_0;RMAP_162_12_0;RMAP_162_14_0;RMAP_162_15_0,RMAP_162_1_0
F162_052_00,GOTO_M_ENTRANCE_ACTION,4313,F190_001_00,1,field-and-entrance-resolved,"1,2",RMAP_162_1_0;RMAP_162_3_0;RMAP_162_4_0;RMAP_162_9_0;RMAP_162_11_0;RMAP_162_12_0;RMAP_162_14_0;RMAP_162_15_0,RMAP_190_1_0
F162_052_00,DEBUG_GOTO_FIELD,4679,F002_005_00,10,field-and-entrance-resolved,,RMAP_162_1_0;RMAP_162_3_0;RMAP_162_4_0;RMAP_162_9_0;RMAP_162_11_0;RMAP_162_12_0;RMAP_162_14_0;RMAP_162_15_0,RMAP_002_5_0
F162_052_00,DEBUG_GOTO_FIELD,4683,F001_006_00,10,field-and-entrance-resolved,,RMAP_162_1_0;RMAP_162_3_0;RMAP_162_4_0;RMAP_162_9_0;RMAP_162_11_0;RMAP_162_12_0;RMAP_162_14_0;RMAP_162_15_0,RMAP_001_5_0
F162_052_00,DEBUG_GOTO_FIELD,4687,F001_006_00,10,field-and-entrance-resolved,,RMAP_162_1_0;RMAP_162_3_0;RMAP_162_4_0;RMAP_162_9_0;RMAP_162_11_0;RMAP_162_12_0;RMAP_162_14_0;RMAP_162_15_0,RMAP_001_5_0
F162_052_00,DEBUG_GOTO_FIELD,4691,F003_002_01,50,field-and-entrance-resolved,,RMAP_162_1_0;RMAP_162_3_0;RMAP_162_4_0;RMAP_162_9_0;RMAP_162_11_0;RMAP_162_12_0;RMAP_162_14_0;RMAP_162_15_0,RMAP_009_2_0
F162_052_00,DEBUG_GOTO_FIELD,4695,F003_002_01,50,field-and-entrance-resolved,,RMAP_162_1_0;RMAP_162_3_0;RMAP_162_4_0;RMAP_162_9_0;RMAP_162_11_0;RMAP_162_12_0;RMAP_162_14_0;RMAP_162_15_0,RMAP_009_2_0
F162_052_00,DEBUG_GOTO_FIELD,4699,F003_002_01,50,field-and-entrance-resolved,,RMAP_162_1_0;RMAP_162_3_0;RMAP_162_4_0;RMAP_162_9_0;RMAP_162_11_0;RMAP_162_12_0;RMAP_162_14_0;RMAP_162_15_0,RMAP_009_2_0
F162_052_00,DEBUG_GOTO_FIELD,4703,F003_002_00,51,field-and-entrance-resolved,,RMAP_162_1_0;RMAP_162_3_0;RMAP_162_4_0;RMAP_162_9_0;RMAP_162_11_0;RMAP_162_12_0;RMAP_162_14_0;RMAP_162_15_0,RMAP_009_2_0
F162_052_00,DEBUG_GOTO_FIELD,4707,F003_002_00,51,field-and-entrance-resolved,,RMAP_162_1_0;RMAP_162_3_0;RMAP_162_4_0;RMAP_162_9_0;RMAP_162_11_0;RMAP_162_12_0;RMAP_162_14_0;RMAP_162_15_0,RMAP_009_2_0
F162_052_00,DEBUG_GOTO_FIELD,4711,F003_002_00,51,field-and-entrance-resolved,,RMAP_162_1_0;RMAP_162_3_0;RMAP_162_4_0;RMAP_162_9_0;RMAP_162_11_0;RMAP_162_12_0;RMAP_162_14_0;RMAP_162_15_0,RMAP_009_2_0
F162_052_00,DEBUG_GOTO_FIELD,4715,F003_002_00,51,field-and-entrance-resolved,,RMAP_162_1_0;RMAP_162_3_0;RMAP_162_4_0;RMAP_162_9_0;RMAP_162_11_0;RMAP_162_12_0;RMAP_162_14_0;RMAP_162_15_0,RMAP_009_2_0
F162_052_00,D01_SAFETY_GOTO,6068,F151_001_00,2,field-and-entrance-resolved,,RMAP_162_1_0;RMAP_162_3_0;RMAP_162_4_0;RMAP_162_9_0;RMAP_162_11_0;RMAP_162_12_0;RMAP_162_14_0;RMAP_162_15_0,RMAP_151_1_0;RMAP_151_1_1
F162_052_00,D01_SAFETY_GOTO,6075,F152_001_00,20,field-and-entrance-resolved,,RMAP_162_1_0;RMAP_162_3_0;RMAP_162_4_0;RMAP_162_9_0;RMAP_162_11_0;RMAP_162_12_0;RMAP_162_14_0;RMAP_162_15_0,RMAP_152_1_0;RMAP_152_1_1
F162_052_00,D01_SAFETY_GOTO,6079,F152_051_00,21,entrance-id-missing,,RMAP_162_1_0;RMAP_162_3_0;RMAP_162_4_0;RMAP_162_9_0;RMAP_162_11_0;RMAP_162_12_0;RMAP_162_14_0;RMAP_162_15_0,RMAP_151_1_0;RMAP_151_2_0;RMAP_151_3_0;RMAP_151_5_0;RMAP_151_7_0;RMAP_151_11_0;RMAP_152_1_0;RMAP_152_1_1
F162_052_00,D01_SAFETY_GOTO,6088,F151_014_00,20,field-and-entrance-resolved,,RMAP_162_1_0;RMAP_162_3_0;RMAP_162_4_0;RMAP_162_9_0;RMAP_162_11_0;RMAP_162_12_0;RMAP_162_14_0;RMAP_162_15_0,RMAP_151_2_0;RMAP_151_2_1;RMAP_151_2_2
F162_052_00,D01_SAFETY_GOTO,6092,F151_051_00,11,entrance-id-missing,,RMAP_162_1_0;RMAP_162_3_0;RMAP_162_4_0;RMAP_162_9_0;RMAP_162_11_0;RMAP_162_12_0;RMAP_162_14_0;RMAP_162_15_0,RMAP_151_1_0;RMAP_151_2_0;RMAP_151_3_0;RMAP_151_5_0;RMAP_151_7_0;RMAP_151_11_0;RMAP_152_1_0;RMAP_152_1_1
F162_052_00,D01_SAFETY_GOTO,6101,F151_002_00,20,field-and-entrance-resolved,,RMAP_162_1_0;RMAP_162_3_0;RMAP_162_4_0;RMAP_162_9_0;RMAP_162_11_0;RMAP_162_12_0;RMAP_162_14_0;RMAP_162_15_0,RMAP_151_2_0;RMAP_151_2_1;RMAP_151_2_2
F162_052_00,D01_SAFETY_GOTO,6105,F151_051_00,12,entrance-id-missing,,RMAP_162_1_0;RMAP_162_3_0;RMAP_162_4_0;RMAP_162_9_0;RMAP_162_11_0;RMAP_162_12_0;RMAP_162_14_0;RMAP_162_15_0,RMAP_151_1_0;RMAP_151_2_0;RMAP_151_3_0;RMAP_151_5_0;RMAP_151_7_0;RMAP_151_11_0;RMAP_152_1_0;RMAP_152_1_1
F162_052_00,D01_SAFETY_GOTO,6114,F151_004_00,20,field-and-entrance-resolved,,RMAP_162_1_0;RMAP_162_3_0;RMAP_162_4_0;RMAP_162_9_0;RMAP_162_11_0;RMAP_162_12_0;RMAP_162_14_0;RMAP_162_15_0,RMAP_151_4_0;RMAP_151_4_1;RMAP_151_4_2
F162_052_00,D01_SAFETY_GOTO,6118,F151_051_00,13,entrance-id-missing,,RMAP_162_1_0;RMAP_162_3_0;RMAP_162_4_0;RMAP_162_9_0;RMAP_162_11_0;RMAP_162_12_0;RMAP_162_14_0;RMAP_162_15_0,RMAP_151_1_0;RMAP_151_2_0;RMAP_151_3_0;RMAP_151_5_0;RMAP_151_7_0;RMAP_151_11_0;RMAP_152_1_0;RMAP_152_1_1
F162_052_00,D01_SAFETY_GOTO,6127,F151_005_00,20,field-and-entrance-resolved,,RMAP_162_1_0;RMAP_162_3_0;RMAP_162_4_0;RMAP_162_9_0;RMAP_162_11_0;RMAP_162_12_0;RMAP_162_14_0;RMAP_162_15_0,RMAP_151_5_0;RMAP_151_5_1;RMAP_151_5_2
F162_052_00,D01_SAFETY_GOTO,6131,F151_051_00,14,entrance-id-missing,,RMAP_162_1_0;RMAP_162_3_0;RMAP_162_4_0;RMAP_162_9_0;RMAP_162_11_0;RMAP_162_12_0;RMAP_162_14_0;RMAP_162_15_0,RMAP_151_1_0;RMAP_151_2_0;RMAP_151_3_0;RMAP_151_5_0;RMAP_151_7_0;RMAP_151_11_0;RMAP_152_1_0;RMAP_152_1_1
F162_052_00,D01_SAFETY_GOTO,6140,F151_007_00,20,field-and-entrance-resolved,,RMAP_162_1_0;RMAP_162_3_0;RMAP_162_4_0;RMAP_162_9_0;RMAP_162_11_0;RMAP_162_12_0;RMAP_162_14_0;RMAP_162_15_0,RMAP_151_7_0
F162_052_00,D01_SAFETY_GOTO,6144,F151_051_00,31,entrance-id-missing,,RMAP_162_1_0;RMAP_162_3_0;RMAP_162_4_0;RMAP_162_9_0;RMAP_162_11_0;RMAP_162_12_0;RMAP_162_14_0;RMAP_162_15_0,RMAP_151_1_0;RMAP_151_2_0;RMAP_151_3_0;RMAP_151_5_0;RMAP_151_7_0;RMAP_151_11_0;RMAP_152_1_0;RMAP_152_1_1
F162_052_00,D01_SAFETY_GOTO,6153,F151_011_00,1,field-and-entrance-resolved,,RMAP_162_1_0;RMAP_162_3_0;RMAP_162_4_0;RMAP_162_9_0;RMAP_162_11_0;RMAP_162_12_0;RMAP_162_14_0;RMAP_162_15_0,RMAP_151_11_0;RMAP_151_11_1
F162_052_00,D01_SAFETY_GOTO,6157,,,dynamic-arguments,,RMAP_162_1_0;RMAP_162_3_0;RMAP_162_4_0;RMAP_162_9_0;RMAP_162_11_0;RMAP_162_12_0;RMAP_162_14_0;RMAP_162_15_0,
F162_052_00,D02_SAFETY_GOTO,6187,F153_001_00,2,field-and-entrance-resolved,,RMAP_162_1_0;RMAP_162_3_0;RMAP_162_4_0;RMAP_162_9_0;RMAP_162_11_0;RMAP_162_12_0;RMAP_162_14_0;RMAP_162_15_0,RMAP_153_1_0
F162_052_00,D02_SAFETY_GOTO,6194,F153_012_00,2,field-and-entrance-resolved,,RMAP_162_1_0;RMAP_162_3_0;RMAP_162_4_0;RMAP_162_9_0;RMAP_162_11_0;RMAP_162_12_0;RMAP_162_14_0;RMAP_162_15_0,RMAP_153_2_0;RMAP_153_2_1
F162_052_00,D02_SAFETY_GOTO,6198,F153_051_00,12,entrance-id-missing,,RMAP_162_1_0;RMAP_162_3_0;RMAP_162_4_0;RMAP_162_9_0;RMAP_162_11_0;RMAP_162_12_0;RMAP_162_14_0;RMAP_162_15_0,RMAP_153_1_0;RMAP_153_2_0;RMAP_153_3_0;RMAP_153_4_0;RMAP_153_5_0;RMAP_153_6_0;RMAP_153_6_1;RMAP_153_7_0;RMAP_153_7_1;RMAP_153_9_0;RMAP_153_9_1;RMAP_153_9_2
F162_052_00,D02_SAFETY_GOTO,6207,F153_003_00,4,field-and-entrance-resolved,,RMAP_162_1_0;RMAP_162_3_0;RMAP_162_4_0;RMAP_162_9_0;RMAP_162_11_0;RMAP_162_12_0;RMAP_162_14_0;RMAP_162_15_0,RMAP_153_3_0;RMAP_153_3_1;RMAP_153_3_2;RMAP_153_3_3
F162_052_00,D02_SAFETY_GOTO,6211,F153_051_00,13,entrance-id-missing,,RMAP_162_1_0;RMAP_162_3_0;RMAP_162_4_0;RMAP_162_9_0;RMAP_162_11_0;RMAP_162_12_0;RMAP_162_14_0;RMAP_162_15_0,RMAP_153_1_0;RMAP_153_2_0;RMAP_153_3_0;RMAP_153_4_0;RMAP_153_5_0;RMAP_153_6_0;RMAP_153_6_1;RMAP_153_7_0;RMAP_153_7_1;RMAP_153_9_0;RMAP_153_9_1;RMAP_153_9_2
F162_052_00,D02_SAFETY_GOTO,6220,F153_005_00,4,field-and-entrance-resolved,,RMAP_162_1_0;RMAP_162_3_0;RMAP_162_4_0;RMAP_162_9_0;RMAP_162_11_0;RMAP_162_12_0;RMAP_162_14_0;RMAP_162_15_0,RMAP_153_5_0
F162_052_00,D02_SAFETY_GOTO,6224,F153_051_00,15,entrance-id-missing,,RMAP_162_1_0;RMAP_162_3_0;RMAP_162_4_0;RMAP_162_9_0;RMAP_162_11_0;RMAP_162_12_0;RMAP_162_14_0;RMAP_162_15_0,RMAP_153_1_0;RMAP_153_2_0;RMAP_153_3_0;RMAP_153_4_0;RMAP_153_5_0;RMAP_153_6_0;RMAP_153_6_1;RMAP_153_7_0;RMAP_153_7_1;RMAP_153_9_0;RMAP_153_9_1;RMAP_153_9_2
F162_052_00,D02_SAFETY_GOTO,6233,F153_006_00,20,field-and-entrance-resolved,,RMAP_162_1_0;RMAP_162_3_0;RMAP_162_4_0;RMAP_162_9_0;RMAP_162_11_0;RMAP_162_12_0;RMAP_162_14_0;RMAP_162_15_0,RMAP_153_6_0;RMAP_153_6_1
F162_052_00,D02_SAFETY_GOTO,6237,,,dynamic-arguments,,RMAP_162_1_0;RMAP_162_3_0;RMAP_162_4_0;RMAP_162_9_0;RMAP_162_11_0;RMAP_162_12_0;RMAP_162_14_0;RMAP_162_15_0,
F162_052_00,D02_SAFETY_GOTO,6246,F153_007_00,20,entrance-id-missing,,RMAP_162_1_0;RMAP_162_3_0;RMAP_162_4_0;RMAP_162_9_0;RMAP_162_11_0;RMAP_162_12_0;RMAP_162_14_0;RMAP_162_15_0,RMAP_153_7_0;RMAP_153_7_1;RMAP_153_7_2
F162_052_00,D02_SAFETY_GOTO,6250,F153_051_00,17,entrance-id-missing,,RMAP_162_1_0;RMAP_162_3_0;RMAP_162_4_0;RMAP_162_9_0;RMAP_162_11_0;RMAP_162_12_0;RMAP_162_14_0;RMAP_162_15_0,RMAP_153_1_0;RMAP_153_2_0;RMAP_153_3_0;RMAP_153_4_0;RMAP_153_5_0;RMAP_153_6_0;RMAP_153_6_1;RMAP_153_7_0;RMAP_153_7_1;RMAP_153_9_0;RMAP_153_9_1;RMAP_153_9_2
F162_052_00,D02_SAFETY_GOTO,6259,F153_009_00,20,field-and-entrance-resolved,,RMAP_162_1_0;RMAP_162_3_0;RMAP_162_4_0;RMAP_162_9_0;RMAP_162_11_0;RMAP_162_12_0;RMAP_162_14_0;RMAP_162_15_0,RMAP_153_9_0;RMAP_153_9_1;RMAP_153_9_2
F162_052_00,D02_SAFETY_GOTO,6263,F153_051_00,18,entrance-id-missing,,RMAP_162_1_0;RMAP_162_3_0;RMAP_162_4_0;RMAP_162_9_0;RMAP_162_11_0;RMAP_162_12_0;RMAP_162_14_0;RMAP_162_15_0,RMAP_153_1_0;RMAP_153_2_0;RMAP_153_3_0;RMAP_153_4_0;RMAP_153_5_0;RMAP_153_6_0;RMAP_153_6_1;RMAP_153_7_0;RMAP_153_7_1;RMAP_153_9_0;RMAP_153_9_1;RMAP_153_9_2
F162_052_00,D02_SAFETY_GOTO,6272,F153_009_00,21,field-and-entrance-resolved,,RMAP_162_1_0;RMAP_162_3_0;RMAP_162_4_0;RMAP_162_9_0;RMAP_162_11_0;RMAP_162_12_0;RMAP_162_14_0;RMAP_162_15_0,RMAP_153_9_0;RMAP_153_9_1;RMAP_153_9_2
F162_052_00,D02_SAFETY_GOTO,6276,F153_051_00,19,entrance-id-missing,,RMAP_162_1_0;RMAP_162_3_0;RMAP_162_4_0;RMAP_162_9_0;RMAP_162_11_0;RMAP_162_12_0;RMAP_162_14_0;RMAP_162_15_0,RMAP_153_1_0;RMAP_153_2_0;RMAP_153_3_0;RMAP_153_4_0;RMAP_153_5_0;RMAP_153_6_0;RMAP_153_6_1;RMAP_153_7_0;RMAP_153_7_1;RMAP_153_9_0;RMAP_153_9_1;RMAP_153_9_2
F162_052_00,D03_SAFETY_GOTO,6306,F154_001_00,2,field-and-entrance-resolved,,RMAP_162_1_0;RMAP_162_3_0;RMAP_162_4_0;RMAP_162_9_0;RMAP_162_11_0;RMAP_162_12_0;RMAP_162_14_0;RMAP_162_15_0,RMAP_154_1_0
F162_052_00,D03_SAFETY_GOTO,6313,F154_002_00,10,field-and-entrance-resolved,,RMAP_162_1_0;RMAP_162_3_0;RMAP_162_4_0;RMAP_162_9_0;RMAP_162_11_0;RMAP_162_12_0;RMAP_162_14_0;RMAP_162_15_0,RMAP_154_2_0;RMAP_154_2_1
F162_052_00,D03_SAFETY_GOTO,6317,F154_051_00,11,entrance-id-missing,,RMAP_162_1_0;RMAP_162_3_0;RMAP_162_4_0;RMAP_162_9_0;RMAP_162_11_0;RMAP_162_12_0;RMAP_162_14_0;RMAP_162_15_0,RMAP_154_1_0;RMAP_154_3_0;RMAP_154_3_1;RMAP_154_3_2;RMAP_154_5_0;RMAP_154_14_0;RMAP_154_14_1
F162_052_00,D03_SAFETY_GOTO,6326,F154_002_00,11,field-and-entrance-resolved,,RMAP_162_1_0;RMAP_162_3_0;RMAP_162_4_0;RMAP_162_9_0;RMAP_162_11_0;RMAP_162_12_0;RMAP_162_14_0;RMAP_162_15_0,RMAP_154_2_0;RMAP_154_2_1
F162_052_00,D03_SAFETY_GOTO,6330,F154_051_00,12,entrance-id-missing,,RMAP_162_1_0;RMAP_162_3_0;RMAP_162_4_0;RMAP_162_9_0;RMAP_162_11_0;RMAP_162_12_0;RMAP_162_14_0;RMAP_162_15_0,RMAP_154_1_0;RMAP_154_3_0;RMAP_154_3_1;RMAP_154_3_2;RMAP_154_5_0;RMAP_154_14_0;RMAP_154_14_1
F162_052_00,D03_SAFETY_GOTO,6339,F154_003_00,10,field-and-entrance-resolved,,RMAP_162_1_0;RMAP_162_3_0;RMAP_162_4_0;RMAP_162_9_0;RMAP_162_11_0;RMAP_162_12_0;RMAP_162_14_0;RMAP_162_15_0,RMAP_154_3_0;RMAP_154_3_1;RMAP_154_3_2
F162_052_00,D03_SAFETY_GOTO,6343,F154_051_00,13,entrance-id-missing,,RMAP_162_1_0;RMAP_162_3_0;RMAP_162_4_0;RMAP_162_9_0;RMAP_162_11_0;RMAP_162_12_0;RMAP_162_14_0;RMAP_162_15_0,RMAP_154_1_0;RMAP_154_3_0;RMAP_154_3_1;RMAP_154_3_2;RMAP_154_5_0;RMAP_154_14_0;RMAP_154_14_1
F162_052_00,D03_SAFETY_GOTO,6352,F154_003_00,11,field-and-entrance-resolved,,RMAP_162_1_0;RMAP_162_3_0;RMAP_162_4_0;RMAP_162_9_0;RMAP_162_11_0;RMAP_162_12_0;RMAP_162_14_0;RMAP_162_15_0,RMAP_154_3_0;RMAP_154_3_1;RMAP_154_3_2
F162_052_00,D03_SAFETY_GOTO,6356,F154_051_00,14,entrance-id-missing,,RMAP_162_1_0;RMAP_162_3_0;RMAP_162_4_0;RMAP_162_9_0;RMAP_162_11_0;RMAP_162_12_0;RMAP_162_14_0;RMAP_162_15_0,RMAP_154_1_0;RMAP_154_3_0;RMAP_154_3_1;RMAP_154_3_2;RMAP_154_5_0;RMAP_154_14_0;RMAP_154_14_1
F162_052_00,D03_SAFETY_GOTO,6365,F154_012_00,10,target-fbn-missing,,RMAP_162_1_0;RMAP_162_3_0;RMAP_162_4_0;RMAP_162_9_0;RMAP_162_11_0;RMAP_162_12_0;RMAP_162_14_0;RMAP_162_15_0,RMAP_154_12_0;RMAP_154_12_1;RMAP_154_12_2
F162_052_00,D03_SAFETY_GOTO,6369,F154_051_00,15,entrance-id-missing,,RMAP_162_1_0;RMAP_162_3_0;RMAP_162_4_0;RMAP_162_9_0;RMAP_162_11_0;RMAP_162_12_0;RMAP_162_14_0;RMAP_162_15_0,RMAP_154_1_0;RMAP_154_3_0;RMAP_154_3_1;RMAP_154_3_2;RMAP_154_5_0;RMAP_154_14_0;RMAP_154_14_1
F162_052_00,D03_SAFETY_GOTO,6378,F154_014_00,10,field-and-entrance-resolved,,RMAP_162_1_0;RMAP_162_3_0;RMAP_162_4_0;RMAP_162_9_0;RMAP_162_11_0;RMAP_162_12_0;RMAP_162_14_0;RMAP_162_15_0,RMAP_154_14_0;RMAP_154_14_1
F162_052_00,D03_SAFETY_GOTO,6382,,,dynamic-arguments,,RMAP_162_1_0;RMAP_162_3_0;RMAP_162_4_0;RMAP_162_9_0;RMAP_162_11_0;RMAP_162_12_0;RMAP_162_14_0;RMAP_162_15_0,
F162_052_00,D03_SAFETY_GOTO,6391,F154_005_00,10,field-and-entrance-resolved,,RMAP_162_1_0;RMAP_162_3_0;RMAP_162_4_0;RMAP_162_9_0;RMAP_162_11_0;RMAP_162_12_0;RMAP_162_14_0;RMAP_162_15_0,RMAP_154_5_0;RMAP_154_5_1
F162_052_00,D03_SAFETY_GOTO,6395,F154_051_00,17,entrance-id-missing,,RMAP_162_1_0;RMAP_162_3_0;RMAP_162_4_0;RMAP_162_9_0;RMAP_162_11_0;RMAP_162_12_0;RMAP_162_14_0;RMAP_162_15_0,RMAP_154_1_0;RMAP_154_3_0;RMAP_154_3_1;RMAP_154_3_2;RMAP_154_5_0;RMAP_154_14_0;RMAP_154_14_1
F162_052_00,D04_SAFETY_GOTO,6428,F155_001_00,10,field-and-entrance-resolved,,RMAP_162_1_0;RMAP_162_3_0;RMAP_162_4_0;RMAP_162_9_0;RMAP_162_11_0;RMAP_162_12_0;RMAP_162_14_0;RMAP_162_15_0,RMAP_155_1_0
F162_052_00,D04_SAFETY_GOTO,6432,F155_001_00,5,field-and-entrance-resolved,,RMAP_162_1_0;RMAP_162_3_0;RMAP_162_4_0;RMAP_162_9_0;RMAP_162_11_0;RMAP_162_12_0;RMAP_162_14_0;RMAP_162_15_0,RMAP_155_1_0
F162_052_00,D04_SAFETY_GOTO,6441,F155_011_00,20,field-and-entrance-resolved,,RMAP_162_1_0;RMAP_162_3_0;RMAP_162_4_0;RMAP_162_9_0;RMAP_162_11_0;RMAP_162_12_0;RMAP_162_14_0;RMAP_162_15_0,RMAP_155_11_0;RMAP_155_11_1;RMAP_155_11_2;RMAP_155_11_3
F162_052_00,D04_SAFETY_GOTO,6445,F155_051_00,11,entrance-id-missing,,RMAP_162_1_0;RMAP_162_3_0;RMAP_162_4_0;RMAP_162_9_0;RMAP_162_11_0;RMAP_162_12_0;RMAP_162_14_0;RMAP_162_15_0,RMAP_155_1_0;RMAP_155_2_0;RMAP_155_2_1;RMAP_155_4_0;RMAP_155_4_1;RMAP_155_9_0;RMAP_155_9_1
F162_052_00,D04_SAFETY_GOTO,6454,F155_002_00,20,field-and-entrance-resolved,,RMAP_162_1_0;RMAP_162_3_0;RMAP_162_4_0;RMAP_162_9_0;RMAP_162_11_0;RMAP_162_12_0;RMAP_162_14_0;RMAP_162_15_0,RMAP_155_2_0;RMAP_155_2_1;RMAP_155_12_0;RMAP_155_12_1
F162_052_00,D04_SAFETY_GOTO,6458,F155_051_00,12,entrance-id-missing,,RMAP_162_1_0;RMAP_162_3_0;RMAP_162_4_0;RMAP_162_9_0;RMAP_162_11_0;RMAP_162_12_0;RMAP_162_14_0;RMAP_162_15_0,RMAP_155_1_0;RMAP_155_2_0;RMAP_155_2_1;RMAP_155_4_0;RMAP_155_4_1;RMAP_155_9_0;RMAP_155_9_1
F162_052_00,D04_SAFETY_GOTO,6467,F155_002_00,21,field-and-entrance-resolved,,RMAP_162_1_0;RMAP_162_3_0;RMAP_162_4_0;RMAP_162_9_0;RMAP_162_11_0;RMAP_162_12_0;RMAP_162_14_0;RMAP_162_15_0,RMAP_155_2_0;RMAP_155_2_1;RMAP_155_12_0;RMAP_155_12_1
F162_052_00,D04_SAFETY_GOTO,6471,F155_051_00,13,entrance-id-missing,,RMAP_162_1_0;RMAP_162_3_0;RMAP_162_4_0;RMAP_162_9_0;RMAP_162_11_0;RMAP_162_12_0;RMAP_162_14_0;RMAP_162_15_0,RMAP_155_1_0;RMAP_155_2_0;RMAP_155_2_1;RMAP_155_4_0;RMAP_155_4_1;RMAP_155_9_0;RMAP_155_9_1
F162_052_00,D04_SAFETY_GOTO,6480,F155_002_00,22,field-and-entrance-resolved,,RMAP_162_1_0;RMAP_162_3_0;RMAP_162_4_0;RMAP_162_9_0;RMAP_162_11_0;RMAP_162_12_0;RMAP_162_14_0;RMAP_162_15_0,RMAP_155_2_0;RMAP_155_2_1;RMAP_155_12_0;RMAP_155_12_1
F162_052_00,D04_SAFETY_GOTO,6484,F155_051_00,14,entrance-id-missing,,RMAP_162_1_0;RMAP_162_3_0;RMAP_162_4_0;RMAP_162_9_0;RMAP_162_11_0;RMAP_162_12_0;RMAP_162_14_0;RMAP_162_15_0,RMAP_155_1_0;RMAP_155_2_0;RMAP_155_2_1;RMAP_155_4_0;RMAP_155_4_1;RMAP_155_9_0;RMAP_155_9_1
F162_052_00,D04_SAFETY_GOTO,6493,F155_004_00,21,field-and-entrance-resolved,,RMAP_162_1_0;RMAP_162_3_0;RMAP_162_4_0;RMAP_162_9_0;RMAP_162_11_0;RMAP_162_12_0;RMAP_162_14_0;RMAP_162_15_0,RMAP_155_4_0;RMAP_155_4_1
F162_052_00,D04_SAFETY_GOTO,6497,F155_051_00,15,entrance-id-missing,,RMAP_162_1_0;RMAP_162_3_0;RMAP_162_4_0;RMAP_162_9_0;RMAP_162_11_0;RMAP_162_12_0;RMAP_162_14_0;RMAP_162_15_0,RMAP_155_1_0;RMAP_155_2_0;RMAP_155_2_1;RMAP_155_4_0;RMAP_155_4_1;RMAP_155_9_0;RMAP_155_9_1
F162_052_00,D04_SAFETY_GOTO,6506,F155_004_00,20,field-and-entrance-resolved,,RMAP_162_1_0;RMAP_162_3_0;RMAP_162_4_0;RMAP_162_9_0;RMAP_162_11_0;RMAP_162_12_0;RMAP_162_14_0;RMAP_162_15_0,RMAP_155_4_0;RMAP_155_4_1
F162_052_00,D04_SAFETY_GOTO,6510,F155_051_00,17,entrance-id-missing,,RMAP_162_1_0;RMAP_162_3_0;RMAP_162_4_0;RMAP_162_9_0;RMAP_162_11_0;RMAP_162_12_0;RMAP_162_14_0;RMAP_162_15_0,RMAP_155_1_0;RMAP_155_2_0;RMAP_155_2_1;RMAP_155_4_0;RMAP_155_4_1;RMAP_155_9_0;RMAP_155_9_1
F162_052_00,D05_SAFETY_GOTO,6540,F156_001_00,5,entrance-id-missing,,RMAP_162_1_0;RMAP_162_3_0;RMAP_162_4_0;RMAP_162_9_0;RMAP_162_11_0;RMAP_162_12_0;RMAP_162_14_0;RMAP_162_15_0,RMAP_156_1_0
F162_052_00,D05_SAFETY_GOTO,6547,F156_003_00,20,field-and-entrance-resolved,,RMAP_162_1_0;RMAP_162_3_0;RMAP_162_4_0;RMAP_162_9_0;RMAP_162_11_0;RMAP_162_12_0;RMAP_162_14_0;RMAP_162_15_0,RMAP_156_3_0;RMAP_156_3_1
F162_052_00,D05_SAFETY_GOTO,6551,F156_051_00,11,entrance-id-missing,,RMAP_162_1_0;RMAP_162_3_0;RMAP_162_4_0;RMAP_162_9_0;RMAP_162_11_0;RMAP_162_12_0;RMAP_162_14_0;RMAP_162_15_0,RMAP_156_1_0;RMAP_156_3_0;RMAP_156_3_1;RMAP_156_4_0;RMAP_156_6_0;RMAP_156_7_0;RMAP_156_7_1;RMAP_156_9_0;RMAP_156_10_0;RMAP_156_10_1;RMAP_156_12_0;RMAP_156_13_0
F162_052_00,D05_SAFETY_GOTO,6560,F156_013_00,2,field-and-entrance-resolved,,RMAP_162_1_0;RMAP_162_3_0;RMAP_162_4_0;RMAP_162_9_0;RMAP_162_11_0;RMAP_162_12_0;RMAP_162_14_0;RMAP_162_15_0,RMAP_156_13_0
F162_052_00,D05_SAFETY_GOTO,6564,F156_051_00,12,entrance-id-missing,,RMAP_162_1_0;RMAP_162_3_0;RMAP_162_4_0;RMAP_162_9_0;RMAP_162_11_0;RMAP_162_12_0;RMAP_162_14_0;RMAP_162_15_0,RMAP_156_1_0;RMAP_156_3_0;RMAP_156_3_1;RMAP_156_4_0;RMAP_156_6_0;RMAP_156_7_0;RMAP_156_7_1;RMAP_156_9_0;RMAP_156_10_0;RMAP_156_10_1;RMAP_156_12_0;RMAP_156_13_0
F162_052_00,D05_SAFETY_GOTO,6573,F156_004_00,20,field-and-entrance-resolved,,RMAP_162_1_0;RMAP_162_3_0;RMAP_162_4_0;RMAP_162_9_0;RMAP_162_11_0;RMAP_162_12_0;RMAP_162_14_0;RMAP_162_15_0,RMAP_156_4_0
F162_052_00,D05_SAFETY_GOTO,6577,F156_051_00,13,entrance-id-missing,,RMAP_162_1_0;RMAP_162_3_0;RMAP_162_4_0;RMAP_162_9_0;RMAP_162_11_0;RMAP_162_12_0;RMAP_162_14_0;RMAP_162_15_0,RMAP_156_1_0;RMAP_156_3_0;RMAP_156_3_1;RMAP_156_4_0;RMAP_156_6_0;RMAP_156_7_0;RMAP_156_7_1;RMAP_156_9_0;RMAP_156_10_0;RMAP_156_10_1;RMAP_156_12_0;RMAP_156_13_0
F162_052_00,D05_SAFETY_GOTO,6586,F156_007_00,20,field-and-entrance-resolved,,RMAP_162_1_0;RMAP_162_3_0;RMAP_162_4_0;RMAP_162_9_0;RMAP_162_11_0;RMAP_162_12_0;RMAP_162_14_0;RMAP_162_15_0,RMAP_156_7_0;RMAP_156_7_1
F162_052_00,D05_SAFETY_GOTO,6590,F156_051_00,14,entrance-id-missing,,RMAP_162_1_0;RMAP_162_3_0;RMAP_162_4_0;RMAP_162_9_0;RMAP_162_11_0;RMAP_162_12_0;RMAP_162_14_0;RMAP_162_15_0,RMAP_156_1_0;RMAP_156_3_0;RMAP_156_3_1;RMAP_156_4_0;RMAP_156_6_0;RMAP_156_7_0;RMAP_156_7_1;RMAP_156_9_0;RMAP_156_10_0;RMAP_156_10_1;RMAP_156_12_0;RMAP_156_13_0
F162_052_00,D05_SAFETY_GOTO,6599,F156_009_00,20,field-and-entrance-resolved,,RMAP_162_1_0;RMAP_162_3_0;RMAP_162_4_0;RMAP_162_9_0;RMAP_162_11_0;RMAP_162_12_0;RMAP_162_14_0;RMAP_162_15_0,RMAP_156_9_0
F162_052_00,D05_SAFETY_GOTO,6603,F156_051_00,15,entrance-id-missing,,RMAP_162_1_0;RMAP_162_3_0;RMAP_162_4_0;RMAP_162_9_0;RMAP_162_11_0;RMAP_162_12_0;RMAP_162_14_0;RMAP_162_15_0,RMAP_156_1_0;RMAP_156_3_0;RMAP_156_3_1;RMAP_156_4_0;RMAP_156_6_0;RMAP_156_7_0;RMAP_156_7_1;RMAP_156_9_0;RMAP_156_10_0;RMAP_156_10_1;RMAP_156_12_0;RMAP_156_13_0
F162_052_00,D05_SAFETY_GOTO,6612,F156_012_00,20,field-and-entrance-resolved,,RMAP_162_1_0;RMAP_162_3_0;RMAP_162_4_0;RMAP_162_9_0;RMAP_162_11_0;RMAP_162_12_0;RMAP_162_14_0;RMAP_162_15_0,RMAP_156_12_0
F162_052_00,D05_SAFETY_GOTO,6616,,,dynamic-arguments,,RMAP_162_1_0;RMAP_162_3_0;RMAP_162_4_0;RMAP_162_9_0;RMAP_162_11_0;RMAP_162_12_0;RMAP_162_14_0;RMAP_162_15_0,
F162_052_00,D05_SAFETY_GOTO,6625,F156_006_00,50,field-and-entrance-resolved,,RMAP_162_1_0;RMAP_162_3_0;RMAP_162_4_0;RMAP_162_9_0;RMAP_162_11_0;RMAP_162_12_0;RMAP_162_14_0;RMAP_162_15_0,RMAP_156_6_0
F162_052_00,D05_SAFETY_GOTO,6629,F156_051_00,17,entrance-id-missing,,RMAP_162_1_0;RMAP_162_3_0;RMAP_162_4_0;RMAP_162_9_0;RMAP_162_11_0;RMAP_162_12_0;RMAP_162_14_0;RMAP_162_15_0,RMAP_156_1_0;RMAP_156_3_0;RMAP_156_3_1;RMAP_156_4_0;RMAP_156_6_0;RMAP_156_7_0;RMAP_156_7_1;RMAP_156_9_0;RMAP_156_10_0;RMAP_156_10_1;RMAP_156_12_0;RMAP_156_13_0
F162_052_00,D05_SAFETY_GOTO,6638,F156_010_00,20,field-and-entrance-resolved,,RMAP_162_1_0;RMAP_162_3_0;RMAP_162_4_0;RMAP_162_9_0;RMAP_162_11_0;RMAP_162_12_0;RMAP_162_14_0;RMAP_162_15_0,RMAP_156_10_0;RMAP_156_10_1;RMAP_156_10_2
F162_052_00,D05_SAFETY_GOTO,6642,F156_051_00,18,entrance-id-missing,,RMAP_162_1_0;RMAP_162_3_0;RMAP_162_4_0;RMAP_162_9_0;RMAP_162_11_0;RMAP_162_12_0;RMAP_162_14_0;RMAP_162_15_0,RMAP_156_1_0;RMAP_156_3_0;RMAP_156_3_1;RMAP_156_4_0;RMAP_156_6_0;RMAP_156_7_0;RMAP_156_7_1;RMAP_156_9_0;RMAP_156_10_0;RMAP_156_10_1;RMAP_156_12_0;RMAP_156_13_0
F162_052_00,D06_SAFETY_GOTO,6672,F157_001_00,2,field-and-entrance-resolved,,RMAP_162_1_0;RMAP_162_3_0;RMAP_162_4_0;RMAP_162_9_0;RMAP_162_11_0;RMAP_162_12_0;RMAP_162_14_0;RMAP_162_15_0,RMAP_157_1_0;RMAP_157_1_1
F162_052_00,D06_SAFETY_GOTO,6679,F157_004_00,4,field-and-entrance-resolved,,RMAP_162_1_0;RMAP_162_3_0;RMAP_162_4_0;RMAP_162_9_0;RMAP_162_11_0;RMAP_162_12_0;RMAP_162_14_0;RMAP_162_15_0,RMAP_157_4_0;RMAP_157_4_1
F162_052_00,D06_SAFETY_GOTO,6683,F157_051_00,11,entrance-id-missing,,RMAP_162_1_0;RMAP_162_3_0;RMAP_162_4_0;RMAP_162_9_0;RMAP_162_11_0;RMAP_162_12_0;RMAP_162_14_0;RMAP_162_15_0,RMAP_157_1_0;RMAP_157_1_1;RMAP_157_4_0;RMAP_157_4_1;RMAP_157_5_0;RMAP_157_5_1;RMAP_157_6_0;RMAP_157_8_0;RMAP_157_8_1;RMAP_157_11_0;RMAP_157_12_0;RMAP_157_13_0;RMAP_157_15_0
F162_052_00,D06_SAFETY_GOTO,6692,F157_005_00,10,field-and-entrance-resolved,,RMAP_162_1_0;RMAP_162_3_0;RMAP_162_4_0;RMAP_162_9_0;RMAP_162_11_0;RMAP_162_12_0;RMAP_162_14_0;RMAP_162_15_0,RMAP_157_5_0
F162_052_00,D06_SAFETY_GOTO,6696,F157_052_00,12,entrance-id-missing,,RMAP_162_1_0;RMAP_162_3_0;RMAP_162_4_0;RMAP_162_9_0;RMAP_162_11_0;RMAP_162_12_0;RMAP_162_14_0;RMAP_162_15_0,RMAP_157_1_0;RMAP_157_1_1;RMAP_157_4_0;RMAP_157_4_1;RMAP_157_5_0;RMAP_157_5_1;RMAP_157_6_0;RMAP_157_8_0;RMAP_157_8_1;RMAP_157_11_0;RMAP_157_12_0;RMAP_157_13_0;RMAP_157_15_0
F162_052_00,D06_SAFETY_GOTO,6705,F157_006_00,3,field-and-entrance-resolved,,RMAP_162_1_0;RMAP_162_3_0;RMAP_162_4_0;RMAP_162_9_0;RMAP_162_11_0;RMAP_162_12_0;RMAP_162_14_0;RMAP_162_15_0,RMAP_157_6_0
F162_052_00,D06_SAFETY_GOTO,6709,F157_051_00,13,entrance-id-missing,,RMAP_162_1_0;RMAP_162_3_0;RMAP_162_4_0;RMAP_162_9_0;RMAP_162_11_0;RMAP_162_12_0;RMAP_162_14_0;RMAP_162_15_0,RMAP_157_1_0;RMAP_157_1_1;RMAP_157_4_0;RMAP_157_4_1;RMAP_157_5_0;RMAP_157_5_1;RMAP_157_6_0;RMAP_157_8_0;RMAP_157_8_1;RMAP_157_11_0;RMAP_157_12_0;RMAP_157_13_0;RMAP_157_15_0
F162_052_00,D06_SAFETY_GOTO,6718,F157_008_00,10,field-and-entrance-resolved,,RMAP_162_1_0;RMAP_162_3_0;RMAP_162_4_0;RMAP_162_9_0;RMAP_162_11_0;RMAP_162_12_0;RMAP_162_14_0;RMAP_162_15_0,RMAP_157_8_0;RMAP_157_8_1
F162_052_00,D06_SAFETY_GOTO,6722,F157_052_00,14,entrance-id-missing,,RMAP_162_1_0;RMAP_162_3_0;RMAP_162_4_0;RMAP_162_9_0;RMAP_162_11_0;RMAP_162_12_0;RMAP_162_14_0;RMAP_162_15_0,RMAP_157_1_0;RMAP_157_1_1;RMAP_157_4_0;RMAP_157_4_1;RMAP_157_5_0;RMAP_157_5_1;RMAP_157_6_0;RMAP_157_8_0;RMAP_157_8_1;RMAP_157_11_0;RMAP_157_12_0;RMAP_157_13_0;RMAP_157_15_0
F162_052_00,D06_SAFETY_GOTO,6731,F157_011_00,10,field-and-entrance-resolved,,RMAP_162_1_0;RMAP_162_3_0;RMAP_162_4_0;RMAP_162_9_0;RMAP_162_11_0;RMAP_162_12_0;RMAP_162_14_0;RMAP_162_15_0,RMAP_157_11_0;RMAP_157_11_1;RMAP_157_11_2
F162_052_00,D06_SAFETY_GOTO,6735,F157_051_00,15,entrance-id-missing,,RMAP_162_1_0;RMAP_162_3_0;RMAP_162_4_0;RMAP_162_9_0;RMAP_162_11_0;RMAP_162_12_0;RMAP_162_14_0;RMAP_162_15_0,RMAP_157_1_0;RMAP_157_1_1;RMAP_157_4_0;RMAP_157_4_1;RMAP_157_5_0;RMAP_157_5_1;RMAP_157_6_0;RMAP_157_8_0;RMAP_157_8_1;RMAP_157_11_0;RMAP_157_12_0;RMAP_157_13_0;RMAP_157_15_0
F162_052_00,D06_SAFETY_GOTO,6744,F157_012_00,10,field-and-entrance-resolved,,RMAP_162_1_0;RMAP_162_3_0;RMAP_162_4_0;RMAP_162_9_0;RMAP_162_11_0;RMAP_162_12_0;RMAP_162_14_0;RMAP_162_15_0,RMAP_157_12_0
F162_052_00,D06_SAFETY_GOTO,6748,,,dynamic-arguments,,RMAP_162_1_0;RMAP_162_3_0;RMAP_162_4_0;RMAP_162_9_0;RMAP_162_11_0;RMAP_162_12_0;RMAP_162_14_0;RMAP_162_15_0,
F162_052_00,D06_SAFETY_GOTO,6757,F157_013_00,10,field-and-entrance-resolved,,RMAP_162_1_0;RMAP_162_3_0;RMAP_162_4_0;RMAP_162_9_0;RMAP_162_11_0;RMAP_162_12_0;RMAP_162_14_0;RMAP_162_15_0,RMAP_157_13_0
F162_052_00,D06_SAFETY_GOTO,6761,F157_051_00,17,entrance-id-missing,,RMAP_162_1_0;RMAP_162_3_0;RMAP_162_4_0;RMAP_162_9_0;RMAP_162_11_0;RMAP_162_12_0;RMAP_162_14_0;RMAP_162_15_0,RMAP_157_1_0;RMAP_157_1_1;RMAP_157_4_0;RMAP_157_4_1;RMAP_157_5_0;RMAP_157_5_1;RMAP_157_6_0;RMAP_157_8_0;RMAP_157_8_1;RMAP_157_11_0;RMAP_157_12_0;RMAP_157_13_0;RMAP_157_15_0
F162_052_00,D06_SAFETY_GOTO,6770,F157_015_00,10,field-and-entrance-resolved,,RMAP_162_1_0;RMAP_162_3_0;RMAP_162_4_0;RMAP_162_9_0;RMAP_162_11_0;RMAP_162_12_0;RMAP_162_14_0;RMAP_162_15_0,RMAP_157_15_0
F162_052_00,D06_SAFETY_GOTO,6774,F157_051_00,18,entrance-id-missing,,RMAP_162_1_0;RMAP_162_3_0;RMAP_162_4_0;RMAP_162_9_0;RMAP_162_11_0;RMAP_162_12_0;RMAP_162_14_0;RMAP_162_15_0,RMAP_157_1_0;RMAP_157_1_1;RMAP_157_4_0;RMAP_157_4_1;RMAP_157_5_0;RMAP_157_5_1;RMAP_157_6_0;RMAP_157_8_0;RMAP_157_8_1;RMAP_157_11_0;RMAP_157_12_0;RMAP_157_13_0;RMAP_157_15_0
F162_052_00,D07_SAFETY_GOTO,6804,F159_001_00,2,field-and-entrance-resolved,,RMAP_162_1_0;RMAP_162_3_0;RMAP_162_4_0;RMAP_162_9_0;RMAP_162_11_0;RMAP_162_12_0;RMAP_162_14_0;RMAP_162_15_0,RMAP_159_1_0
F162_052_00,D07_SAFETY_GOTO,6811,F159_004_00,20,field-and-entrance-resolved,,RMAP_162_1_0;RMAP_162_3_0;RMAP_162_4_0;RMAP_162_9_0;RMAP_162_11_0;RMAP_162_12_0;RMAP_162_14_0;RMAP_162_15_0,RMAP_159_3_0;RMAP_159_3_1
F162_052_00,D07_SAFETY_GOTO,6815,F159_051_00,11,entrance-id-missing,,RMAP_162_1_0;RMAP_162_3_0;RMAP_162_4_0;RMAP_162_9_0;RMAP_162_11_0;RMAP_162_12_0;RMAP_162_14_0;RMAP_162_15_0,RMAP_159_1_0;RMAP_159_3_0;RMAP_159_3_1;RMAP_159_6_0;RMAP_159_6_1;RMAP_159_6_2;RMAP_159_6_3;RMAP_159_7_0;RMAP_159_7_1;RMAP_159_10_0;RMAP_159_10_1;RMAP_159_11_0;RMAP_159_11_1;RMAP_159_11_2;RMAP_159_11_3
F162_052_00,D07_SAFETY_GOTO,6824,F159_020_00,20,field-and-entrance-resolved,,RMAP_162_1_0;RMAP_162_3_0;RMAP_162_4_0;RMAP_162_9_0;RMAP_162_11_0;RMAP_162_12_0;RMAP_162_14_0;RMAP_162_15_0,RMAP_159_20_0;RMAP_159_20_1
F162_052_00,D07_SAFETY_GOTO,6828,F159_051_00,12,entrance-id-missing,,RMAP_162_1_0;RMAP_162_3_0;RMAP_162_4_0;RMAP_162_9_0;RMAP_162_11_0;RMAP_162_12_0;RMAP_162_14_0;RMAP_162_15_0,RMAP_159_1_0;RMAP_159_3_0;RMAP_159_3_1;RMAP_159_6_0;RMAP_159_6_1;RMAP_159_6_2;RMAP_159_6_3;RMAP_159_7_0;RMAP_159_7_1;RMAP_159_10_0;RMAP_159_10_1;RMAP_159_11_0;RMAP_159_11_1;RMAP_159_11_2;RMAP_159_11_3
F162_052_00,D07_SAFETY_GOTO,6837,F159_010_00,20,field-and-entrance-resolved,,RMAP_162_1_0;RMAP_162_3_0;RMAP_162_4_0;RMAP_162_9_0;RMAP_162_11_0;RMAP_162_12_0;RMAP_162_14_0;RMAP_162_15_0,RMAP_159_10_0;RMAP_159_10_1
F162_052_00,D07_SAFETY_GOTO,6841,F159_051_00,13,entrance-id-missing,,RMAP_162_1_0;RMAP_162_3_0;RMAP_162_4_0;RMAP_162_9_0;RMAP_162_11_0;RMAP_162_12_0;RMAP_162_14_0;RMAP_162_15_0,RMAP_159_1_0;RMAP_159_3_0;RMAP_159_3_1;RMAP_159_6_0;RMAP_159_6_1;RMAP_159_6_2;RMAP_159_6_3;RMAP_159_7_0;RMAP_159_7_1;RMAP_159_10_0;RMAP_159_10_1;RMAP_159_11_0;RMAP_159_11_1;RMAP_159_11_2;RMAP_159_11_3
F162_052_00,D07_SAFETY_GOTO,6850,F159_025_00,20,field-and-entrance-resolved,,RMAP_162_1_0;RMAP_162_3_0;RMAP_162_4_0;RMAP_162_9_0;RMAP_162_11_0;RMAP_162_12_0;RMAP_162_14_0;RMAP_162_15_0,RMAP_159_25_0;RMAP_159_25_1
F162_052_00,D07_SAFETY_GOTO,6854,F159_051_00,17,entrance-id-missing,,RMAP_162_1_0;RMAP_162_3_0;RMAP_162_4_0;RMAP_162_9_0;RMAP_162_11_0;RMAP_162_12_0;RMAP_162_14_0;RMAP_162_15_0,RMAP_159_1_0;RMAP_159_3_0;RMAP_159_3_1;RMAP_159_6_0;RMAP_159_6_1;RMAP_159_6_2;RMAP_159_6_3;RMAP_159_7_0;RMAP_159_7_1;RMAP_159_10_0;RMAP_159_10_1;RMAP_159_11_0;RMAP_159_11_1;RMAP_159_11_2;RMAP_159_11_3
F162_052_00,D07_SAFETY_GOTO,6863,F159_007_00,20,field-and-entrance-resolved,,RMAP_162_1_0;RMAP_162_3_0;RMAP_162_4_0;RMAP_162_9_0;RMAP_162_11_0;RMAP_162_12_0;RMAP_162_14_0;RMAP_162_15_0,RMAP_159_7_0;RMAP_159_7_1
F162_052_00,D07_SAFETY_GOTO,6867,F159_051_00,14,entrance-id-missing,,RMAP_162_1_0;RMAP_162_3_0;RMAP_162_4_0;RMAP_162_9_0;RMAP_162_11_0;RMAP_162_12_0;RMAP_162_14_0;RMAP_162_15_0,RMAP_159_1_0;RMAP_159_3_0;RMAP_159_3_1;RMAP_159_6_0;RMAP_159_6_1;RMAP_159_6_2;RMAP_159_6_3;RMAP_159_7_0;RMAP_159_7_1;RMAP_159_10_0;RMAP_159_10_1;RMAP_159_11_0;RMAP_159_11_1;RMAP_159_11_2;RMAP_159_11_3
F162_052_00,D07_SAFETY_GOTO,6876,F159_006_00,20,field-and-entrance-resolved,,RMAP_162_1_0;RMAP_162_3_0;RMAP_162_4_0;RMAP_162_9_0;RMAP_162_11_0;RMAP_162_12_0;RMAP_162_14_0;RMAP_162_15_0,RMAP_159_6_0;RMAP_159_6_1;RMAP_159_6_2;RMAP_159_6_3
F162_052_00,D07_SAFETY_GOTO,6880,F159_051_00,15,entrance-id-missing,,RMAP_162_1_0;RMAP_162_3_0;RMAP_162_4_0;RMAP_162_9_0;RMAP_162_11_0;RMAP_162_12_0;RMAP_162_14_0;RMAP_162_15_0,RMAP_159_1_0;RMAP_159_3_0;RMAP_159_3_1;RMAP_159_6_0;RMAP_159_6_1;RMAP_159_6_2;RMAP_159_6_3;RMAP_159_7_0;RMAP_159_7_1;RMAP_159_10_0;RMAP_159_10_1;RMAP_159_11_0;RMAP_159_11_1;RMAP_159_11_2;RMAP_159_11_3
F162_052_00,D07_SAFETY_GOTO,6889,F159_011_00,20,field-and-entrance-resolved,,RMAP_162_1_0;RMAP_162_3_0;RMAP_162_4_0;RMAP_162_9_0;RMAP_162_11_0;RMAP_162_12_0;RMAP_162_14_0;RMAP_162_15_0,RMAP_159_11_0;RMAP_159_11_1;RMAP_159_11_2;RMAP_159_11_3;RMAP_159_11_4
F162_052_00,D07_SAFETY_GOTO,6893,,,dynamic-arguments,,RMAP_162_1_0;RMAP_162_3_0;RMAP_162_4_0;RMAP_162_9_0;RMAP_162_11_0;RMAP_162_12_0;RMAP_162_14_0;RMAP_162_15_0,
F162_052_00,D07_SAFETY_GOTO,6902,F159_003_00,20,field-and-entrance-resolved,,RMAP_162_1_0;RMAP_162_3_0;RMAP_162_4_0;RMAP_162_9_0;RMAP_162_11_0;RMAP_162_12_0;RMAP_162_14_0;RMAP_162_15_0,RMAP_159_3_0;RMAP_159_3_1
F162_052_00,D07_SAFETY_GOTO,6906,F159_051_00,18,entrance-id-missing,,RMAP_162_1_0;RMAP_162_3_0;RMAP_162_4_0;RMAP_162_9_0;RMAP_162_11_0;RMAP_162_12_0;RMAP_162_14_0;RMAP_162_15_0,RMAP_159_1_0;RMAP_159_3_0;RMAP_159_3_1;RMAP_159_6_0;RMAP_159_6_1;RMAP_159_6_2;RMAP_159_6_3;RMAP_159_7_0;RMAP_159_7_1;RMAP_159_10_0;RMAP_159_10_1;RMAP_159_11_0;RMAP_159_11_1;RMAP_159_11_2;RMAP_159_11_3
F162_052_00,D08_SAFETY_GOTO,6936,F161_001_00,0,field-and-entrance-resolved,,RMAP_162_1_0;RMAP_162_3_0;RMAP_162_4_0;RMAP_162_9_0;RMAP_162_11_0;RMAP_162_12_0;RMAP_162_14_0;RMAP_162_15_0,RMAP_161_1_0
F162_052_00,D08_SAFETY_GOTO,6943,F161_006_00,20,field-and-entrance-resolved,,RMAP_162_1_0;RMAP_162_3_0;RMAP_162_4_0;RMAP_162_9_0;RMAP_162_11_0;RMAP_162_12_0;RMAP_162_14_0;RMAP_162_15_0,RMAP_161_6_0
F162_052_00,D08_SAFETY_GOTO,6947,F161_051_00,11,entrance-id-missing,,RMAP_162_1_0;RMAP_162_3_0;RMAP_162_4_0;RMAP_162_9_0;RMAP_162_11_0;RMAP_162_12_0;RMAP_162_14_0;RMAP_162_15_0,RMAP_160_1_0;RMAP_160_6_0;RMAP_161_1_0;RMAP_161_6_0;RMAP_161_10_0
F162_052_00,D08_SAFETY_GOTO,6956,F161_010_00,20,field-and-entrance-resolved,,RMAP_162_1_0;RMAP_162_3_0;RMAP_162_4_0;RMAP_162_9_0;RMAP_162_11_0;RMAP_162_12_0;RMAP_162_14_0;RMAP_162_15_0,RMAP_161_10_0
F162_052_00,D08_SAFETY_GOTO,6960,F161_051_00,12,entrance-id-missing,,RMAP_162_1_0;RMAP_162_3_0;RMAP_162_4_0;RMAP_162_9_0;RMAP_162_11_0;RMAP_162_12_0;RMAP_162_14_0;RMAP_162_15_0,RMAP_160_1_0;RMAP_160_6_0;RMAP_161_1_0;RMAP_161_6_0;RMAP_161_10_0
F162_052_00,D08_SAFETY_GOTO,6969,F161_003_00,20,field-and-entrance-resolved,,RMAP_162_1_0;RMAP_162_3_0;RMAP_162_4_0;RMAP_162_9_0;RMAP_162_11_0;RMAP_162_12_0;RMAP_162_14_0;RMAP_162_15_0,RMAP_161_3_0
F162_052_00,D08_SAFETY_GOTO,6973,F161_051_00,13,entrance-id-missing,,RMAP_162_1_0;RMAP_162_3_0;RMAP_162_4_0;RMAP_162_9_0;RMAP_162_11_0;RMAP_162_12_0;RMAP_162_14_0;RMAP_162_15_0,RMAP_160_1_0;RMAP_160_6_0;RMAP_161_1_0;RMAP_161_6_0;RMAP_161_10_0
F162_052_00,D08_SAFETY_GOTO,6982,F161_008_00,20,field-and-entrance-resolved,,RMAP_162_1_0;RMAP_162_3_0;RMAP_162_4_0;RMAP_162_9_0;RMAP_162_11_0;RMAP_162_12_0;RMAP_162_14_0;RMAP_162_15_0,RMAP_161_8_0
F162_052_00,D08_SAFETY_GOTO,6986,F161_051_00,14,entrance-id-missing,,RMAP_162_1_0;RMAP_162_3_0;RMAP_162_4_0;RMAP_162_9_0;RMAP_162_11_0;RMAP_162_12_0;RMAP_162_14_0;RMAP_162_15_0,RMAP_160_1_0;RMAP_160_6_0;RMAP_161_1_0;RMAP_161_6_0;RMAP_161_10_0
F162_052_00,LAST_SAFETY_GOTO,7016,F160_001_00,0,field-and-entrance-resolved,,RMAP_162_1_0;RMAP_162_3_0;RMAP_162_4_0;RMAP_162_9_0;RMAP_162_11_0;RMAP_162_12_0;RMAP_162_14_0;RMAP_162_15_0,RMAP_160_1_0
F162_052_00,LAST_SAFETY_GOTO,7023,F160_006_00,0,field-and-entrance-resolved,,RMAP_162_1_0;RMAP_162_3_0;RMAP_162_4_0;RMAP_162_9_0;RMAP_162_11_0;RMAP_162_12_0;RMAP_162_14_0;RMAP_162_15_0,RMAP_160_6_0
F162_052_00,LAST_SAFETY_GOTO,7027,F160_006_00,0,field-and-entrance-resolved,,RMAP_162_1_0;RMAP_162_3_0;RMAP_162_4_0;RMAP_162_9_0;RMAP_162_11_0;RMAP_162_12_0;RMAP_162_14_0;RMAP_162_15_0,RMAP_160_6_0
F162_052_00,D10_SAFETY_GOTO,7057,F162_001_00,20,field-and-entrance-resolved,"0,3,4",RMAP_162_1_0;RMAP_162_3_0;RMAP_162_4_0;RMAP_162_9_0;RMAP_162_11_0;RMAP_162_12_0;RMAP_162_14_0;RMAP_162_15_0,RMAP_162_1_0
F162_052_00,D10_SAFETY_GOTO,7064,F162_003_00,20,field-and-entrance-resolved,"0,3,4",RMAP_162_1_0;RMAP_162_3_0;RMAP_162_4_0;RMAP_162_9_0;RMAP_162_11_0;RMAP_162_12_0;RMAP_162_14_0;RMAP_162_15_0,RMAP_162_3_0;RMAP_162_3_1
F162_052_00,D10_SAFETY_GOTO,7068,F162_051_00,11,entrance-id-missing,"0,3,4",RMAP_162_1_0;RMAP_162_3_0;RMAP_162_4_0;RMAP_162_9_0;RMAP_162_11_0;RMAP_162_12_0;RMAP_162_14_0;RMAP_162_15_0,RMAP_162_1_0;RMAP_162_3_0;RMAP_162_4_0;RMAP_162_9_0;RMAP_162_11_0;RMAP_162_12_0;RMAP_162_14_0;RMAP_162_15_0
F162_052_00,D10_SAFETY_GOTO,7077,F162_009_00,20,field-and-entrance-resolved,"0,3,4",RMAP_162_1_0;RMAP_162_3_0;RMAP_162_4_0;RMAP_162_9_0;RMAP_162_11_0;RMAP_162_12_0;RMAP_162_14_0;RMAP_162_15_0,RMAP_162_9_0;RMAP_162_9_1;RMAP_162_9_2;RMAP_162_9_3;RMAP_162_9_4
F162_052_00,D10_SAFETY_GOTO,7081,F162_051_00,12,entrance-id-missing,"0,3,4",RMAP_162_1_0;RMAP_162_3_0;RMAP_162_4_0;RMAP_162_9_0;RMAP_162_11_0;RMAP_162_12_0;RMAP_162_14_0;RMAP_162_15_0,RMAP_162_1_0;RMAP_162_3_0;RMAP_162_4_0;RMAP_162_9_0;RMAP_162_11_0;RMAP_162_12_0;RMAP_162_14_0;RMAP_162_15_0
F162_052_00,D10_SAFETY_GOTO,7090,F162_014_00,20,field-and-entrance-resolved,"0,3,4",RMAP_162_1_0;RMAP_162_3_0;RMAP_162_4_0;RMAP_162_9_0;RMAP_162_11_0;RMAP_162_12_0;RMAP_162_14_0;RMAP_162_15_0,RMAP_162_14_0;RMAP_162_14_1;RMAP_162_14_2;RMAP_162_14_3
F162_052_00,D10_SAFETY_GOTO,7094,F162_052_00,13,entrance-id-missing,"0,3,4",RMAP_162_1_0;RMAP_162_3_0;RMAP_162_4_0;RMAP_162_9_0;RMAP_162_11_0;RMAP_162_12_0;RMAP_162_14_0;RMAP_162_15_0,RMAP_162_1_0;RMAP_162_3_0;RMAP_162_4_0;RMAP_162_9_0;RMAP_162_11_0;RMAP_162_12_0;RMAP_162_14_0;RMAP_162_15_0
F162_052_00,D10_SAFETY_GOTO,7103,F162_015_00,20,field-and-entrance-resolved,"0,3,4",RMAP_162_1_0;RMAP_162_3_0;RMAP_162_4_0;RMAP_162_9_0;RMAP_162_11_0;RMAP_162_12_0;RMAP_162_14_0;RMAP_162_15_0,RMAP_162_15_0;RMAP_162_15_1;RMAP_162_15_2
F162_052_00,D10_SAFETY_GOTO,7107,F162_052_00,14,entrance-id-missing,"0,3,4",RMAP_162_1_0;RMAP_162_3_0;RMAP_162_4_0;RMAP_162_9_0;RMAP_162_11_0;RMAP_162_12_0;RMAP_162_14_0;RMAP_162_15_0,RMAP_162_1_0;RMAP_162_3_0;RMAP_162_4_0;RMAP_162_9_0;RMAP_162_11_0;RMAP_162_12_0;RMAP_162_14_0;RMAP_162_15_0
F162_052_00,D10_SAFETY_GOTO,7116,F162_012_00,20,field-and-entrance-resolved,"0,3,4",RMAP_162_1_0;RMAP_162_3_0;RMAP_162_4_0;RMAP_162_9_0;RMAP_162_11_0;RMAP_162_12_0;RMAP_162_14_0;RMAP_162_15_0,RMAP_162_12_0;RMAP_162_12_1
F162_052_00,D10_SAFETY_GOTO,7120,F162_052_00,15,entrance-id-missing,"0,3,4",RMAP_162_1_0;RMAP_162_3_0;RMAP_162_4_0;RMAP_162_9_0;RMAP_162_11_0;RMAP_162_12_0;RMAP_162_14_0;RMAP_162_15_0,RMAP_162_1_0;RMAP_162_3_0;RMAP_162_4_0;RMAP_162_9_0;RMAP_162_11_0;RMAP_162_12_0;RMAP_162_14_0;RMAP_162_15_0
F162_052_00,D10_SAFETY_GOTO,7129,F162_005_00,20,entrance-id-missing,"0,3,4",RMAP_162_1_0;RMAP_162_3_0;RMAP_162_4_0;RMAP_162_9_0;RMAP_162_11_0;RMAP_162_12_0;RMAP_162_14_0;RMAP_162_15_0,RMAP_162_5_0
F162_052_00,D10_SAFETY_GOTO,7133,,,dynamic-arguments,"0,3,4",RMAP_162_1_0;RMAP_162_3_0;RMAP_162_4_0;RMAP_162_9_0;RMAP_162_11_0;RMAP_162_12_0;RMAP_162_14_0;RMAP_162_15_0,
F162_052_00,D10_SAFETY_GOTO,7142,,,dynamic-arguments,"0,3,4",RMAP_162_1_0;RMAP_162_3_0;RMAP_162_4_0;RMAP_162_9_0;RMAP_162_11_0;RMAP_162_12_0;RMAP_162_14_0;RMAP_162_15_0,
F162_052_00,D10_SAFETY_GOTO,7146,F162_052_00,17,entrance-id-missing,"0,3,4",RMAP_162_1_0;RMAP_162_3_0;RMAP_162_4_0;RMAP_162_9_0;RMAP_162_11_0;RMAP_162_12_0;RMAP_162_14_0;RMAP_162_15_0,RMAP_162_1_0;RMAP_162_3_0;RMAP_162_4_0;RMAP_162_9_0;RMAP_162_11_0;RMAP_162_12_0;RMAP_162_14_0;RMAP_162_15_0
F162_052_00,D10_SAFETY_GOTO,7155,F162_002_00,20,field-and-entrance-resolved,"0,3,4",RMAP_162_1_0;RMAP_162_3_0;RMAP_162_4_0;RMAP_162_9_0;RMAP_162_11_0;RMAP_162_12_0;RMAP_162_14_0;RMAP_162_15_0,RMAP_162_2_0;RMAP_162_2_1;RMAP_162_2_2;RMAP_162_2_3
F162_052_00,D10_SAFETY_GOTO,7159,F162_051_00,18,entrance-id-missing,"0,3,4",RMAP_162_1_0;RMAP_162_3_0;RMAP_162_4_0;RMAP_162_9_0;RMAP_162_11_0;RMAP_162_12_0;RMAP_162_14_0;RMAP_162_15_0,RMAP_162_1_0;RMAP_162_3_0;RMAP_162_4_0;RMAP_162_9_0;RMAP_162_11_0;RMAP_162_12_0;RMAP_162_14_0;RMAP_162_15_0
F162_052_00,D10_SAFETY_GOTO,7168,F162_011_00,20,field-and-entrance-resolved,"0,3,4",RMAP_162_1_0;RMAP_162_3_0;RMAP_162_4_0;RMAP_162_9_0;RMAP_162_11_0;RMAP_162_12_0;RMAP_162_14_0;RMAP_162_15_0,RMAP_162_11_0;RMAP_162_11_1;RMAP_162_11_2
F162_052_00,D10_SAFETY_GOTO,7172,F162_052_00,19,entrance-id-missing,"0,3,4",RMAP_162_1_0;RMAP_162_3_0;RMAP_162_4_0;RMAP_162_9_0;RMAP_162_11_0;RMAP_162_12_0;RMAP_162_14_0;RMAP_162_15_0,RMAP_162_1_0;RMAP_162_3_0;RMAP_162_4_0;RMAP_162_9_0;RMAP_162_11_0;RMAP_162_12_0;RMAP_162_14_0;RMAP_162_15_0
F190_001_00,GOTO_SHOP,310,,,dynamic-arguments,0,RMAP_190_1_0,
F190_001_00,D_VELVET_ROOM,2769,F010_003_00,0,field-and-entrance-resolved,2,RMAP_190_1_0,RMAP_001_1_0
F190_001_00,DUNGEON_EXIT_DEBUG,3123,F001_006_00,50,entrance-id-missing,0,RMAP_190_1_0,RMAP_001_5_0
F190_001_00,DUNGEON_EXIT_DEBUG_EX,3130,F190_001_00,0,field-and-entrance-resolved,0,RMAP_190_1_0,RMAP_190_1_0
F191_011_00,DUNGEON_EXIT_DEBUG,802,F190_001_00,0,field-and-entrance-resolved,4,RMAP_190_2_0,RMAP_190_1_0
F191_021_00,QUEST_EXIT_OK_MES_SET,1133,F190_001_00,1,field-and-entrance-resolved,,,RMAP_190_1_0
F191_025_00,QUEST_EXIT_OK_MES_SET,1236,F190_001_00,1,field-and-entrance-resolved,,,RMAP_190_1_0
F191_050_00,DUNGEON_EXIT_DEBUG,713,F003_002_01,50,field-and-entrance-resolved,1,,RMAP_009_2_0
F191_065_00,GOTO_ENTRANCE_ACTION,4917,F151_001_00,2,field-and-entrance-resolved,4,RMAP_190_51_0,RMAP_151_1_0;RMAP_151_1_1
F191_065_00,GOTO_ENTRANCE_ACTION,4921,F153_001_00,2,field-and-entrance-resolved,4,RMAP_190_51_0,RMAP_153_1_0
F191_065_00,GOTO_ENTRANCE_ACTION,4925,F154_001_00,2,field-and-entrance-resolved,4,RMAP_190_51_0,RMAP_154_1_0
F191_065_00,GOTO_ENTRANCE_ACTION,4929,F155_001_00,5,field-and-entrance-resolved,4,RMAP_190_51_0,RMAP_155_1_0
F191_065_00,GOTO_ENTRANCE_ACTION,4933,F156_001_00,2,field-and-entrance-resolved,4,RMAP_190_51_0,RMAP_156_1_0
F191_065_00,GOTO_ENTRANCE_ACTION,4937,F157_001_00,2,field-and-entrance-resolved,4,RMAP_190_51_0,RMAP_157_1_0;RMAP_157_1_1
F191_065_00,GOTO_ENTRANCE_ACTION,4941,F159_001_00,2,field-and-entrance-resolved,4,RMAP_190_51_0,RMAP_159_1_0
F191_065_00,GOTO_ENTRANCE_ACTION,4945,F161_001_00,0,field-and-entrance-resolved,4,RMAP_190_51_0,RMAP_161_1_0
F191_065_00,GOTO_ENTRANCE_ACTION,4949,F162_001_00,20,field-and-entrance-resolved,4,RMAP_190_51_0,RMAP_162_1_0
F191_065_00,GOTO_M_ENTRANCE_ACTION,4966,F190_001_00,1,field-and-entrance-resolved,4,RMAP_190_51_0,RMAP_190_1_0
F191_065_00,DEBUG_GOTO_FIELD,5332,F002_005_00,10,field-and-entrance-resolved,,RMAP_190_51_0,RMAP_002_5_0
F191_065_00,DEBUG_GOTO_FIELD,5336,F001_006_00,10,field-and-entrance-resolved,,RMAP_190_51_0,RMAP_001_5_0
F191_065_00,DEBUG_GOTO_FIELD,5340,F001_006_00,10,field-and-entrance-resolved,,RMAP_190_51_0,RMAP_001_5_0
F191_065_00,DEBUG_GOTO_FIELD,5344,F003_002_01,50,field-and-entrance-resolved,,RMAP_190_51_0,RMAP_009_2_0
F191_065_00,DEBUG_GOTO_FIELD,5348,F003_002_01,50,field-and-entrance-resolved,,RMAP_190_51_0,RMAP_009_2_0
F191_065_00,DEBUG_GOTO_FIELD,5352,F003_002_01,50,field-and-entrance-resolved,,RMAP_190_51_0,RMAP_009_2_0
F191_065_00,DEBUG_GOTO_FIELD,5356,F003_002_00,51,field-and-entrance-resolved,,RMAP_190_51_0,RMAP_009_2_0
F191_065_00,DEBUG_GOTO_FIELD,5360,F003_002_00,51,field-and-entrance-resolved,,RMAP_190_51_0,RMAP_009_2_0
F191_065_00,DEBUG_GOTO_FIELD,5364,F003_002_00,51,field-and-entrance-resolved,,RMAP_190_51_0,RMAP_009_2_0
F191_065_00,DEBUG_GOTO_FIELD,5368,F003_002_00,51,field-and-entrance-resolved,,RMAP_190_51_0,RMAP_009_2_0
F191_065_00,goto_meme_back,6723,F190_001_00,1,field-and-entrance-resolved,"0,1,2,3",RMAP_190_51_0,RMAP_190_1_0
F191_071_00,QUEST_EXIT_OK_MES_SET,1133,F190_001_00,1,field-and-entrance-resolved,,,RMAP_190_1_0
F192_015_00,GOTO_ENTRANCE_ACTION,4896,F151_001_00,2,field-and-entrance-resolved,4,RMAP_190_51_0,RMAP_151_1_0;RMAP_151_1_1
F192_015_00,GOTO_ENTRANCE_ACTION,4900,F153_001_00,2,field-and-entrance-resolved,4,RMAP_190_51_0,RMAP_153_1_0
F192_015_00,GOTO_ENTRANCE_ACTION,4904,F154_001_00,2,field-and-entrance-resolved,4,RMAP_190_51_0,RMAP_154_1_0
F192_015_00,GOTO_ENTRANCE_ACTION,4908,F155_001_00,5,field-and-entrance-resolved,4,RMAP_190_51_0,RMAP_155_1_0
F192_015_00,GOTO_ENTRANCE_ACTION,4912,F156_001_00,2,field-and-entrance-resolved,4,RMAP_190_51_0,RMAP_156_1_0
F192_015_00,GOTO_ENTRANCE_ACTION,4916,F157_001_00,2,field-and-entrance-resolved,4,RMAP_190_51_0,RMAP_157_1_0;RMAP_157_1_1
F192_015_00,GOTO_ENTRANCE_ACTION,4920,F159_001_00,2,field-and-entrance-resolved,4,RMAP_190_51_0,RMAP_159_1_0
F192_015_00,GOTO_ENTRANCE_ACTION,4924,F161_001_00,0,field-and-entrance-resolved,4,RMAP_190_51_0,RMAP_161_1_0
F192_015_00,GOTO_ENTRANCE_ACTION,4928,F162_001_00,20,field-and-entrance-resolved,4,RMAP_190_51_0,RMAP_162_1_0
F192_015_00,GOTO_M_ENTRANCE_ACTION,4945,F190_001_00,1,field-and-entrance-resolved,4,RMAP_190_51_0,RMAP_190_1_0
F192_015_00,DEBUG_GOTO_FIELD,5311,F002_005_00,10,field-and-entrance-resolved,,RMAP_190_51_0,RMAP_002_5_0
F192_015_00,DEBUG_GOTO_FIELD,5315,F001_006_00,10,field-and-entrance-resolved,,RMAP_190_51_0,RMAP_001_5_0
F192_015_00,DEBUG_GOTO_FIELD,5319,F001_006_00,10,field-and-entrance-resolved,,RMAP_190_51_0,RMAP_001_5_0
F192_015_00,DEBUG_GOTO_FIELD,5323,F003_002_01,50,field-and-entrance-resolved,,RMAP_190_51_0,RMAP_009_2_0
F192_015_00,DEBUG_GOTO_FIELD,5327,F003_002_01,50,field-and-entrance-resolved,,RMAP_190_51_0,RMAP_009_2_0
F192_015_00,DEBUG_GOTO_FIELD,5331,F003_002_01,50,field-and-entrance-resolved,,RMAP_190_51_0,RMAP_009_2_0
F192_015_00,DEBUG_GOTO_FIELD,5335,F003_002_00,51,field-and-entrance-resolved,,RMAP_190_51_0,RMAP_009_2_0
F192_015_00,DEBUG_GOTO_FIELD,5339,F003_002_00,51,field-and-entrance-resolved,,RMAP_190_51_0,RMAP_009_2_0
F192_015_00,DEBUG_GOTO_FIELD,5343,F003_002_00,51,field-and-entrance-resolved,,RMAP_190_51_0,RMAP_009_2_0
F192_015_00,DEBUG_GOTO_FIELD,5347,F003_002_00,51,field-and-entrance-resolved,,RMAP_190_51_0,RMAP_009_2_0
F192_015_00,goto_meme_back,6702,F190_001_00,1,field-and-entrance-resolved,"0,1,2,3",RMAP_190_51_0,RMAP_190_1_0
F192_021_00,QUEST_EXIT_OK_MES_SET,1133,F190_001_00,1,field-and-entrance-resolved,,,RMAP_190_1_0
F192_061_00,GO_TO_161_01,61,F161_001_00,0,field-and-entrance-resolved,2,RMAP_190_61_0,RMAP_161_1_0
F192_061_00,GO_TO_161_01,74,F161_001_00,0,field-and-entrance-resolved,2,RMAP_190_61_0,RMAP_161_1_0
F192_061_00,GO_TO_161_01_GENERIC,107,F161_001_00,0,field-and-entrance-resolved,3,RMAP_190_61_0,RMAP_161_1_0
F193_015_00,GOTO_ENTRANCE_ACTION,4896,F151_001_00,2,field-and-entrance-resolved,4,RMAP_190_51_0,RMAP_151_1_0;RMAP_151_1_1
F193_015_00,GOTO_ENTRANCE_ACTION,4900,F153_001_00,2,field-and-entrance-resolved,4,RMAP_190_51_0,RMAP_153_1_0
F193_015_00,GOTO_ENTRANCE_ACTION,4904,F154_001_00,2,field-and-entrance-resolved,4,RMAP_190_51_0,RMAP_154_1_0
F193_015_00,GOTO_ENTRANCE_ACTION,4908,F155_001_00,5,field-and-entrance-resolved,4,RMAP_190_51_0,RMAP_155_1_0
F193_015_00,GOTO_ENTRANCE_ACTION,4912,F156_001_00,2,field-and-entrance-resolved,4,RMAP_190_51_0,RMAP_156_1_0
F193_015_00,GOTO_ENTRANCE_ACTION,4916,F157_001_00,2,field-and-entrance-resolved,4,RMAP_190_51_0,RMAP_157_1_0;RMAP_157_1_1
F193_015_00,GOTO_ENTRANCE_ACTION,4920,F159_001_00,2,field-and-entrance-resolved,4,RMAP_190_51_0,RMAP_159_1_0
F193_015_00,GOTO_ENTRANCE_ACTION,4924,F161_001_00,0,field-and-entrance-resolved,4,RMAP_190_51_0,RMAP_161_1_0
F193_015_00,GOTO_ENTRANCE_ACTION,4928,F162_001_00,20,field-and-entrance-resolved,4,RMAP_190_51_0,RMAP_162_1_0
F193_015_00,GOTO_M_ENTRANCE_ACTION,4945,F190_001_00,1,field-and-entrance-resolved,4,RMAP_190_51_0,RMAP_190_1_0
F193_015_00,DEBUG_GOTO_FIELD,5311,F002_005_00,10,field-and-entrance-resolved,,RMAP_190_51_0,RMAP_002_5_0
F193_015_00,DEBUG_GOTO_FIELD,5315,F001_006_00,10,field-and-entrance-resolved,,RMAP_190_51_0,RMAP_001_5_0
F193_015_00,DEBUG_GOTO_FIELD,5319,F001_006_00,10,field-and-entrance-resolved,,RMAP_190_51_0,RMAP_001_5_0
F193_015_00,DEBUG_GOTO_FIELD,5323,F003_002_01,50,field-and-entrance-resolved,,RMAP_190_51_0,RMAP_009_2_0
F193_015_00,DEBUG_GOTO_FIELD,5327,F003_002_01,50,field-and-entrance-resolved,,RMAP_190_51_0,RMAP_009_2_0
F193_015_00,DEBUG_GOTO_FIELD,5331,F003_002_01,50,field-and-entrance-resolved,,RMAP_190_51_0,RMAP_009_2_0
F193_015_00,DEBUG_GOTO_FIELD,5335,F003_002_00,51,field-and-entrance-resolved,,RMAP_190_51_0,RMAP_009_2_0
F193_015_00,DEBUG_GOTO_FIELD,5339,F003_002_00,51,field-and-entrance-resolved,,RMAP_190_51_0,RMAP_009_2_0
F193_015_00,DEBUG_GOTO_FIELD,5343,F003_002_00,51,field-and-entrance-resolved,,RMAP_190_51_0,RMAP_009_2_0
F193_015_00,DEBUG_GOTO_FIELD,5347,F003_002_00,51,field-and-entrance-resolved,,RMAP_190_51_0,RMAP_009_2_0
F193_015_00,goto_meme_back,6702,F190_001_00,1,field-and-entrance-resolved,"0,1,2,3",RMAP_190_51_0,RMAP_190_1_0
F193_021_00,QUEST_EXIT_OK_MES_SET,1133,F190_001_00,1,field-and-entrance-resolved,,,RMAP_190_1_0
F193_065_00,GOTO_ENTRANCE_ACTION,4896,F151_001_00,2,field-and-entrance-resolved,4,RMAP_190_51_0,RMAP_151_1_0;RMAP_151_1_1
F193_065_00,GOTO_ENTRANCE_ACTION,4900,F153_001_00,2,field-and-entrance-resolved,4,RMAP_190_51_0,RMAP_153_1_0
F193_065_00,GOTO_ENTRANCE_ACTION,4904,F154_001_00,2,field-and-entrance-resolved,4,RMAP_190_51_0,RMAP_154_1_0
F193_065_00,GOTO_ENTRANCE_ACTION,4908,F155_001_00,5,field-and-entrance-resolved,4,RMAP_190_51_0,RMAP_155_1_0
F193_065_00,GOTO_ENTRANCE_ACTION,4912,F156_001_00,2,field-and-entrance-resolved,4,RMAP_190_51_0,RMAP_156_1_0
F193_065_00,GOTO_ENTRANCE_ACTION,4916,F157_001_00,2,field-and-entrance-resolved,4,RMAP_190_51_0,RMAP_157_1_0;RMAP_157_1_1
F193_065_00,GOTO_ENTRANCE_ACTION,4920,F159_001_00,2,field-and-entrance-resolved,4,RMAP_190_51_0,RMAP_159_1_0
F193_065_00,GOTO_ENTRANCE_ACTION,4924,F161_001_00,0,field-and-entrance-resolved,4,RMAP_190_51_0,RMAP_161_1_0
F193_065_00,GOTO_ENTRANCE_ACTION,4928,F162_001_00,20,field-and-entrance-resolved,4,RMAP_190_51_0,RMAP_162_1_0
F193_065_00,GOTO_M_ENTRANCE_ACTION,4945,F190_001_00,1,field-and-entrance-resolved,4,RMAP_190_51_0,RMAP_190_1_0
F193_065_00,DEBUG_GOTO_FIELD,5311,F002_005_00,10,field-and-entrance-resolved,,RMAP_190_51_0,RMAP_002_5_0
F193_065_00,DEBUG_GOTO_FIELD,5315,F001_006_00,10,field-and-entrance-resolved,,RMAP_190_51_0,RMAP_001_5_0
F193_065_00,DEBUG_GOTO_FIELD,5319,F001_006_00,10,field-and-entrance-resolved,,RMAP_190_51_0,RMAP_001_5_0
F193_065_00,DEBUG_GOTO_FIELD,5323,F003_002_01,50,field-and-entrance-resolved,,RMAP_190_51_0,RMAP_009_2_0
F193_065_00,DEBUG_GOTO_FIELD,5327,F003_002_01,50,field-and-entrance-resolved,,RMAP_190_51_0,RMAP_009_2_0
F193_065_00,DEBUG_GOTO_FIELD,5331,F003_002_01,50,field-and-entrance-resolved,,RMAP_190_51_0,RMAP_009_2_0
F193_065_00,DEBUG_GOTO_FIELD,5335,F003_002_00,51,field-and-entrance-resolved,,RMAP_190_51_0,RMAP_009_2_0
F193_065_00,DEBUG_GOTO_FIELD,5339,F003_002_00,51,field-and-entrance-resolved,,RMAP_190_51_0,RMAP_009_2_0
F193_065_00,DEBUG_GOTO_FIELD,5343,F003_002_00,51,field-and-entrance-resolved,,RMAP_190_51_0,RMAP_009_2_0
F193_065_00,DEBUG_GOTO_FIELD,5347,F003_002_00,51,field-and-entrance-resolved,,RMAP_190_51_0,RMAP_009_2_0
F193_065_00,goto_meme_back,6702,F190_001_00,1,field-and-entrance-resolved,"0,1,2,3",RMAP_190_51_0,RMAP_190_1_0
F193_071_00,QUEST_EXIT_OK_MES_SET,1133,F190_001_00,1,field-and-entrance-resolved,,,RMAP_190_1_0
F194_015_00,GOTO_ENTRANCE_ACTION,4896,F151_001_00,2,field-and-entrance-resolved,4,RMAP_190_51_0,RMAP_151_1_0;RMAP_151_1_1
F194_015_00,GOTO_ENTRANCE_ACTION,4900,F153_001_00,2,field-and-entrance-resolved,4,RMAP_190_51_0,RMAP_153_1_0
F194_015_00,GOTO_ENTRANCE_ACTION,4904,F154_001_00,2,field-and-entrance-resolved,4,RMAP_190_51_0,RMAP_154_1_0
F194_015_00,GOTO_ENTRANCE_ACTION,4908,F155_001_00,5,field-and-entrance-resolved,4,RMAP_190_51_0,RMAP_155_1_0
F194_015_00,GOTO_ENTRANCE_ACTION,4912,F156_001_00,2,field-and-entrance-resolved,4,RMAP_190_51_0,RMAP_156_1_0
F194_015_00,GOTO_ENTRANCE_ACTION,4916,F157_001_00,2,field-and-entrance-resolved,4,RMAP_190_51_0,RMAP_157_1_0;RMAP_157_1_1
F194_015_00,GOTO_ENTRANCE_ACTION,4920,F159_001_00,2,field-and-entrance-resolved,4,RMAP_190_51_0,RMAP_159_1_0
F194_015_00,GOTO_ENTRANCE_ACTION,4924,F161_001_00,0,field-and-entrance-resolved,4,RMAP_190_51_0,RMAP_161_1_0
F194_015_00,GOTO_ENTRANCE_ACTION,4928,F162_001_00,20,field-and-entrance-resolved,4,RMAP_190_51_0,RMAP_162_1_0
F194_015_00,GOTO_M_ENTRANCE_ACTION,4945,F190_001_00,1,field-and-entrance-resolved,4,RMAP_190_51_0,RMAP_190_1_0
F194_015_00,DEBUG_GOTO_FIELD,5311,F002_005_00,10,field-and-entrance-resolved,,RMAP_190_51_0,RMAP_002_5_0
F194_015_00,DEBUG_GOTO_FIELD,5315,F001_006_00,10,field-and-entrance-resolved,,RMAP_190_51_0,RMAP_001_5_0
F194_015_00,DEBUG_GOTO_FIELD,5319,F001_006_00,10,field-and-entrance-resolved,,RMAP_190_51_0,RMAP_001_5_0
F194_015_00,DEBUG_GOTO_FIELD,5323,F003_002_01,50,field-and-entrance-resolved,,RMAP_190_51_0,RMAP_009_2_0
F194_015_00,DEBUG_GOTO_FIELD,5327,F003_002_01,50,field-and-entrance-resolved,,RMAP_190_51_0,RMAP_009_2_0
F194_015_00,DEBUG_GOTO_FIELD,5331,F003_002_01,50,field-and-entrance-resolved,,RMAP_190_51_0,RMAP_009_2_0
F194_015_00,DEBUG_GOTO_FIELD,5335,F003_002_00,51,field-and-entrance-resolved,,RMAP_190_51_0,RMAP_009_2_0
F194_015_00,DEBUG_GOTO_FIELD,5339,F003_002_00,51,field-and-entrance-resolved,,RMAP_190_51_0,RMAP_009_2_0
F194_015_00,DEBUG_GOTO_FIELD,5343,F003_002_00,51,field-and-entrance-resolved,,RMAP_190_51_0,RMAP_009_2_0
F194_015_00,DEBUG_GOTO_FIELD,5347,F003_002_00,51,field-and-entrance-resolved,,RMAP_190_51_0,RMAP_009_2_0
F194_015_00,goto_meme_back,6702,F190_001_00,1,field-and-entrance-resolved,"0,1,2,3",RMAP_190_51_0,RMAP_190_1_0
F194_021_00,QUEST_EXIT_OK_MES_SET,1133,F190_001_00,1,field-and-entrance-resolved,,,RMAP_190_1_0
F194_065_00,GOTO_ENTRANCE_ACTION,4896,F151_001_00,2,field-and-entrance-resolved,4,RMAP_190_51_0,RMAP_151_1_0;RMAP_151_1_1
F194_065_00,GOTO_ENTRANCE_ACTION,4900,F153_001_00,2,field-and-entrance-resolved,4,RMAP_190_51_0,RMAP_153_1_0
F194_065_00,GOTO_ENTRANCE_ACTION,4904,F154_001_00,2,field-and-entrance-resolved,4,RMAP_190_51_0,RMAP_154_1_0
F194_065_00,GOTO_ENTRANCE_ACTION,4908,F155_001_00,5,field-and-entrance-resolved,4,RMAP_190_51_0,RMAP_155_1_0
F194_065_00,GOTO_ENTRANCE_ACTION,4912,F156_001_00,2,field-and-entrance-resolved,4,RMAP_190_51_0,RMAP_156_1_0
F194_065_00,GOTO_ENTRANCE_ACTION,4916,F157_001_00,2,field-and-entrance-resolved,4,RMAP_190_51_0,RMAP_157_1_0;RMAP_157_1_1
F194_065_00,GOTO_ENTRANCE_ACTION,4920,F159_001_00,2,field-and-entrance-resolved,4,RMAP_190_51_0,RMAP_159_1_0
F194_065_00,GOTO_ENTRANCE_ACTION,4924,F161_001_00,0,field-and-entrance-resolved,4,RMAP_190_51_0,RMAP_161_1_0
F194_065_00,GOTO_ENTRANCE_ACTION,4928,F162_001_00,20,field-and-entrance-resolved,4,RMAP_190_51_0,RMAP_162_1_0
F194_065_00,GOTO_M_ENTRANCE_ACTION,4945,F190_001_00,1,field-and-entrance-resolved,4,RMAP_190_51_0,RMAP_190_1_0
F194_065_00,DEBUG_GOTO_FIELD,5311,F002_005_00,10,field-and-entrance-resolved,,RMAP_190_51_0,RMAP_002_5_0
F194_065_00,DEBUG_GOTO_FIELD,5315,F001_006_00,10,field-and-entrance-resolved,,RMAP_190_51_0,RMAP_001_5_0
F194_065_00,DEBUG_GOTO_FIELD,5319,F001_006_00,10,field-and-entrance-resolved,,RMAP_190_51_0,RMAP_001_5_0
F194_065_00,DEBUG_GOTO_FIELD,5323,F003_002_01,50,field-and-entrance-resolved,,RMAP_190_51_0,RMAP_009_2_0
F194_065_00,DEBUG_GOTO_FIELD,5327,F003_002_01,50,field-and-entrance-resolved,,RMAP_190_51_0,RMAP_009_2_0
F194_065_00,DEBUG_GOTO_FIELD,5331,F003_002_01,50,field-and-entrance-resolved,,RMAP_190_51_0,RMAP_009_2_0
F194_065_00,DEBUG_GOTO_FIELD,5335,F003_002_00,51,field-and-entrance-resolved,,RMAP_190_51_0,RMAP_009_2_0
F194_065_00,DEBUG_GOTO_FIELD,5339,F003_002_00,51,field-and-entrance-resolved,,RMAP_190_51_0,RMAP_009_2_0
F194_065_00,DEBUG_GOTO_FIELD,5343,F003_002_00,51,field-and-entrance-resolved,,RMAP_190_51_0,RMAP_009_2_0
F194_065_00,DEBUG_GOTO_FIELD,5347,F003_002_00,51,field-and-entrance-resolved,,RMAP_190_51_0,RMAP_009_2_0
F194_065_00,goto_meme_back,6702,F190_001_00,1,field-and-entrance-resolved,"0,1,2,3",RMAP_190_51_0,RMAP_190_1_0
F194_071_00,QUEST_EXIT_OK_MES_SET,1133,F190_001_00,1,field-and-entrance-resolved,,,RMAP_190_1_0
F194_073_00,QUEST_EXIT_OK_MES_SET,1133,F190_001_00,1,field-and-entrance-resolved,,,RMAP_190_1_0
F195_015_00,GOTO_ENTRANCE_ACTION,4900,F151_001_00,2,field-and-entrance-resolved,4,RMAP_190_51_0,RMAP_151_1_0;RMAP_151_1_1
F195_015_00,GOTO_ENTRANCE_ACTION,4904,F153_001_00,2,field-and-entrance-resolved,4,RMAP_190_51_0,RMAP_153_1_0
F195_015_00,GOTO_ENTRANCE_ACTION,4908,F154_001_00,2,field-and-entrance-resolved,4,RMAP_190_51_0,RMAP_154_1_0
F195_015_00,GOTO_ENTRANCE_ACTION,4912,F155_001_00,5,field-and-entrance-resolved,4,RMAP_190_51_0,RMAP_155_1_0
F195_015_00,GOTO_ENTRANCE_ACTION,4916,F156_001_00,2,field-and-entrance-resolved,4,RMAP_190_51_0,RMAP_156_1_0
F195_015_00,GOTO_ENTRANCE_ACTION,4920,F157_001_00,2,field-and-entrance-resolved,4,RMAP_190_51_0,RMAP_157_1_0;RMAP_157_1_1
F195_015_00,GOTO_ENTRANCE_ACTION,4924,F159_001_00,2,field-and-entrance-resolved,4,RMAP_190_51_0,RMAP_159_1_0
F195_015_00,GOTO_ENTRANCE_ACTION,4928,F161_001_00,0,field-and-entrance-resolved,4,RMAP_190_51_0,RMAP_161_1_0
F195_015_00,GOTO_ENTRANCE_ACTION,4932,F162_001_00,20,field-and-entrance-resolved,4,RMAP_190_51_0,RMAP_162_1_0
F195_015_00,GOTO_M_ENTRANCE_ACTION,4949,F190_001_00,1,field-and-entrance-resolved,4,RMAP_190_51_0,RMAP_190_1_0
F195_015_00,DEBUG_GOTO_FIELD,5315,F002_005_00,10,field-and-entrance-resolved,,RMAP_190_51_0,RMAP_002_5_0
F195_015_00,DEBUG_GOTO_FIELD,5319,F001_006_00,10,field-and-entrance-resolved,,RMAP_190_51_0,RMAP_001_5_0
F195_015_00,DEBUG_GOTO_FIELD,5323,F001_006_00,10,field-and-entrance-resolved,,RMAP_190_51_0,RMAP_001_5_0
F195_015_00,DEBUG_GOTO_FIELD,5327,F003_002_01,50,field-and-entrance-resolved,,RMAP_190_51_0,RMAP_009_2_0
F195_015_00,DEBUG_GOTO_FIELD,5331,F003_002_01,50,field-and-entrance-resolved,,RMAP_190_51_0,RMAP_009_2_0
F195_015_00,DEBUG_GOTO_FIELD,5335,F003_002_01,50,field-and-entrance-resolved,,RMAP_190_51_0,RMAP_009_2_0
F195_015_00,DEBUG_GOTO_FIELD,5339,F003_002_00,51,field-and-entrance-resolved,,RMAP_190_51_0,RMAP_009_2_0
F195_015_00,DEBUG_GOTO_FIELD,5343,F003_002_00,51,field-and-entrance-resolved,,RMAP_190_51_0,RMAP_009_2_0
F195_015_00,DEBUG_GOTO_FIELD,5347,F003_002_00,51,field-and-entrance-resolved,,RMAP_190_51_0,RMAP_009_2_0
F195_015_00,DEBUG_GOTO_FIELD,5351,F003_002_00,51,field-and-entrance-resolved,,RMAP_190_51_0,RMAP_009_2_0
F195_015_00,goto_meme_back,6706,F190_001_00,1,field-and-entrance-resolved,"0,1,2,3",RMAP_190_51_0,RMAP_190_1_0
F195_021_00,QUEST_EXIT_OK_MES_SET,1133,F190_001_00,1,field-and-entrance-resolved,,,RMAP_190_1_0
